episode_global,stage,map_name,evacuation_rate,all_evacuated,mean_evac_time,steps,mean_emotion_final,emotion_variance,mean_speed_ratio,total_reward,epsilon
1,1,mall_small,0.25,0,88.0,300,0.0,0.0,1.0,-4500.46,1.0
2,1,mall_small,0.0,0,300,300,0.0,0.0,1.0,-5573.28,0.9986
3,1,mall_small,0.0,0,300,300,0.0,0.0,1.0,-5654.22,0.9899
4,1,mall_small,0.0,0,300,300,0.0,0.0,1.0,-5507.65,0.9811
5,1,mall_small,0.25,0,68.0,300,0.0,0.0,1.0,-4315.35,0.974
6,1,mall_small,0.0,0,300,300,0.0,0.0,1.0,-5547.25,0.9652
7,1,mall_small,0.25,0,159.0,300,0.0,0.0,1.0,-4914.68,0.9575
8,1,mall_small,0.5,0,171.5,300,0.0,0.0,1.0,-4167.6,0.9506
9,1,mall_small,0.0,0,300,300,0.0,0.0,1.0,-5622.25,0.9419
10,1,mall_small,0.0,0,300,300,0.0,0.0,1.0,-5600.53,0.9331
11,1,mall_small,0.25,0,168.0,300,0.0,0.0,1.0,-4821.56,0.9253
12,1,mall_small,0.0,0,300,300,0.0,0.0,1.0,-5690.9,0.9165
13,1,mall_small,0.0,0,300,300,0.0,0.0,1.0,-5542.19,0.9077
14,1,mall_small,0.0,0,300,300,0.0,0.0,1.0,-5595.96,0.899
15,1,mall_small,0.25,0,95.0,300,0.0,0.0,1.0,-4360.44,0.8917
16,1,mall_small,0.0,0,300,300,0.0,0.0,1.0,-5500.25,0.8829
17,1,mall_small,0.25,0,149.0,300,0.0,0.0,1.0,-4655.66,0.8753
18,1,mall_small,0.25,0,274.0,300,0.0,0.0,1.0,-5192.01,0.8667
19,1,mall_small,0.25,0,106.0,300,0.0,0.0,1.0,-4538.42,0.8593
20,1,mall_small,0.25,0,38.0,300,0.0,0.0,1.0,-4169.18,0.8525
21,1,mall_small,0.25,0,115.0,300,0.0,0.0,1.0,-4500.78,0.845
22,1,mall_small,0.25,0,172.0,300,0.0,0.0,1.0,-4730.91,0.8372
23,1,mall_small,0.25,0,45.0,300,0.0,0.0,1.0,-4162.93,0.8303
24,1,mall_small,0.25,0,290.0,300,0.0,0.0,1.0,-5233.11,0.8216
25,1,mall_small,0.25,0,173.0,300,0.0,0.0,1.0,-4789.99,0.8138
26,1,mall_small,0.25,0,65.0,300,0.0,0.0,1.0,-4238.48,0.8067
27,1,mall_small,0.25,0,217.0,300,0.0,0.0,1.0,-5002.37,0.7986
28,1,mall_small,0.25,0,79.0,300,0.0,0.0,1.0,-4339.25,0.7914
29,1,mall_small,0.25,0,116.0,300,0.0,0.0,1.0,-4494.9,0.784
30,1,mall_small,0.25,0,217.0,300,0.0,0.0,1.0,-5031.24,0.7758
31,1,mall_small,0.5,0,99.0,300,0.0,0.0,1.0,-3310.33,0.77
32,1,mall_small,0.5,0,223.0,300,0.0,0.0,1.0,-4478.69,0.7624
33,1,mall_small,0.5,0,80.0,300,0.0,0.0,1.0,-3119.52,0.7568
34,1,mall_small,0.5,0,128.0,300,0.0,0.0,1.0,-3578.43,0.7505
35,1,mall_small,0.75,0,204.33,300,0.0,0.0,1.0,-3633.39,0.7439
36,1,mall_small,0.75,0,129.33,300,0.0,0.0,1.0,-2532.25,0.7389
37,1,mall_small,0.75,0,235.0,300,0.0,0.0,1.0,-4025.92,0.7315
38,1,mall_small,0.5,0,152.0,300,0.0,0.0,1.0,-3847.85,0.7249
39,1,mall_small,0.75,0,69.0,300,0.0,0.0,1.0,-1924.04,0.7212
40,1,mall_small,0.75,0,177.33,300,0.0,0.0,1.0,-3324.0,0.7151
41,1,mall_small,0.75,0,170.67,300,0.0,0.0,1.0,-3192.14,0.7092
42,1,mall_small,0.75,0,236.33,300,0.0,0.0,1.0,-4083.64,0.7018
43,1,mall_small,0.5,0,105.0,300,0.0,0.0,1.0,-3348.69,0.6959
44,1,mall_small,0.75,0,117.0,300,0.0,0.0,1.0,-2586.97,0.6911
45,1,mall_small,0.75,0,109.33,300,0.0,0.0,1.0,-2408.91,0.6865
46,1,mall_small,0.75,0,100.67,300,0.0,0.0,1.0,-2263.33,0.6821
47,1,mall_small,0.75,0,118.33,300,0.0,0.0,1.0,-2548.81,0.6774
48,1,mall_small,0.75,0,206.67,300,0.0,0.0,1.0,-3702.43,0.6706
49,1,mall_small,0.75,0,204.33,300,0.0,0.0,1.0,-3561.87,0.664
50,1,mall_small,0.75,0,82.0,300,0.0,0.0,1.0,-1975.17,0.66
51,1,mall_small,0.75,0,186.67,300,0.0,0.0,1.0,-3302.07,0.6537
52,1,mall_small,1.0,1,147.5,280,0.0,0.0,1.0,-1931.39,0.6494
53,1,mall_small,0.75,0,47.67,300,0.0,0.0,1.0,-1660.87,0.6461
54,1,mall_small,0.75,0,163.0,300,0.0,0.0,1.0,-3113.91,0.6404
55,1,mall_small,0.75,0,96.67,300,0.0,0.0,1.0,-2271.08,0.636
56,1,mall_small,0.75,0,98.67,300,0.0,0.0,1.0,-2331.6,0.6317
57,1,mall_small,0.75,0,103.0,300,0.0,0.0,1.0,-2253.21,0.6272
58,1,mall_small,1.0,1,120.0,209,0.0,0.0,1.0,-1537.32,0.6237
59,1,mall_small,0.5,0,129.5,300,0.0,0.0,1.0,-3449.81,0.6175
60,1,mall_small,1.0,1,159.75,287,0.0,0.0,1.0,-2327.38,0.6128
61,1,mall_small,0.75,0,164.0,300,0.0,0.0,1.0,-3056.4,0.607
62,1,mall_small,0.75,0,85.33,300,0.0,0.0,1.0,-2133.0,0.6029
63,1,mall_small,0.5,0,70.5,300,0.0,0.0,1.0,-3039.16,0.5975
64,1,mall_small,0.75,0,113.0,300,0.0,0.0,1.0,-2341.88,0.5928
65,1,mall_small,1.0,1,129.75,275,0.0,0.0,1.0,-1697.73,0.5891
66,1,mall_small,0.75,0,123.67,300,0.0,0.0,1.0,-2483.63,0.5842
67,1,mall_small,0.75,0,57.33,300,0.0,0.0,1.0,-1757.8,0.5807
68,1,mall_small,0.75,0,83.0,300,0.0,0.0,1.0,-2057.2,0.5767
69,1,mall_small,0.5,0,87.5,300,0.0,0.0,1.0,-3110.53,0.571
70,1,mall_small,1.0,1,130.0,270,0.0,0.0,1.0,-1693.29,0.5672
71,1,mall_small,1.0,1,91.75,201,0.0,0.0,1.0,-1067.24,0.5645
72,1,mall_small,0.75,0,111.33,300,0.0,0.0,1.0,-2352.93,0.5599
73,1,mall_small,0.75,0,70.67,300,0.0,0.0,1.0,-1865.91,0.5562
74,1,mall_small,1.0,1,174.0,289,0.0,0.0,1.0,-2346.35,0.5511
75,1,mall_small,0.5,0,92.0,300,0.0,0.0,1.0,-3165.09,0.5454
76,1,mall_small,0.75,0,143.0,300,0.0,0.0,1.0,-2800.28,0.54
77,1,mall_small,0.75,0,93.67,300,0.0,0.0,1.0,-2339.22,0.5358
78,1,mall_small,1.0,1,147.0,250,0.0,0.0,1.0,-1964.05,0.5315
79,1,mall_small,0.75,0,67.0,300,0.0,0.0,1.0,-1732.99,0.5278
80,1,mall_small,0.5,0,98.5,300,0.0,0.0,1.0,-3186.8,0.522
81,1,mall_small,0.75,0,178.33,300,0.0,0.0,1.0,-3141.63,0.5159
82,1,mall_small,1.0,1,157.75,258,0.0,0.0,1.0,-2181.22,0.5113
83,1,mall_small,1.0,1,70.25,97,0.0,0.0,1.0,-620.02,0.5092
84,1,mall_small,0.75,0,48.0,300,0.0,0.0,1.0,-1620.88,0.506
85,1,mall_small,1.0,1,191.75,296,0.0,0.0,1.0,-2729.93,0.5004
86,1,mall_small,1.0,1,129.75,249,0.0,0.0,1.0,-1643.21,0.4966
87,1,mall_small,0.75,0,133.67,300,0.0,0.0,1.0,-2634.69,0.4915
88,1,mall_small,0.75,0,133.0,300,0.0,0.0,1.0,-2530.16,0.4864
89,1,mall_small,1.0,1,108.25,259,0.0,0.0,1.0,-1411.72,0.4832
90,1,mall_small,1.0,1,147.0,210,0.0,0.0,1.0,-2024.34,0.4789
91,1,mall_small,0.5,0,62.5,300,0.0,0.0,1.0,-2930.35,0.4736
92,1,mall_small,1.0,1,133.25,289,0.0,0.0,1.0,-1747.01,0.4697
93,1,mall_small,1.0,1,86.0,126,0.0,0.0,1.0,-929.98,0.4672
94,1,mall_small,1.0,1,90.25,147,0.0,0.0,1.0,-933.63,0.4646
95,1,mall_small,1.0,1,123.25,203,0.0,0.0,1.0,-1564.23,0.461
96,1,mall_small,1.0,1,93.25,223,0.0,0.0,1.0,-1068.5,0.4582
97,1,mall_small,0.75,0,125.67,300,0.0,0.0,1.0,-2474.93,0.4533
98,1,mall_small,1.0,1,71.75,127,0.0,0.0,1.0,-693.41,0.4512
99,1,mall_small,1.0,1,118.5,225,0.0,0.0,1.0,-1481.8,0.4477
100,1,mall_small,1.0,1,112.75,190,0.0,0.0,1.0,-1294.94,0.4444
101,1,mall_small,1.0,1,94.5,150,0.0,0.0,1.0,-1109.04,0.4417
102,1,mall_small,0.75,0,230.67,300,0.0,0.0,1.0,-4004.31,0.4344
103,1,mall_small,1.0,1,111.5,173,0.0,0.0,1.0,-1311.64,0.4312
104,1,mall_small,1.0,1,141.0,199,0.0,0.0,1.0,-1857.64,0.427
105,1,mall_small,1.0,1,126.0,219,0.0,0.0,1.0,-1552.75,0.4234
106,1,mall_small,1.0,1,91.0,201,0.0,0.0,1.0,-923.96,0.4207
107,2,school_small,0.25,0,273.0,300,0.0,0.0,1.0,-5397.15,0.9938
108,2,school_small,0.25,0,64.0,300,0.0,0.0,1.0,-4495.44,0.9887
109,2,school_small,0.0,0,300,300,0.0,0.0,1.0,-5596.41,0.9824
110,2,school_small,0.0,0,300,300,0.0,0.0,1.0,-5699.13,0.9761
111,2,school_small,0.0,0,300,300,0.0,0.0,1.0,-5690.21,0.9697
112,2,school_small,0.0,0,300,300,0.0,0.0,1.0,-5674.26,0.9634
113,2,school_small,0.25,0,61.0,300,0.0,0.0,1.0,-4382.92,0.9583
114,2,school_small,0.0,0,300,300,0.0,0.0,1.0,-5628.0,0.952
115,2,school_small,0.0,0,300,300,0.0,0.0,1.0,-5678.27,0.9457
116,2,school_small,0.0,0,300,300,0.0,0.0,1.0,-5618.5,0.9393
117,2,school_small,0.25,0,32.0,300,0.0,0.0,1.0,-4348.71,0.9344
118,2,school_small,0.0,0,300,300,0.0,0.0,1.0,-5768.37,0.9281
119,2,school_small,0.0,0,300,300,0.0,0.0,1.0,-5779.68,0.9217
120,2,school_small,0.25,0,16.0,300,0.0,0.0,1.0,-4211.09,0.9169
121,2,school_small,0.0,0,300,300,0.0,0.0,1.0,-5689.52,0.9106
122,2,school_small,0.0,0,300,300,0.0,0.0,1.0,-5720.08,0.9042
123,2,school_small,0.0,0,300,300,0.0,0.0,1.0,-5588.78,0.8979
124,2,school_small,0.0,0,300,300,0.0,0.0,1.0,-5678.25,0.8916
125,2,school_small,0.25,0,61.0,300,0.0,0.0,1.0,-4450.37,0.8865
126,2,school_small,0.0,0,300,300,0.0,0.0,1.0,-5649.42,0.8802
127,2,school_small,0.0,0,300,300,0.0,0.0,1.0,-5782.87,0.8738
128,2,school_small,0.0,0,300,300,0.0,0.0,1.0,-5687.78,0.8675
129,2,school_small,0.25,0,78.0,300,0.0,0.0,1.0,-4397.1,0.8623
130,2,school_small,0.0,0,300,300,0.0,0.0,1.0,-5641.13,0.856
131,2,school_small,0.0,0,300,300,0.0,0.0,1.0,-5619.42,0.8497
132,2,school_small,0.0,0,300,300,0.0,0.0,1.0,-5607.16,0.8433
133,2,school_small,0.25,0,56.0,300,0.0,0.0,1.0,-4334.81,0.8383
134,2,school_small,0.0,0,300,300,0.0,0.0,1.0,-5695.19,0.832
135,2,school_small,0.0,0,300,300,0.0,0.0,1.0,-5610.91,0.8256
136,2,school_small,0.0,0,300,300,0.0,0.0,1.0,-5710.72,0.8193
137,2,school_small,0.0,0,300,300,0.0,0.0,1.0,-5641.43,0.813
138,2,school_small,0.0,0,300,300,0.0,0.0,1.0,-5744.01,0.8066
139,2,school_small,0.0,0,300,300,0.0,0.0,1.0,-5524.91,0.8003
140,2,school_small,0.0,0,300,300,0.0,0.0,1.0,-5665.65,0.794
141,2,school_small,0.0,0,300,300,0.0,0.0,1.0,-5592.62,0.7876
142,2,school_small,0.0,0,300,300,0.0,0.0,1.0,-5570.8,0.7813
143,2,school_small,0.25,0,249.0,300,0.0,0.0,1.0,-5024.05,0.7752
144,2,school_small,0.25,0,230.0,300,0.0,0.0,1.0,-4946.01,0.7693
145,2,school_small,0.25,0,23.0,300,0.0,0.0,1.0,-4271.57,0.7644
146,2,school_small,0.0,0,300,300,0.0,0.0,1.0,-5443.88,0.7581
147,2,school_small,0.25,0,105.0,300,0.0,0.0,1.0,-4596.69,0.7527
148,2,school_small,0.0,0,300,300,0.0,0.0,1.0,-5624.1,0.7464
149,2,school_small,0.25,0,23.0,300,0.0,0.0,1.0,-3943.65,0.7416
150,2,school_small,0.0,0,300,300,0.0,0.0,1.0,-5700.52,0.7352
151,2,school_small,0.25,0,69.0,300,0.0,0.0,1.0,-4483.14,0.7301
152,2,school_small,0.25,0,109.0,300,0.0,0.0,1.0,-4504.67,0.7248
153,2,school_small,0.5,0,162.0,300,0.0,0.0,1.0,-3939.74,0.7199
154,2,school_small,0.25,0,21.0,300,0.0,0.0,1.0,-4248.16,0.715
155,2,school_small,0.25,0,101.0,300,0.0,0.0,1.0,-4562.21,0.7098
156,2,school_small,0.5,0,99.0,300,0.0,0.0,1.0,-3357.7,0.7055
157,2,school_small,0.25,0,289.0,300,0.0,0.0,1.0,-5437.85,0.6993
158,2,school_small,0.5,0,231.0,300,0.0,0.0,1.0,-4801.09,0.6937
159,2,school_small,0.5,0,94.0,300,0.0,0.0,1.0,-3397.26,0.6895
160,2,school_small,0.25,0,132.0,300,0.0,0.0,1.0,-4787.69,0.6841
161,2,school_small,0.25,0,38.0,300,0.0,0.0,1.0,-4207.4,0.6791
162,2,school_small,0.25,0,189.0,300,0.0,0.0,1.0,-4951.79,0.6734
163,2,school_small,0.0,0,300,300,0.0,0.0,1.0,-5634.83,0.667
164,2,school_small,0.5,0,160.5,300,0.0,0.0,1.0,-4147.42,0.6622
165,2,school_small,0.25,0,68.0,300,0.0,0.0,1.0,-4332.62,0.6571
166,2,school_small,0.0,0,300,300,0.0,0.0,1.0,-5657.87,0.6507
167,2,school_small,0.25,0,24.0,300,0.0,0.0,1.0,-4205.04,0.6458
168,2,school_small,0.5,0,182.5,300,0.0,0.0,1.0,-4086.31,0.6408
169,2,school_small,0.75,0,65.0,300,0.0,0.0,1.0,-1910.02,0.6381
170,2,school_small,0.5,0,153.0,300,0.0,0.0,1.0,-3868.0,0.6334
171,2,school_small,0.25,0,26.0,300,0.0,0.0,1.0,-4116.21,0.6285
172,2,school_small,0.5,0,220.5,300,0.0,0.0,1.0,-4497.69,0.623
173,2,school_small,0.75,0,143.33,300,0.0,0.0,1.0,-2732.11,0.6191
174,2,school_small,0.25,0,104.0,300,0.0,0.0,1.0,-4390.73,0.6138
175,2,school_small,0.0,0,300,300,0.0,0.0,1.0,-5595.7,0.6075
176,2,school_small,0.75,0,149.0,300,0.0,0.0,1.0,-2896.56,0.6036
177,2,school_small,0.75,0,145.67,300,0.0,0.0,1.0,-2904.22,0.5997
178,2,school_small,0.5,0,183.0,300,0.0,0.0,1.0,-4126.31,0.5946
179,2,school_small,0.5,0,47.5,300,0.0,0.0,1.0,-2950.74,0.5909
180,2,school_small,0.0,0,300,300,0.0,0.0,1.0,-5653.62,0.5846
181,2,school_small,1.0,1,104.5,240,0.0,0.0,1.0,-1209.4,0.5824
182,2,school_small,0.25,0,74.0,300,0.0,0.0,1.0,-4393.15,0.5772
183,2,school_small,0.5,0,75.0,300,0.0,0.0,1.0,-3189.96,0.5733
184,2,school_small,0.25,0,13.0,300,0.0,0.0,1.0,-4120.14,0.5684
185,2,school_small,0.75,0,151.33,300,0.0,0.0,1.0,-2763.71,0.5645
186,2,school_small,0.5,0,205.0,300,0.0,0.0,1.0,-4088.64,0.5591
187,2,school_small,0.5,0,183.0,300,0.0,0.0,1.0,-4127.67,0.554
188,2,school_small,0.5,0,167.0,300,0.0,0.0,1.0,-3959.78,0.5491
189,2,school_small,0.5,0,223.5,300,0.0,0.0,1.0,-4375.88,0.5436
190,2,school_small,0.5,0,135.0,300,0.0,0.0,1.0,-3560.96,0.539
191,2,school_small,0.5,0,87.5,300,0.0,0.0,1.0,-3325.88,0.5349
192,2,school_small,0.75,0,173.0,300,0.0,0.0,1.0,-3134.48,0.5306
193,2,school_small,0.25,0,184.0,300,0.0,0.0,1.0,-4751.73,0.5249
194,2,school_small,0.75,0,139.67,300,0.0,0.0,1.0,-2635.9,0.5211
195,2,school_small,0.75,0,145.33,300,0.0,0.0,1.0,-2857.11,0.5172
196,2,school_small,0.5,0,137.5,300,0.0,0.0,1.0,-3308.91,0.5125
197,2,school_small,0.75,0,121.67,300,0.0,0.0,1.0,-2499.67,0.509
198,2,school_small,0.75,0,138.67,300,0.0,0.0,1.0,-2629.46,0.5053
199,2,school_small,1.0,1,151.0,242,0.0,0.0,1.0,-1784.78,0.5021
200,2,school_small,0.75,0,133.0,300,0.0,0.0,1.0,-2632.47,0.4984
201,2,school_small,0.25,0,196.0,300,0.0,0.0,1.0,-4569.74,0.4926
202,2,school_small,0.5,0,141.5,300,0.0,0.0,1.0,-3380.26,0.4879
203,2,school_small,1.0,1,127.5,227,0.0,0.0,1.0,-1339.69,0.4852
204,2,school_small,1.0,1,132.75,212,0.0,0.0,1.0,-1468.54,0.4824
205,2,school_small,0.75,0,99.67,300,0.0,0.0,1.0,-2135.27,0.4793
206,2,school_small,0.5,0,196.0,300,0.0,0.0,1.0,-4150.67,0.4741
207,2,school_small,1.0,1,120.25,269,0.0,0.0,1.0,-1388.45,0.4715
208,2,school_small,0.75,0,149.33,300,0.0,0.0,1.0,-2735.84,0.4676
209,2,school_small,0.75,0,49.0,300,0.0,0.0,1.0,-1673.0,0.4652
210,2,school_small,0.75,0,172.0,300,0.0,0.0,1.0,-2897.94,0.4609
211,2,school_small,1.0,1,108.75,203,0.0,0.0,1.0,-1137.04,0.4586
212,2,school_small,1.0,1,157.5,214,0.0,0.0,1.0,-1877.1,0.4553
213,2,school_small,1.0,1,172.75,274,0.0,0.0,1.0,-2372.43,0.4516
214,2,school_small,1.0,1,143.25,224,0.0,0.0,1.0,-1621.12,0.4486
215,2,school_small,0.5,0,126.5,300,0.0,0.0,1.0,-3380.06,0.4441
216,2,school_small,1.0,1,72.75,143,0.0,0.0,1.0,-655.4,0.4426
217,2,school_small,1.0,1,105.5,161,0.0,0.0,1.0,-969.92,0.4403
218,2,school_small,1.0,1,85.5,166,0.0,0.0,1.0,-749.7,0.4385
219,2,school_small,1.0,1,117.75,205,0.0,0.0,1.0,-1313.82,0.4361
220,2,school_small,1.0,1,160.0,252,0.0,0.0,1.0,-1966.67,0.4327
221,2,school_small,0.75,0,98.67,300,0.0,0.0,1.0,-2235.4,0.4295
222,2,school_small,0.75,0,138.0,300,0.0,0.0,1.0,-2532.73,0.4258
223,2,school_small,1.0,1,152.0,238,0.0,0.0,1.0,-1846.42,0.4225
224,2,school_small,0.75,0,118.33,300,0.0,0.0,1.0,-2361.2,0.4191
225,2,school_small,1.0,1,84.25,187,0.0,0.0,1.0,-886.23,0.4173
226,2,school_small,1.0,1,78.75,164,0.0,0.0,1.0,-678.28,0.4156
227,2,school_small,1.0,1,68.25,168,0.0,0.0,1.0,-563.03,0.4142
228,2,school_small,1.0,1,82.0,169,0.0,0.0,1.0,-829.83,0.4125
229,2,school_small,1.0,1,83.25,210,0.0,0.0,1.0,-820.94,0.4107
230,2,school_small,0.75,0,123.67,300,0.0,0.0,1.0,-2408.99,0.4072
231,2,school_small,0.75,0,138.0,300,0.0,0.0,1.0,-2537.79,0.4034
232,2,school_small,0.75,0,62.0,300,0.0,0.0,1.0,-1746.92,0.4008
233,2,school_small,1.0,1,166.5,252,0.0,0.0,1.0,-2078.25,0.3973
234,2,school_small,1.0,1,85.25,178,0.0,0.0,1.0,-726.13,0.3955
235,2,school_small,1.0,1,123.25,213,0.0,0.0,1.0,-1364.52,0.3929
236,2,school_small,1.0,1,111.0,138,0.0,0.0,1.0,-1243.49,0.3906
237,3,office_wing_small,0.0,0,300,300,0.035,0.0037,1.0073,-5732.85,0.9937
238,3,office_wing_small,0.0,0,300,300,0.25,0.1875,1.075,-5949.76,0.9873
239,3,office_wing_small,0.0,0,300,300,0.25,0.1875,1.075,-5929.86,0.981
240,3,office_wing_small,0.0,0,300,300,0.0,0.0,1.0,-5791.53,0.9747
241,3,office_wing_small,0.25,0,246.0,300,0.25,0.1875,1.075,-5576.96,0.9686
242,3,office_wing_small,0.25,0,83.0,300,0.0,0.0,1.0,-4478.89,0.9634
243,3,office_wing_small,0.0,0,300,300,0.0,0.0,1.0,-5721.62,0.9571
244,3,office_wing_small,0.0,0,300,300,0.22,0.1452,1.0749,-5606.47,0.9508
245,3,office_wing_small,0.0,0,300,300,0.0,0.0,1.0,-5691.57,0.9444
246,3,office_wing_small,0.0,0,300,300,0.18,0.0972,1.075,-6172.65,0.9381
247,3,office_wing_small,0.0,0,300,300,0.0,0.0,1.0,-5672.8,0.9318
248,3,office_wing_small,0.0,0,300,300,0.25,0.1875,1.075,-6046.69,0.9254
249,3,office_wing_small,0.25,0,16.0,300,0.25,0.1875,1.075,-4254.91,0.9206
250,3,office_wing_small,0.0,0,300,300,0.0,0.0,1.0,-5671.76,0.9143
251,3,office_wing_small,0.5,0,157.5,300,0.0,0.0,1.0,-4026.0,0.9094
252,3,office_wing_small,0.25,0,22.0,300,0.25,0.1875,1.075,-4349.74,0.9046
253,3,office_wing_small,0.25,0,19.0,300,0.25,0.1875,1.075,-4431.14,0.8997
254,3,office_wing_small,0.25,0,252.0,300,0.25,0.1875,1.075,-5261.87,0.8936
255,3,office_wing_small,0.0,0,300,300,0.0,0.0,1.0,-5602.59,0.8873
256,3,office_wing_small,0.25,0,209.0,300,0.25,0.1875,1.075,-5301.81,0.8815
257,3,office_wing_small,0.5,0,150.5,300,0.0,0.0,1.0,-3945.92,0.8767
258,3,office_wing_small,0.0,0,300,300,0.0,0.0,1.0,-5771.89,0.8704
259,3,office_wing_small,0.5,0,157.5,300,0.0,0.0,1.0,-3872.55,0.8655
260,3,office_wing_small,0.25,0,147.0,300,0.25,0.1875,1.075,-5232.12,0.86
261,3,office_wing_small,0.5,0,176.0,300,0.0,0.0,1.0,-4226.01,0.855
262,3,office_wing_small,0.0,0,300,300,0.0,0.0,1.0,-5597.39,0.8487
263,3,office_wing_small,0.0,0,300,300,0.3779,0.1726,1.1211,-5742.4,0.8423
264,3,office_wing_small,0.5,0,262.0,300,0.0,0.0,1.0,-4926.46,0.8364
265,3,office_wing_small,0.25,0,241.0,300,0.0,0.0,1.0,-5162.04,0.8304
266,3,office_wing_small,0.25,0,136.0,300,0.14,0.0588,1.0529,-4820.05,0.8249
267,3,office_wing_small,0.5,0,158.5,300,0.0,0.0,1.0,-3910.7,0.8201
268,3,office_wing_small,0.5,0,208.0,300,0.0,0.0,1.0,-4186.45,0.8147
269,3,office_wing_small,0.5,0,158.5,300,0.135,0.0547,1.0221,-4032.32,0.8099
270,3,office_wing_small,0.5,0,169.5,300,0.0,0.0,1.0,-4118.53,0.8049
271,3,office_wing_small,0.5,0,136.0,300,0.0,0.0,1.0,-3675.19,0.8003
272,3,office_wing_small,0.5,0,191.5,300,0.0,0.0,1.0,-4056.23,0.7951
273,3,office_wing_small,0.25,0,148.0,300,0.0,0.0,1.0,-4662.04,0.7896
274,3,office_wing_small,0.25,0,168.0,300,0.0,0.0,1.0,-4911.73,0.7839
275,3,office_wing_small,0.75,0,181.0,300,0.0,0.0,1.0,-3270.08,0.7795
276,3,office_wing_small,0.25,0,296.0,300,0.25,0.1875,1.0712,-5486.28,0.7732
277,3,office_wing_small,0.25,0,16.0,300,0.115,0.0397,1.0425,-4187.82,0.7683
278,3,office_wing_small,0.5,0,206.0,300,0.0,0.0,1.0,-4265.52,0.763
279,3,office_wing_small,0.5,0,196.0,300,0.0,0.0,1.0,-4221.95,0.7578
280,3,office_wing_small,0.5,0,224.5,300,0.0,0.0,1.0,-4310.08,0.7522
281,3,office_wing_small,0.75,0,161.67,300,0.0,0.0,1.0,-3196.91,0.7481
282,3,office_wing_small,0.75,0,107.0,300,0.0,0.0,1.0,-2439.28,0.7448
283,3,office_wing_small,0.5,0,145.5,300,0.0,0.0,1.0,-3676.32,0.7401
284,3,office_wing_small,0.75,0,136.33,300,0.0,0.0,1.0004,-2734.06,0.7364
285,3,office_wing_small,0.5,0,272.0,300,0.25,0.1875,1.075,-5288.77,0.7303
286,3,office_wing_small,0.5,0,61.5,300,0.0,0.0,1.0,-2882.16,0.7265
287,3,office_wing_small,0.5,0,159.5,300,0.0,0.0,1.0,-3709.4,0.7217
288,3,office_wing_small,0.5,0,161.5,300,0.0,0.0,1.0,-3853.25,0.7168
289,3,office_wing_small,0.5,0,127.5,300,0.0,0.0,1.0,-3636.6,0.7123
290,3,office_wing_small,0.5,0,112.5,300,0.225,0.1519,1.075,-3351.08,0.7079
291,3,office_wing_small,0.75,0,153.67,300,0.0,0.0,1.0003,-2951.53,0.7039
292,3,office_wing_small,0.75,0,121.33,300,0.0,0.0,1.0,-2668.78,0.7004
293,3,office_wing_small,0.75,0,206.67,300,0.0,0.0,1.0,-3888.19,0.6956
294,3,office_wing_small,0.5,0,165.0,300,0.0,0.0,1.0,-3927.61,0.6906
295,3,office_wing_small,0.75,0,130.67,300,0.0,0.0,1.0,-2568.57,0.687
296,3,office_wing_small,0.75,0,194.0,300,0.0,0.0,1.0,-3502.21,0.6823
297,3,office_wing_small,0.5,0,216.5,300,0.0,0.0,1.0,-4345.56,0.6769
298,3,office_wing_small,0.5,0,147.5,300,0.195,0.1141,1.0448,-3513.93,0.6722
299,3,office_wing_small,0.5,0,195.0,300,0.0,0.0,1.0,-4118.22,0.6669
300,3,office_wing_small,0.5,0,104.0,300,0.25,0.1875,1.0751,-3432.54,0.6627
301,3,office_wing_small,0.75,0,156.67,300,0.0,0.0,1.0,-3031.39,0.6586
302,3,office_wing_small,0.75,0,164.0,300,0.0,0.0,1.0,-3142.37,0.6544
303,3,office_wing_small,0.75,0,111.67,300,0.0,0.0,1.0,-2324.58,0.6511
304,3,office_wing_small,0.25,0,14.0,300,0.04,0.0048,1.0125,-4091.73,0.6463
305,3,office_wing_small,1.0,1,186.0,280,0.0,0.0,1.0,-2800.64,0.6423
306,3,office_wing_small,1.0,1,123.25,293,0.0,0.0,1.0,-1672.72,0.6397
307,3,office_wing_small,0.75,0,133.67,300,0.0,0.0,1.0001,-2485.64,0.636
308,3,office_wing_small,1.0,1,130.0,267,0.0,0.0,1.0,-1706.56,0.6333
309,3,office_wing_small,0.75,0,86.33,300,0.0,0.0,1.0,-2210.08,0.6303
310,3,office_wing_small,0.75,0,79.33,300,0.0,0.0,1.0,-2169.47,0.6275
311,3,office_wing_small,1.0,1,146.25,236,0.0,0.0,1.0,-2014.39,0.6244
312,3,office_wing_small,0.75,0,201.67,300,0.0,0.0,1.0,-3627.28,0.6196
313,3,office_wing_small,1.0,1,181.0,257,0.0,0.0,1.0,-2457.34,0.6158
314,3,office_wing_small,0.75,0,141.0,300,0.0,0.0,1.0,-2591.49,0.612
315,3,office_wing_small,0.75,0,157.33,300,0.13,0.0507,1.0473,-2865.5,0.6079
316,3,office_wing_small,0.75,0,135.0,300,0.0,0.0,1.0,-2664.0,0.6042
317,3,office_wing_small,0.75,0,146.33,300,0.0,0.0,1.0004,-2975.84,0.6003
318,3,office_wing_small,1.0,1,141.25,213,0.0,0.0,1.0,-1850.92,0.5973
319,3,office_wing_small,0.75,0,207.33,300,0.0,0.0,1.0,-3411.54,0.5925
320,3,office_wing_small,0.75,0,152.33,300,0.0,0.0,1.0,-2985.91,0.5885
321,3,office_wing_small,1.0,1,169.5,272,0.0,0.0,1.0009,-2202.73,0.5849
322,3,office_wing_small,1.0,1,90.25,159,0.0,0.0,1.0,-1102.52,0.583
323,3,office_wing_small,0.75,0,171.67,300,0.021,0.0013,1.0006,-3292.33,0.5787
324,3,office_wing_small,1.0,1,173.5,241,0.0,0.0,1.0,-2445.56,0.575
325,3,office_wing_small,0.75,0,188.67,300,0.085,0.0217,1.0393,-3240.21,0.5704
326,3,office_wing_small,1.0,1,150.5,272,0.0,0.0,1.0,-1958.59,0.5673
327,3,office_wing_small,1.0,1,194.25,257,0.0,0.0,1.0,-2769.83,0.5631
328,3,office_wing_small,1.0,1,84.75,133,0.0,0.0,1.0,-936.25,0.5614
329,3,office_wing_small,1.0,1,120.5,194,0.0,0.0,1.0,-1672.59,0.5588
330,3,office_wing_small,1.0,1,136.75,242,0.0,0.0,1.0004,-1601.74,0.5559
331,3,office_wing_small,0.75,0,157.33,300,0.0267,0.0013,1.008,-2642.29,0.5519
332,3,office_wing_small,1.0,1,189.75,230,0.0,0.0,1.0003,-2710.0,0.5479
333,3,office_wing_small,1.0,1,195.5,229,0.0,0.0,1.0,-2850.15,0.5437
334,3,office_wing_small,0.75,0,177.67,300,0.0,0.0,1.0004,-3150.87,0.5393
335,3,office_wing_small,1.0,1,150.25,292,0.0,0.0,1.0,-2033.31,0.5362
336,3,office_wing_small,1.0,1,77.25,156,0.0,0.0,1.0007,-774.86,0.5345
337,3,office_wing_small,1.0,1,146.75,254,0.02,0.0012,1.0051,-1924.01,0.5314
338,3,office_wing_small,1.0,1,83.5,149,0.0,0.0,1.0,-856.54,0.5297
339,3,office_wing_small,1.0,1,124.75,265,0.0,0.0,1.0,-1606.48,0.527
340,4,library_small,0.0,0,300,300,0.0,0.0,1.0,-5621.76,0.9937
341,4,library_small,0.0,0,300,300,0.135,0.0547,1.0498,-6008.98,0.9873
342,4,library_small,0.25,0,295.0,300,0.125,0.0469,1.0454,-5695.7,0.981
343,4,library_small,0.0,0,300,300,0.0,0.0,1.0,-5786.04,0.9747
344,4,library_small,0.25,0,116.0,300,0.0,0.0,1.0,-4707.58,0.9693
345,4,library_small,0.0,0,300,300,0.0,0.0,1.0,-5467.82,0.963
346,4,library_small,0.0,0,300,300,0.25,0.1875,1.075,-5878.63,0.9567
347,4,library_small,0.0,0,300,300,0.0,0.0,1.0,-5559.37,0.9503
348,4,library_small,0.0,0,300,300,0.25,0.1875,1.075,-5642.05,0.944
349,4,library_small,0.0,0,300,300,0.25,0.1875,1.075,-5911.26,0.9377
350,4,library_small,0.0,0,300,300,0.0,0.0,1.0,-5521.9,0.9313
351,4,library_small,0.25,0,223.0,300,0.25,0.1875,1.0644,-5132.64,0.9254
352,4,library_small,0.0,0,300,300,0.25,0.1875,1.075,-5818.32,0.9191
353,4,library_small,0.25,0,233.0,300,0.0,0.0,1.0,-5111.48,0.9131
354,4,library_small,0.25,0,79.0,300,0.0,0.0,1.0,-4827.65,0.9079
355,4,library_small,0.0,0,300,300,0.0,0.0,1.0,-5701.99,0.9016
356,4,library_small,0.5,0,203.5,300,0.0,0.0,1.0,-4353.36,0.8963
357,4,library_small,0.0,0,300,300,0.0,0.0,1.0,-5461.51,0.8899
358,4,library_small,0.0,0,300,300,0.0,0.0,1.0,-5582.81,0.8836
359,4,library_small,0.25,0,111.0,300,0.0,0.0,1.0,-4787.8,0.8783
360,4,library_small,0.25,0,290.0,300,0.5,0.25,1.1497,-5524.63,0.872
361,4,library_small,0.25,0,148.0,300,0.0,0.0,1.0,-4782.12,0.8665
362,4,library_small,0.25,0,270.0,300,0.0,0.0,1.0,-5216.85,0.8603
363,4,library_small,0.5,0,49.0,300,0.0,0.0,1.0,-2895.17,0.8566
364,4,library_small,0.25,0,73.0,300,0.0,0.0,1.0,-4183.78,0.8515
365,4,library_small,0.0,0,300,300,0.0,0.0,1.0,-5494.96,0.8452
366,4,library_small,0.25,0,23.0,300,0.0,0.0,1.0,-4220.19,0.8403
367,4,library_small,0.0,0,300,300,0.0,0.0,1.0,-5505.75,0.8339
368,4,library_small,0.0,0,300,300,0.0,0.0,1.0,-5649.54,0.8276
369,4,library_small,0.25,0,228.0,300,0.0,0.0,1.0,-4954.84,0.8217
370,4,library_small,0.25,0,147.0,300,0.0,0.0,1.0,-4534.47,0.8161
371,4,library_small,0.5,0,203.5,300,0.0,0.0,1.0,-4262.84,0.8108
372,4,library_small,0.25,0,214.0,300,0.0,0.0,1.0,-5032.26,0.8049
373,4,library_small,0.25,0,205.0,300,0.25,0.1875,1.075,-4842.57,0.7991
374,4,library_small,0.25,0,293.0,300,0.0,0.0,1.0,-5233.78,0.7928
375,4,library_small,0.5,0,218.0,300,0.0,0.0,1.0,-4420.14,0.7873
376,4,library_small,0.25,0,186.0,300,0.0,0.0,1.0,-4521.16,0.7816
377,4,library_small,0.5,0,90.0,300,0.0,0.0,1.0,-3303.14,0.7775
378,4,library_small,0.25,0,57.0,300,0.0,0.0,1.0,-4399.24,0.7724
379,4,library_small,0.5,0,94.5,300,0.0,0.0,1.0,-3300.97,0.7683
380,4,library_small,0.25,0,240.0,300,0.0,0.0,1.0,-4907.78,0.7622
381,4,library_small,0.25,0,210.0,300,0.0,0.0,1.0,-4910.88,0.7564
382,4,library_small,0.0,0,300,300,0.0,0.0,1.0,-5182.92,0.7501
383,4,library_small,0.25,0,137.0,300,0.0,0.0,1.0,-4387.61,0.7446
384,4,library_small,0.75,0,203.0,300,0.0,0.0,1.0,-3431.25,0.7398
385,4,library_small,0.5,0,203.5,300,0.215,0.1387,1.075,-4340.29,0.7345
386,4,library_small,0.25,0,246.0,300,0.0,0.0,1.0,-4883.71,0.7284
387,4,library_small,0.5,0,195.0,300,0.0,0.0,1.0,-4177.48,0.7232
388,4,library_small,0.25,0,134.0,300,0.0,0.0,1.0,-4431.96,0.7177
389,4,library_small,0.5,0,148.0,300,0.0,0.0,1.0,-3585.56,0.713
390,4,library_small,0.75,0,181.67,300,0.0,0.0,1.0,-3228.38,0.7086
391,4,library_small,0.75,0,138.33,300,0.0,0.0,1.0,-2658.42,0.7048
392,4,library_small,0.5,0,175.0,300,0.0,0.0,1.0,-3650.29,0.6998
393,4,library_small,1.0,1,146.25,236,0.0,0.0,1.0,-1987.66,0.6967
394,4,library_small,0.5,0,199.5,300,0.0,0.0,1.0,-4040.16,0.6914
395,4,library_small,0.5,0,60.0,300,0.0,0.0,1.0,-2922.27,0.6876
396,4,library_small,0.75,0,98.0,300,0.25,0.1875,1.075,-2318.31,0.6845
397,4,library_small,0.25,0,265.0,300,0.0,0.0,1.0,-4903.83,0.6783
398,4,library_small,0.25,0,172.0,300,0.25,0.1875,1.0717,-4700.07,0.6727
399,4,library_small,0.75,0,111.0,300,0.25,0.1875,1.075,-2183.49,0.6693
400,4,library_small,0.5,0,142.0,300,0.0,0.0,1.0,-3716.3,0.6647
401,4,library_small,0.75,0,109.67,300,0.0,0.0,1.0,-2328.8,0.6613
402,4,library_small,0.75,0,114.0,300,0.0,0.0,1.0,-2384.68,0.658
403,4,library_small,0.5,0,258.0,300,0.0,0.0,1.0,-4638.26,0.6521
404,4,library_small,0.5,0,173.5,300,0.0,0.0,1.0,-3714.41,0.6471
405,4,library_small,0.75,0,135.0,300,0.0,0.0,1.0,-2674.21,0.6433
406,4,library_small,0.75,0,110.33,300,0.0,0.0,1.0,-2240.78,0.64
407,4,library_small,0.75,0,192.67,300,0.0,0.0,1.0,-3432.14,0.6354
408,4,library_small,0.75,0,173.67,300,0.0,0.0,1.0,-3113.22,0.631
409,4,library_small,0.75,0,180.0,300,0.0,0.0,1.0003,-3387.51,0.6266
410,4,library_small,0.5,0,115.5,300,0.0,0.0,1.0,-3240.88,0.6222
411,4,library_small,0.5,0,98.5,300,0.5,0.25,1.1347,-3253.35,0.618
412,4,library_small,0.5,0,222.0,300,0.21,0.1323,1.0738,-4580.38,0.6125
413,4,library_small,0.75,0,190.67,300,0.115,0.0397,1.0383,-3369.61,0.6079
414,4,library_small,0.75,0,97.0,300,0.0,0.0,1.0,-2226.41,0.6048
415,4,library_small,0.25,0,198.0,300,0.44,0.1968,1.15,-4883.93,0.599
416,4,library_small,0.75,0,177.0,300,0.16,0.0768,1.075,-3103.17,0.5946
417,4,library_small,0.5,0,99.5,300,0.2859,0.1521,1.075,-3294.53,0.5904
418,4,library_small,0.75,0,180.67,300,0.235,0.1657,1.0747,-3282.27,0.5859
419,4,library_small,0.25,0,162.0,300,0.3388,0.1205,1.113,-4663.9,0.5804
420,4,library_small,0.25,0,122.0,300,0.21,0.1323,1.075,-4365.06,0.5749
421,4,library_small,0.5,0,95.5,300,0.43,0.1947,1.1499,-3163.97,0.5708
422,4,library_small,0.25,0,49.0,300,0.125,0.0469,1.0445,-3951.88,0.5658
423,4,library_small,0.75,0,100.67,300,0.14,0.0588,1.0563,-2346.38,0.5626
424,4,library_small,0.75,0,42.67,300,0.095,0.0271,1.0376,-1493.93,0.5603
425,4,library_small,0.5,0,148.5,300,0.25,0.1875,1.0618,-3377.52,0.5556
426,4,library_small,0.5,0,63.5,300,0.115,0.0193,1.0388,-3010.97,0.5518
427,4,library_small,0.25,0,157.0,300,0.18,0.0342,1.0629,-4513.3,0.5462
428,4,library_small,0.5,0,224.0,300,0.25,0.1875,1.075,-4380.38,0.5406
429,4,library_small,1.0,1,180.25,259,0.0,0.0,1.0,-2481.53,0.5368
430,4,library_small,0.5,0,91.0,300,0.0,0.0,1.0,-2891.45,0.5327
431,4,library_small,0.25,0,265.0,300,0.0,0.0,1.0,-4964.0,0.5266
432,4,library_small,0.25,0,185.0,300,0.0,0.0,1.0,-4599.36,0.5208
433,4,library_small,0.5,0,208.5,300,0.0,0.0,1.0,-4002.23,0.5155
434,4,library_small,0.75,0,252.33,300,0.0,0.0,1.0,-3719.65,0.5099
435,4,library_small,0.5,0,184.5,300,0.0,0.0,1.0,-3597.03,0.5048
436,4,library_small,0.75,0,159.0,300,0.0,0.0,1.0,-3010.39,0.5007
437,4,library_small,0.75,0,174.33,300,0.0,0.0,1.0,-3242.46,0.4963
438,4,library_small,0.75,0,116.67,300,0.0,0.0,1.0,-2381.85,0.4929
439,4,library_small,1.0,1,59.25,119,0.0,0.0,1.0,-506.38,0.4917
440,4,library_small,0.75,0,185.67,300,0.0,0.0,1.0,-3278.87,0.4871
441,4,library_small,1.0,1,225.0,299,0.0,0.0,1.0,-3433.52,0.4824
442,4,library_small,0.75,0,156.33,300,0.075,0.0169,1.0383,-2705.08,0.4783
443,4,library_small,0.75,0,146.33,300,0.0,0.0,1.0,-2382.76,0.4744
444,4,library_small,1.0,1,178.25,248,0.0,0.0,1.0,-2254.4,0.4707
445,4,library_small,0.75,0,172.33,300,0.0,0.0,1.0,-3018.87,0.4664
446,4,library_small,1.0,1,109.25,286,0.0,0.0,1.0,-1391.16,0.4641
447,4,library_small,1.0,1,110.25,198,0.0,0.0,1.0005,-1181.76,0.4617
448,4,library_small,0.75,0,129.33,300,0.195,0.1141,1.075,-2344.21,0.4581
449,4,library_small,0.75,0,121.67,300,0.005,0.0001,1.0026,-2209.43,0.4546
450,4,library_small,0.75,0,81.67,300,0.0,0.0,1.0001,-1900.67,0.4517
451,4,library_small,0.75,0,122.67,300,0.24,0.1728,1.0747,-2325.04,0.4482
452,4,library_small,1.0,1,141.75,261,0.0,0.0,1.0008,-1793.36,0.4452
453,4,library_small,1.0,1,151.0,252,0.0,0.0,1.0,-1907.31,0.442
454,4,library_small,1.0,1,98.0,154,0.0,0.0,1.0,-954.61,0.4399
455,4,library_small,1.0,1,162.5,257,0.0,0.0,1.0,-2060.58,0.4365
456,4,library_small,1.0,1,118.0,203,0.0,0.0,1.0002,-1387.36,0.434
457,4,library_small,1.0,1,167.25,259,0.0,0.0,1.0,-2081.01,0.4305
458,4,library_small,0.5,0,154.0,300,0.0,0.0,1.0,-3374.19,0.4257
459,4,library_small,0.5,0,200.0,300,0.18,0.0972,1.0748,-3859.02,0.4204
460,4,library_small,1.0,1,103.75,176,0.0,0.0,1.0,-1138.31,0.4182
461,4,library_small,0.5,0,140.5,300,0.265,0.1807,1.0747,-3300.58,0.4136
462,4,library_small,1.0,1,80.0,136,0.0,0.0,1.0,-672.23,0.4119
463,4,library_small,1.0,1,178.25,281,0.0,0.0,1.0006,-2348.93,0.4081
464,4,library_small,1.0,1,96.5,205,0.0,0.0,1.0001,-1021.19,0.4061
465,4,library_small,0.5,0,105.5,300,0.04,0.0048,1.0002,-3126.79,0.4018
466,4,library_small,0.5,0,176.0,300,0.25,0.1875,1.0626,-3548.49,0.3968
467,4,library_small,0.5,0,97.0,300,0.0,0.0,1.0,-2961.29,0.3926
468,4,library_small,0.75,0,84.67,300,0.0,0.0,1.0007,-2015.31,0.3897
469,4,library_small,0.75,0,159.33,300,0.0,0.0,1.0001,-2769.1,0.3855
470,4,library_small,0.75,0,168.0,300,0.0,0.0,1.0,-2879.31,0.3813
471,4,library_small,0.75,0,105.67,300,0.0,0.0,1.0024,-2164.47,0.378
472,4,library_small,0.75,0,172.0,300,0.02,0.0006,1.0067,-2903.8,0.3737
473,4,library_small,0.5,0,44.0,300,0.0,0.0,1.0001,-2771.97,0.3701
474,4,library_small,0.75,0,150.67,300,0.0,0.0,1.0,-2828.24,0.3661
475,4,library_small,1.0,1,103.5,150,0.0,0.0,1.0017,-1041.16,0.364
476,4,library_small,1.0,1,131.5,253,0.0,0.0,1.0029,-1431.87,0.3612
477,4,library_small,1.0,1,105.5,166,0.0,0.0,1.0,-1064.92,0.359
478,4,library_small,1.0,1,164.75,275,0.0,0.0,1.0004,-1854.79,0.3555
479,4,library_small,0.75,0,153.67,300,0.0,0.0,1.0004,-2491.58,0.3515
480,4,library_small,1.0,1,82.25,126,0.0,0.0,1.0,-700.1,0.3497
481,4,library_small,1.0,1,130.75,256,0.0,0.0,1.0001,-1552.36,0.347
482,4,library_small,0.75,0,77.67,300,0.05,0.0075,1.0196,-1809.19,0.3441
483,4,library_small,0.75,0,46.33,300,0.015,0.0007,1.0041,-1183.24,0.3418
484,4,library_small,0.75,0,91.0,300,0.0,0.0,1.0002,-1789.58,0.3388
485,4,library_small,0.75,0,98.33,300,0.0,0.0,1.0,-2008.08,0.3357
486,4,library_small,0.75,0,49.67,300,0.0,0.0,1.0,-1434.04,0.3333
487,4,library_small,0.75,0,67.33,300,0.0,0.0,1.0005,-1656.05,0.3307
488,4,library_small,0.75,0,84.0,300,0.0,0.0,1.0,-1977.92,0.3277
489,4,library_small,0.75,0,110.33,300,0.0,0.0,1.0,-2028.48,0.3244
490,4,library_small,0.5,0,120.0,300,0.0,0.0,1.0,-3213.42,0.32
491,4,library_small,0.75,0,72.0,300,0.0,0.0,1.0,-1520.51,0.3172
492,4,library_small,1.0,1,93.5,125,0.0,0.0,1.0,-718.61,0.3153
493,4,library_small,0.75,0,30.33,300,0.0,0.0,1.0,-1309.55,0.3132
494,4,library_small,0.75,0,50.0,300,0.015,0.0007,1.0058,-1416.96,0.3108
495,4,library_small,0.75,0,74.0,300,0.01,0.0003,1.0033,-1732.27,0.3081
496,4,library_small,0.75,0,63.33,300,0.015,0.0007,1.0041,-1696.77,0.3055
497,4,library_small,0.75,0,96.0,300,0.0,0.0,1.0,-1947.02,0.3024
498,4,library_small,1.0,1,89.75,132,0.1038,0.0151,1.0465,-692.15,0.3005
499,4,library_small,0.5,0,170.5,300,0.0,0.0,1.0,-3349.76,0.2955
500,4,library_small,1.0,1,69.25,104,0.0,0.0,1.003,-488.57,0.2941
501,4,library_small,1.0,1,97.25,131,0.0,0.0,1.0,-815.95,0.292
502,4,library_small,1.0,1,102.5,135,0.0,0.0,1.0,-955.49,0.2898
503,4,library_small,1.0,1,98.0,132,0.025,0.0019,1.0064,-812.83,0.2878
504,4,library_small,0.5,0,36.5,300,0.065,0.0127,1.038,-2279.9,0.2842
505,4,library_small,1.0,1,130.75,279,0.09,0.0153,1.0424,-1384.35,0.2815
506,4,library_small,1.0,1,67.0,138,0.0,0.0,1.0017,-508.82,0.28
507,4,library_small,1.0,1,117.5,228,0.0,0.0,1.0016,-1251.66,0.2776
508,4,library_small,1.0,1,78.25,122,0.0732,0.0161,1.0383,-666.89,0.2759
509,4,library_small,1.0,1,83.75,124,0.0,0.0,1.0007,-674.32,0.2742
510,4,library_small,1.0,1,59.25,115,0.0,0.0,1.0001,-349.58,0.2729
511,4,library_small,1.0,1,87.25,148,0.0,0.0,1.0011,-820.76,0.2711
512,4,library_small,1.0,1,114.0,188,0.005,0.0001,1.0047,-961.67,0.2686
513,4,library_small,1.0,1,97.0,196,0.0,0.0,1.0,-798.52,0.2666
514,4,library_small,1.0,1,71.75,174,0.0,0.0,1.0013,-482.25,0.2651
515,4,library_small,1.0,1,57.5,109,0.0,0.0,1.0,-309.78,0.2639
516,4,library_small,1.0,1,111.5,218,0.0,0.0,1.0,-987.24,0.2615
517,4,library_small,1.0,1,138.5,277,0.03,0.0027,1.008,-1368.41,0.2586
518,4,library_small,1.0,1,67.75,96,0.0,0.0,1.0,-394.9,0.2572
519,4,library_small,1.0,1,101.0,155,0.03,0.0027,1.008,-843.88,0.255
520,5,mall_small_bottom,0.25,0,30.0,300,0.0,0.0,1.0,-4218.48,0.9951
521,5,mall_small_bottom,0.25,0,28.0,300,0.0,0.0,1.0,-4246.1,0.9902
522,5,mall_small_bottom,0.0,0,300,300,0.0,0.0,1.0,-5665.07,0.9839
523,5,mall_small_bottom,0.0,0,300,300,0.0,0.0,1.0,-5614.17,0.9775
524,5,mall_small_bottom,0.25,0,163.0,300,0.0,0.0,1.0,-4844.75,0.9719
525,5,mall_small_bottom,0.0,0,300,300,0.0,0.0,1.0,-5571.07,0.9656
526,5,mall_small_bottom,0.25,0,19.0,300,0.0,0.0,1.0,-4210.97,0.9607
527,5,mall_small_bottom,0.25,0,108.0,300,0.0,0.0,1.0,-4594.1,0.9554
528,5,mall_small_bottom,0.0,0,300,300,0.0,0.0,1.0,-5754.95,0.9491
529,5,mall_small_bottom,0.25,0,77.0,300,0.0,0.0,1.0,-4494.88,0.9439
530,5,mall_small_bottom,0.25,0,270.0,300,0.0,0.0,1.0,-5317.0,0.9378
531,5,mall_small_bottom,0.0,0,300,300,0.0,0.0,1.0,-5650.45,0.9314
532,5,mall_small_bottom,0.0,0,300,300,0.0,0.0,1.0,-5675.24,0.9251
533,5,mall_small_bottom,0.0,0,300,300,0.0,0.0,1.0,-5623.94,0.9188
534,5,mall_small_bottom,0.0,0,300,300,0.0,0.0,1.0,-5572.69,0.9124
535,5,mall_small_bottom,0.0,0,300,300,0.0,0.0,1.0,-5638.36,0.9061
536,5,mall_small_bottom,0.0,0,300,300,0.0,0.0,1.0,-5680.04,0.8998
537,5,mall_small_bottom,0.0,0,300,300,0.0,0.0,1.0,-5592.18,0.8934
538,5,mall_small_bottom,0.0,0,300,300,0.0,0.0,1.0,-5615.48,0.8871
539,5,mall_small_bottom,0.25,0,212.0,300,0.0,0.0,1.0,-5106.04,0.8812
540,5,mall_small_bottom,0.0,0,300,300,0.0,0.0,1.0,-5610.05,0.8749
541,5,mall_small_bottom,0.0,0,300,300,0.0,0.0,1.0,-5634.55,0.8686
542,5,mall_small_bottom,0.25,0,33.0,300,0.0,0.0,1.0,-4269.99,0.8636
543,5,mall_small_bottom,0.0,0,300,300,0.0,0.0,1.0,-5590.2,0.8573
544,5,mall_small_bottom,0.0,0,300,300,0.0,0.0,1.0,-5623.38,0.851
545,5,mall_small_bottom,0.25,0,34.0,300,0.0,0.0,1.0,-4261.73,0.846
546,5,mall_small_bottom,0.0,0,300,300,0.0,0.0,1.0,-5704.94,0.8397
547,5,mall_small_bottom,0.0,0,300,300,0.0,0.0,1.0,-5684.41,0.8334
548,5,mall_small_bottom,0.0,0,300,300,0.0,0.0,1.0,-5601.05,0.827
549,5,mall_small_bottom,0.5,0,174.0,300,0.0,0.0,1.0,-4175.74,0.822
550,5,mall_small_bottom,0.0,0,300,300,0.0,0.0,1.0,-5618.49,0.8157
551,5,mall_small_bottom,0.0,0,300,300,0.0,0.0,1.0,-5632.69,0.8094
552,5,mall_small_bottom,0.5,0,98.0,300,0.0,0.0,1.0,-3479.88,0.8052
553,5,mall_small_bottom,0.25,0,39.0,300,0.0,0.0,1.0,-4276.74,0.8002
554,5,mall_small_bottom,0.25,0,58.0,300,0.0,0.0,1.0,-4464.55,0.7952
555,5,mall_small_bottom,0.25,0,278.0,300,0.0,0.0,1.0,-5420.42,0.7889
556,5,mall_small_bottom,0.0,0,300,300,0.0,0.0,1.0,-5708.4,0.7826
557,5,mall_small_bottom,0.25,0,186.0,300,0.0,0.0,1.0,-5026.14,0.7769
558,5,mall_small_bottom,0.25,0,32.0,300,0.0,0.0,1.0,-4349.17,0.772
559,5,mall_small_bottom,0.75,0,188.67,300,0.0,0.0,1.0,-3603.34,0.7674
560,5,mall_small_bottom,0.25,0,219.0,300,0.0,0.0,1.0,-5141.51,0.7615
561,5,mall_small_bottom,0.0,0,300,300,0.0,0.0,1.0,-5658.18,0.7551
562,5,mall_small_bottom,0.25,0,122.0,300,0.0,0.0,1.0,-4766.07,0.7497
563,5,mall_small_bottom,0.25,0,131.0,300,0.0,0.0,1.0,-4745.03,0.7443
564,5,mall_small_bottom,0.25,0,28.0,300,0.0,0.0,1.0,-4251.14,0.7394
565,5,mall_small_bottom,0.25,0,90.0,300,0.0,0.0,1.0,-4554.51,0.7342
566,5,mall_small_bottom,0.25,0,178.0,300,0.0,0.0,1.0,-4903.03,0.7285
567,5,mall_small_bottom,0.5,0,144.0,300,0.0,0.0,1.0,-3956.47,0.7238
568,5,mall_small_bottom,0.0,0,300,300,0.0,0.0,1.0,-5693.7,0.7175
569,5,mall_small_bottom,0.25,0,60.0,300,0.0,0.0,1.0,-4408.06,0.7124
570,5,mall_small_bottom,0.25,0,127.0,300,0.0,0.0,1.0,-4687.46,0.707
571,5,mall_small_bottom,0.25,0,90.0,300,0.0,0.0,1.0,-4558.87,0.7018
572,5,mall_small_bottom,0.25,0,208.0,300,0.0,0.0,1.0,-5131.68,0.6959
573,5,mall_small_bottom,0.5,0,141.0,300,0.0,0.0,1.0,-3874.6,0.6913
574,5,mall_small_bottom,0.5,0,142.0,300,0.0,0.0,1.0,-3917.18,0.6866
575,5,mall_small_bottom,0.5,0,77.5,300,0.0,0.0,1.0,-3250.92,0.6826
576,5,mall_small_bottom,0.25,0,64.0,300,0.0,0.0,1.0,-4462.19,0.6775
577,5,mall_small_bottom,0.5,0,111.5,300,0.0,0.0,1.0,-3619.29,0.6732
578,5,mall_small_bottom,0.25,0,97.0,300,0.0,0.0,1.0,-4530.9,0.6679
579,5,mall_small_bottom,0.5,0,115.5,300,0.0,0.0,1.0,-3648.15,0.6635
580,5,mall_small_bottom,0.5,0,125.5,300,0.0,0.0,1.0,-3698.21,0.659
581,5,mall_small_bottom,0.25,0,57.0,300,0.0,0.0,1.0,-4437.75,0.654
582,5,mall_small_bottom,0.25,0,62.0,300,0.0,0.0,1.0,-4412.05,0.6489
583,5,mall_small_bottom,0.25,0,44.0,300,0.0,0.0,1.0,-4338.0,0.6439
584,5,mall_small_bottom,0.25,0,31.0,300,0.0,0.0,1.0,-4349.97,0.639
585,5,mall_small_bottom,0.5,0,131.5,300,0.0,0.0,1.0,-3856.27,0.6345
586,5,mall_small_bottom,0.5,0,44.5,300,0.0,0.0,1.0,-2874.93,0.6308
587,5,mall_small_bottom,0.25,0,22.0,300,0.0,0.0,1.0,-4113.1,0.626
588,5,mall_small_bottom,0.5,0,93.5,300,0.0,0.0,1.0,-3298.63,0.6218
589,5,mall_small_bottom,0.25,0,41.0,300,0.0,0.0,1.0,-4217.44,0.6168
590,5,mall_small_bottom,0.5,0,75.5,300,0.0,0.0,1.0,-3258.42,0.6129
591,5,mall_small_bottom,0.25,0,53.0,300,0.0,0.0,1.0,-4269.56,0.6078
592,5,mall_small_bottom,0.25,0,15.0,300,0.0,0.0,1.0,-4101.45,0.603
593,5,mall_small_bottom,0.5,0,32.0,300,0.0,0.0,1.0,-2800.72,0.5995
594,5,mall_small_bottom,0.5,0,69.0,300,0.0,0.0,1.0,-3129.41,0.5956
595,5,mall_small_bottom,0.5,0,105.5,300,0.0,0.0,1.0,-3412.0,0.5913
596,5,mall_small_bottom,0.5,0,47.0,300,0.0,0.0,1.0,-2978.74,0.5877
597,5,mall_small_bottom,0.25,0,50.0,300,0.0,0.0,1.0,-4237.0,0.5827
598,5,mall_small_bottom,0.5,0,51.5,300,0.0,0.0,1.0,-3021.09,0.5789
599,5,mall_small_bottom,0.25,0,60.0,300,0.0,0.0,1.0,-4282.79,0.5739
600,5,mall_small_bottom,0.25,0,37.0,300,0.0,0.0,1.0,-4187.47,0.5689
601,5,mall_small_bottom,0.25,0,235.0,300,0.0,0.0,1.0,-5002.31,0.5629
602,5,mall_small_bottom,0.5,0,39.5,300,0.0,0.0,1.0,-2847.38,0.5594
603,5,mall_small_bottom,0.5,0,85.5,300,0.0,0.0,1.0,-3225.71,0.5553
604,5,mall_small_bottom,0.75,0,63.67,300,0.0,0.0,1.0,-1861.01,0.5527
605,5,mall_small_bottom,0.5,0,48.5,300,0.0,0.0,1.0,-2940.34,0.549
606,5,mall_small_bottom,0.25,0,38.0,300,0.0,0.0,1.0,-4231.03,0.5441
607,5,mall_small_bottom,0.5,0,42.0,300,0.0,0.0,1.0,-2914.05,0.5405
608,5,mall_small_bottom,0.5,0,70.0,300,0.0,0.0,1.0,-3172.67,0.5365
609,5,mall_small_bottom,0.25,0,15.0,300,0.0,0.0,1.0,-4235.94,0.5317
610,5,mall_small_bottom,0.5,0,30.0,300,0.0,0.0,1.0,-2834.18,0.5283
611,5,mall_small_bottom,0.5,0,41.0,300,0.0,0.0,1.0,-2935.46,0.5246
612,5,mall_small_bottom,1.0,1,124.75,266,0.0,0.0,1.0,-1718.09,0.522
613,5,mall_small_bottom,0.5,0,28.5,300,0.0,0.0,1.0,-2851.09,0.5185
614,5,mall_small_bottom,0.25,0,127.0,300,0.0,0.0,1.0,-4690.75,0.5131
615,5,mall_small_bottom,0.75,0,75.67,300,0.0,0.0,1.0,-1995.02,0.5103
616,5,mall_small_bottom,0.75,0,45.0,300,0.0,0.0,1.0,-1616.58,0.508
617,5,mall_small_bottom,0.5,0,126.5,300,0.0,0.0,1.0,-3639.75,0.5036
618,5,mall_small_bottom,0.25,0,59.0,300,0.0,0.0,1.0,-4381.93,0.4985
619,5,mall_small_bottom,0.25,0,39.0,300,0.0,0.0,1.0,-4366.36,0.4935
620,5,mall_small_bottom,0.5,0,55.5,300,0.0,0.0,1.0,-3043.57,0.4898
621,5,mall_small_bottom,0.25,0,33.0,300,0.0,0.0,1.0,-4222.62,0.4848
622,5,mall_small_bottom,0.75,0,101.33,300,0.0,0.0,1.0,-2270.77,0.4817
623,5,mall_small_bottom,0.75,0,62.0,300,0.0,0.0,1.0,-1802.17,0.4791
624,5,mall_small_bottom,1.0,1,73.0,130,0.0,0.0,1.0,-764.16,0.4776
625,5,mall_small_bottom,0.5,0,108.5,300,0.0,0.0,1.0,-3388.54,0.4732
626,5,mall_small_bottom,0.25,0,40.0,300,0.0,0.0,1.0,-4333.38,0.4683
627,5,mall_small_bottom,0.5,0,76.0,300,0.0,0.0,1.0,-3201.19,0.4643
628,5,mall_small_bottom,1.0,1,102.5,165,0.0,0.0,1.0,-1233.85,0.4622
629,5,mall_small_bottom,0.75,0,74.33,300,0.0,0.0,1.0,-1952.7,0.4594
630,5,mall_small_bottom,0.5,0,67.0,300,0.0,0.0,1.0,-2859.52,0.4555
631,5,mall_small_bottom,1.0,1,74.5,180,0.0,0.0,1.0,-741.5,0.4539
632,5,mall_small_bottom,1.0,1,73.0,128,0.0,0.0,1.0,-795.86,0.4524
633,5,mall_small_bottom,1.0,1,48.75,94,0.0,0.0,1.0,-334.74,0.4514
634,5,mall_small_bottom,0.75,0,79.0,300,0.0,0.0,1.0,-1953.5,0.4485
635,5,mall_small_bottom,0.75,0,68.67,300,0.0,0.0,1.0,-1824.92,0.4459
636,5,mall_small_bottom,1.0,1,107.0,280,0.0,0.0,1.0,-1356.94,0.4436
637,5,mall_small_bottom,0.75,0,149.33,300,0.0,0.0,1.0,-2967.55,0.4397
638,5,mall_small_bottom,1.0,1,74.0,123,0.0,0.0,1.0,-722.87,0.4381
639,5,mall_small_bottom,1.0,1,92.5,189,0.0,0.0,1.0,-1112.0,0.4361
640,5,mall_small_bottom,0.75,0,131.0,300,0.0,0.0,1.0,-2658.05,0.4325
641,5,mall_small_bottom,0.75,0,86.67,300,0.0,0.0,1.0,-2125.51,0.4295
642,5,mall_small_bottom,0.75,0,105.33,300,0.0,0.0,1.0,-2296.19,0.4263
643,5,mall_small_bottom,1.0,1,73.5,119,0.0,0.0,1.0,-734.8,0.4247
644,5,mall_small_bottom,1.0,1,51.5,98,0.0,0.0,1.0,-370.95,0.4236
645,5,mall_small_bottom,1.0,1,68.5,132,0.0,0.0,1.0,-619.19,0.4222
646,5,mall_small_bottom,0.75,0,140.0,300,0.0,0.0,1.0,-2817.21,0.4184
647,5,mall_small_bottom,1.0,1,84.5,117,0.0,0.0,1.0,-981.01,0.4166
648,5,mall_small_bottom,1.0,1,109.5,246,0.0,0.0,1.0,-1392.07,0.4143
649,5,mall_small_bottom,1.0,1,74.5,136,0.0,0.0,1.0,-737.09,0.4127
650,5,mall_small_bottom,0.75,0,55.0,300,0.0,0.0,1.0,-1760.44,0.4103
651,5,mall_small_bottom,0.75,0,55.33,300,0.0,0.0,1.0,-1688.63,0.4078
652,5,mall_small_bottom,1.0,1,89.5,160,0.0,0.0,1.0,-1016.67,0.4059
653,5,mall_small_bottom,1.0,1,73.5,138,0.0,0.0,1.0,-737.11,0.4044
654,5,mall_small_bottom,0.75,0,37.67,300,0.0,0.0,1.0,-1459.02,0.4022
655,5,mall_small_bottom,1.0,1,121.5,241,0.0,0.0,1.0,-1563.25,0.3996
656,5,mall_small_bottom,0.75,0,69.0,300,0.0,0.0,1.0,-1899.62,0.397
657,5,mall_small_bottom,0.75,0,67.0,300,0.0,0.0,1.0,-1779.22,0.3943
658,5,mall_small_bottom,1.0,1,81.75,117,0.0,0.0,1.0,-876.21,0.3926
659,5,mall_small_bottom,0.5,0,27.0,300,0.0,0.0,1.0,-2552.23,0.3891
660,5,mall_small_bottom,0.75,0,129.67,300,0.0,0.0,1.0,-2628.96,0.3855
661,5,mall_small_bottom,1.0,1,72.25,116,0.0,0.0,1.0,-765.77,0.384
662,5,mall_small_bottom,1.0,1,92.25,147,0.0,0.0,1.0,-1024.01,0.382
663,5,mall_small_bottom,1.0,1,47.25,92,0.0,0.0,1.0,-317.36,0.381
664,5,mall_small_bottom,1.0,1,55.75,83,0.0,0.0,1.0,-406.54,0.3798
665,5,mall_small_bottom,0.75,0,68.67,300,0.0,0.0,1.0,-1862.86,0.3772
666,5,mall_small_bottom,0.75,0,51.0,300,0.0,0.0,1.0,-1650.23,0.3748
667,5,mall_small_bottom,1.0,1,69.75,122,0.0,0.0,1.0,-604.82,0.3733
668,5,mall_small_bottom,1.0,1,54.0,106,0.0,0.0,1.0,-419.97,0.3722
669,5,mall_small_bottom,1.0,1,69.5,156,0.0,0.0,1.0,-573.58,0.3707
670,5,mall_small_bottom,1.0,1,58.25,108,0.0,0.0,1.0,-476.57,0.3695
671,5,mall_small_bottom,1.0,1,92.0,141,0.0,0.0,1.0,-949.49,0.3675
672,6,library_small_bottom,0.25,0,23.0,300,0.25,0.1875,1.0733,-4231.02,0.9951
673,6,library_small_bottom,0.0,0,300,300,0.0,0.0,1.0,-5667.48,0.9888
674,6,library_small_bottom,0.0,0,300,300,0.25,0.1875,1.075,-5754.42,0.9825
675,6,library_small_bottom,0.0,0,300,300,0.0,0.0,1.0,-5701.26,0.9761
676,6,library_small_bottom,0.5,0,199.5,300,0.0,0.0,1.0,-4393.67,0.9709
677,6,library_small_bottom,0.0,0,300,300,0.0,0.0,1.0,-5620.01,0.9645
678,6,library_small_bottom,0.0,0,300,300,0.0,0.0,1.0,-5629.28,0.9582
679,6,library_small_bottom,0.0,0,300,300,0.0,0.0,1.0,-5704.71,0.9519
680,6,library_small_bottom,0.0,0,300,300,0.17,0.0867,1.0282,-5612.08,0.9455
681,6,library_small_bottom,0.0,0,300,300,0.25,0.1875,1.075,-5760.79,0.9392
682,6,library_small_bottom,0.0,0,300,300,0.0,0.0,1.0,-5539.83,0.9329
683,6,library_small_bottom,0.25,0,67.0,300,0.0,0.0,1.0,-4342.44,0.9278
684,6,library_small_bottom,0.25,0,33.0,300,0.0,0.0,1.0,-4206.85,0.9228
685,6,library_small_bottom,0.25,0,157.0,300,0.0,0.0,1.0,-4701.63,0.9173
686,6,library_small_bottom,0.0,0,300,300,0.25,0.1875,1.075,-5707.33,0.9109
687,6,library_small_bottom,0.25,0,206.0,300,0.0,0.0,1.0,-4912.54,0.9051
688,6,library_small_bottom,0.25,0,75.0,300,0.14,0.0588,1.0225,-4717.01,0.8999
689,6,library_small_bottom,0.0,0,300,300,0.0,0.0,1.0,-5680.58,0.8936
690,6,library_small_bottom,0.25,0,62.0,300,0.0,0.0,1.0,-4336.19,0.8885
691,6,library_small_bottom,0.0,0,300,300,0.25,0.1875,1.075,-5646.42,0.8822
692,6,library_small_bottom,0.0,0,300,300,0.25,0.1875,1.0717,-5495.76,0.8759
693,6,library_small_bottom,0.25,0,199.0,300,0.0,0.0,1.0,-4849.64,0.8701
694,6,library_small_bottom,0.0,0,300,300,0.25,0.1875,1.075,-5517.76,0.8637
695,6,library_small_bottom,0.0,0,300,300,0.16,0.0768,1.075,-5599.05,0.8574
696,6,library_small_bottom,0.25,0,162.0,300,0.14,0.0588,1.0529,-5164.11,0.8518
697,6,library_small_bottom,0.0,0,300,300,0.0,0.0,1.0,-5708.11,0.8455
698,6,library_small_bottom,0.0,0,300,300,0.24,0.1728,1.075,-5589.23,0.8391
699,6,library_small_bottom,0.25,0,243.0,300,0.0,0.0,1.0,-5365.15,0.8331
700,6,library_small_bottom,0.5,0,184.5,300,0.25,0.1875,1.075,-4361.36,0.828
701,6,library_small_bottom,0.25,0,94.0,300,0.0,0.0,1.0001,-4354.92,0.8227
702,6,library_small_bottom,0.5,0,127.0,300,0.0,0.0,1.0,-3586.46,0.8182
703,6,library_small_bottom,0.25,0,73.0,300,0.0,0.0,1.0,-4248.94,0.8131
704,6,library_small_bottom,0.25,0,242.0,300,0.0,0.0,1.0,-5095.87,0.8071
705,6,library_small_bottom,0.0,0,300,300,0.25,0.1875,1.075,-5522.4,0.8007
706,6,library_small_bottom,0.5,0,171.0,300,0.0,0.0,1.0,-4051.99,0.7957
707,6,library_small_bottom,0.5,0,171.5,300,0.0,0.0,1.0,-4120.72,0.7908
708,6,library_small_bottom,0.5,0,76.5,300,0.0,0.0,1.0,-3285.36,0.7868
709,6,library_small_bottom,0.25,0,265.0,300,0.25,0.1875,1.075,-5105.13,0.7807
710,6,library_small_bottom,0.5,0,193.0,300,0.25,0.1875,1.075,-4383.18,0.7755
711,6,library_small_bottom,0.5,0,136.5,300,0.0,0.0,1.0,-3613.3,0.7708
712,6,library_small_bottom,0.25,0,30.0,300,0.0,0.0,1.0,-4105.06,0.7659
713,6,library_small_bottom,0.5,0,52.0,300,0.0,0.0,1.0,-2879.43,0.7622
714,6,library_small_bottom,0.25,0,77.0,300,0.25,0.1875,1.075,-4408.08,0.7571
715,6,library_small_bottom,0.25,0,13.0,300,0.0,0.0,1.0001,-4120.9,0.7522
716,6,library_small_bottom,0.25,0,44.0,300,0.25,0.1875,1.0737,-4291.45,0.7473
717,6,library_small_bottom,0.25,0,68.0,300,0.23,0.1587,1.0747,-4299.82,0.7421
718,6,library_small_bottom,0.25,0,246.0,300,0.0,0.0,1.0,-5129.73,0.7361
719,6,library_small_bottom,0.5,0,191.0,300,0.0,0.0,1.0,-4082.41,0.7309
720,6,library_small_bottom,0.0,0,300,300,0.0,0.0,1.0,-5283.06,0.7246
721,6,library_small_bottom,0.75,0,182.67,300,0.0,0.0,1.0,-3223.99,0.7201
722,6,library_small_bottom,0.5,0,170.5,300,0.0,0.0,1.0,-4006.9,0.7151
723,6,library_small_bottom,0.25,0,264.0,300,0.0,0.0,1.0,-5012.89,0.709
724,6,library_small_bottom,0.5,0,149.5,300,0.0,0.0,1.0,-3596.0,0.7043
725,6,library_small_bottom,0.75,0,146.0,300,0.0,0.0,1.0,-2902.21,0.7004
726,6,library_small_bottom,0.25,0,290.0,300,0.0,0.0,1.0,-5114.09,0.6941
727,6,library_small_bottom,0.5,0,131.0,300,0.0,0.0,1.0,-3453.44,0.6895
728,6,library_small_bottom,0.5,0,145.5,300,0.0,0.0,1.0,-3550.79,0.6848
729,6,library_small_bottom,0.25,0,47.0,300,0.0,0.0,1.0,-3998.89,0.6798
730,6,library_small_bottom,1.0,1,133.25,250,0.0,0.0,1.0,-1782.91,0.677
731,6,library_small_bottom,0.75,0,194.0,300,0.0,0.0,1.0,-3532.77,0.6724
732,6,library_small_bottom,0.5,0,142.5,300,0.0,0.0,1.0,-3669.74,0.6677
733,6,library_small_bottom,0.75,0,113.67,300,0.0,0.0,1.0,-2529.6,0.6643
734,6,library_small_bottom,0.75,0,145.67,300,0.0,0.0,1.0,-2756.39,0.6604
735,6,library_small_bottom,0.5,0,182.0,300,0.125,0.0469,1.0454,-3957.47,0.6553
736,6,library_small_bottom,0.5,0,261.0,300,0.0,0.0,1.0,-4573.12,0.6494
737,6,library_small_bottom,0.75,0,209.67,300,0.0,0.0,1.0,-3714.15,0.6445
738,6,library_small_bottom,0.75,0,103.67,300,0.0,0.0,1.0,-2290.01,0.6413
739,6,library_small_bottom,0.75,0,116.67,300,0.0,0.0,1.0,-2234.9,0.6379
740,6,library_small_bottom,0.5,0,143.0,300,0.0,0.0,1.0,-3659.14,0.6332
741,6,library_small_bottom,0.5,0,183.5,300,0.0,0.0,1.0,-3893.06,0.6281
742,6,library_small_bottom,0.75,0,127.33,300,0.0,0.0,1.0,-2505.84,0.6245
743,6,library_small_bottom,0.5,0,172.0,300,0.0,0.0,1.0,-3848.18,0.6195
744,6,library_small_bottom,0.75,0,93.67,300,0.0,0.0,1.0,-2018.92,0.6164
745,6,library_small_bottom,0.5,0,178.5,300,0.0,0.0,1.0,-3788.51,0.6114
746,6,library_small_bottom,0.75,0,124.0,300,0.03,0.0027,1.008,-2460.87,0.6078
747,6,library_small_bottom,1.0,1,112.25,201,0.0,0.0,1.0,-1414.95,0.6055
748,6,library_small_bottom,0.75,0,181.67,300,0.0,0.0,1.0,-3220.09,0.601
749,6,library_small_bottom,0.5,0,138.0,300,0.0,0.0,1.0004,-3427.15,0.5964
750,6,library_small_bottom,0.75,0,183.67,300,0.0,0.0,1.0,-3148.55,0.5919
751,6,library_small_bottom,0.75,0,225.67,300,0.0,0.0,1.0,-3754.3,0.5867
752,6,library_small_bottom,1.0,1,112.5,239,0.0,0.0,1.0,-1390.1,0.5844
753,6,library_small_bottom,0.75,0,177.33,300,0.0,0.0,1.0,-3091.12,0.58
754,6,library_small_bottom,0.75,0,109.33,300,0.0,0.0,1.0001,-2247.93,0.5767
755,6,library_small_bottom,1.0,1,110.0,168,0.0,0.0,1.0,-1250.33,0.5743
756,6,library_small_bottom,0.75,0,112.33,300,0.0,0.0,1.0,-2414.67,0.571
757,6,library_small_bottom,0.75,0,128.33,300,0.0,0.0,1.0,-2470.21,0.5673
758,6,library_small_bottom,0.5,0,120.5,300,0.0,0.0,1.0,-3305.87,0.5629
759,6,library_small_bottom,0.75,0,165.33,300,0.0,0.0,1.0,-2910.16,0.5587
760,6,library_small_bottom,1.0,1,143.5,292,0.0,0.0,1.0,-1776.91,0.5557
761,6,library_small_bottom,1.0,1,138.75,242,0.0,0.0,1.0,-1832.89,0.5528
762,6,library_small_bottom,0.75,0,94.33,300,0.0,0.0,1.0,-2140.96,0.5497
763,6,library_small_bottom,1.0,1,79.75,153,0.0,0.0,1.0,-846.23,0.548
764,6,library_small_bottom,1.0,1,155.75,272,0.0,0.0,1.0,-2023.5,0.5447
765,6,library_small_bottom,1.0,1,126.0,225,0.0,0.0,1.0,-1519.01,0.542
766,6,library_small_bottom,0.75,0,200.67,300,0.0,0.0,1.0,-3352.95,0.5373
767,6,library_small_bottom,0.5,0,47.0,300,0.0,0.0,1.0,-2944.08,0.5336
768,6,library_small_bottom,0.5,0,103.0,300,0.0,0.0,1.0,-3250.9,0.5294
769,6,library_small_bottom,1.0,1,173.5,249,0.0,0.0,1.0,-2218.44,0.5257
770,6,library_small_bottom,1.0,1,92.25,167,0.0,0.0,1.0,-1058.08,0.5238
771,6,library_small_bottom,0.75,0,103.0,300,0.0,0.0,1.0,-2266.98,0.5205
772,6,library_small_bottom,1.0,1,117.75,191,0.0,0.0,1.0,-1279.65,0.5181
773,6,library_small_bottom,0.75,0,177.67,300,0.0,0.0,1.0,-3179.57,0.5137
774,6,library_small_bottom,0.75,0,63.67,300,0.0,0.0,1.0,-1815.14,0.5111
775,6,library_small_bottom,0.75,0,197.0,300,0.0,0.0,1.0,-3238.17,0.5064
776,6,library_small_bottom,0.75,0,66.0,300,0.0,0.0,1.0,-1854.48,0.5037
777,6,library_small_bottom,0.5,0,88.0,300,0.0,0.0,1.0,-3156.73,0.4996
778,6,library_small_bottom,0.75,0,121.0,300,0.0,0.0,1.0,-2426.44,0.4961
779,6,library_small_bottom,0.75,0,58.33,300,0.0,0.0,1.0,-1581.16,0.4936
780,6,library_small_bottom,1.0,1,153.0,253,0.0,0.0,1.0,-1970.86,0.4904
781,6,library_small_bottom,0.75,0,140.0,300,0.0,0.0,1.0,-2756.23,0.4866
782,6,library_small_bottom,1.0,1,152.75,245,0.0,0.0,1.0,-2041.4,0.4834
783,6,library_small_bottom,0.75,0,176.33,300,0.0,0.0,1.0,-3095.08,0.479
784,6,library_small_bottom,0.75,0,143.33,300,0.0,0.0,1.0,-2745.2,0.4752
785,6,library_small_bottom,1.0,1,125.75,189,0.0,0.0,1.0,-1437.11,0.4725
786,6,library_small_bottom,1.0,1,159.5,210,0.0,0.0,1.0,-2054.84,0.4691
787,6,library_small_bottom,1.0,1,110.75,227,0.0,0.0,1.0,-1342.12,0.4668
788,6,library_small_bottom,0.5,0,179.5,300,0.0,0.0,1.0,-3950.03,0.4617
789,6,library_small_bottom,1.0,1,149.25,268,0.0,0.0,1.0,-1809.42,0.4586
790,6,library_small_bottom,0.75,0,84.67,300,0.0,0.0,1.0,-2056.81,0.4557
791,6,library_small_bottom,0.75,0,136.33,300,0.0,0.0,1.0,-2755.59,0.4519
792,6,library_small_bottom,0.75,0,160.67,300,0.0,0.0,1.0,-3056.02,0.4478
793,6,library_small_bottom,0.75,0,146.67,300,0.0,0.0,1.0,-2735.67,0.4439
794,6,library_small_bottom,0.75,0,88.67,300,0.0,0.0,1.0,-2027.7,0.4409
795,6,library_small_bottom,1.0,1,99.5,156,0.0,0.0,1.0004,-1117.68,0.4388
796,6,library_small_bottom,1.0,1,115.5,156,0.0,0.0,1.0,-1249.47,0.4364
797,6,library_small_bottom,0.75,0,128.33,300,0.0,0.0,1.0,-2541.18,0.4327
798,6,library_small_bottom,1.0,1,197.5,255,0.0,0.0,1.0,-2521.84,0.4286
799,6,library_small_bottom,0.5,0,167.5,300,0.0,0.0,1.0,-3805.69,0.4236
800,6,library_small_bottom,0.75,0,64.33,300,0.0,0.0,1.0,-1717.39,0.421
801,6,library_small_bottom,0.75,0,161.0,300,0.0,0.0,1.0,-2750.44,0.4169
802,6,library_small_bottom,0.75,0,63.67,300,0.0,0.0,1.0,-1721.34,0.4143
803,6,library_small_bottom,0.75,0,102.0,300,0.0,0.0,1.0,-2131.82,0.4111
804,6,library_small_bottom,1.0,1,137.0,237,0.0,0.0,1.0,-1587.31,0.4082
805,6,library_small_bottom,0.75,0,145.0,300,0.0,0.0,1.0,-2640.98,0.4043
806,6,library_small_bottom,1.0,1,117.0,186,0.0,0.0,1.0011,-1214.61,0.4019
807,6,library_small_bottom,1.0,1,110.75,205,0.0,0.0,1.0,-1107.97,0.3995
808,6,library_small_bottom,0.75,0,77.0,300,0.0,0.0,1.0,-1823.66,0.3967
809,6,library_small_bottom,1.0,1,91.5,166,0.0,0.0,1.0,-893.71,0.3948
810,6,library_small_bottom,0.75,0,111.0,300,0.0,0.0,1.0,-2084.96,0.3915
811,6,library_small_bottom,0.75,0,52.0,300,0.0,0.0,1.0,-1644.53,0.389
812,6,library_small_bottom,1.0,1,119.75,183,0.0,0.0,1.0003,-1344.91,0.3865
813,6,library_small_bottom,1.0,1,83.75,139,0.0,0.0,1.0,-663.99,0.3848
814,6,library_small_bottom,0.75,0,107.33,300,0.0,0.0,1.0013,-2027.48,0.3815
815,6,library_small_bottom,0.75,0,94.33,300,0.0,0.0,1.0,-2076.89,0.3784
816,6,library_small_bottom,1.0,1,89.25,156,0.0,0.0,1.0,-781.54,0.3765
817,6,library_small_bottom,0.75,0,88.67,300,0.085,0.0217,1.0388,-1740.41,0.3735
818,6,library_small_bottom,0.75,0,107.67,300,0.0,0.0,1.0,-2093.74,0.3702
819,6,library_small_bottom,0.75,0,114.33,300,0.0,0.0,1.0,-2221.85,0.3668
820,6,library_small_bottom,1.0,1,140.0,270,0.0,0.0,1.0,-1648.54,0.3639
821,6,library_small_bottom,1.0,1,122.25,173,0.0,0.0,1.0,-1219.66,0.3613
822,6,library_small_bottom,0.75,0,79.33,300,0.0,0.0,1.0,-1806.31,0.3585
823,6,library_small_bottom,1.0,1,102.75,139,0.0,0.0,1.0,-1000.86,0.3563
824,6,library_small_bottom,0.75,0,76.0,300,0.24,0.1728,1.0739,-1639.55,0.3535
825,6,library_small_bottom,1.0,1,76.25,125,0.0,0.0,1.0,-610.28,0.3519
826,6,library_small_bottom,0.75,0,104.33,300,0.0,0.0,1.0,-2080.62,0.3487
827,6,library_small_bottom,1.0,1,117.5,170,0.0,0.0,1.0,-1123.18,0.3462
828,6,library_small_bottom,1.0,1,141.25,248,0.0,0.0,1.0,-1647.01,0.3432
829,6,library_small_bottom,1.0,1,158.75,272,0.0,0.0,1.0,-1836.14,0.3399
830,6,library_small_bottom,1.0,1,72.5,127,0.0,0.0,1.0,-557.96,0.3383
831,6,library_small_bottom,1.0,1,94.75,196,0.0,0.0,1.0,-894.64,0.3363
832,6,library_small_bottom,1.0,1,61.25,118,0.0,0.0,1.0,-337.31,0.335
833,6,library_small_bottom,1.0,1,88.25,194,0.0,0.0,1.0,-787.6,0.3332
834,7,library_medium,0.1667,0,27.0,400,0.0,0.0,1.0,-9383.57,0.9943
835,7,library_medium,0.1667,0,141.0,400,0.3333,0.2222,1.1,-10849.52,0.9884
836,7,library_medium,0.3333,0,210.0,400,0.1667,0.1389,1.05,-9237.22,0.9827
837,7,library_medium,0.1667,0,6.0,400,0.1667,0.1389,1.05,-9813.96,0.9771
838,7,library_medium,0.1667,0,77.0,400,0.0,0.0,1.0,-9739.35,0.9713
839,7,library_medium,0.0,0,400,400,0.0,0.0,1.0,-11609.23,0.9646
840,7,library_medium,0.1667,0,118.0,400,0.1667,0.1389,1.05,-10207.95,0.9587
841,7,library_medium,0.1667,0,279.0,400,0.1667,0.1389,1.05,-11074.69,0.9523
842,7,library_medium,0.3333,0,20.0,400,0.1667,0.1389,1.05,-7790.12,0.9477
843,7,library_medium,0.1667,0,59.0,400,0.0,0.0,1.0,-9895.03,0.942
844,7,library_medium,0.3333,0,211.5,400,0.0,0.0,1.0,-9267.44,0.9363
845,7,library_medium,0.0,0,400,400,0.1667,0.1389,1.05,-11690.83,0.9296
846,7,library_medium,0.1667,0,92.0,400,0.3133,0.1965,1.1,-10200.88,0.9238
847,7,library_medium,0.3333,0,145.5,400,0.0567,0.0161,1.0184,-8721.47,0.9185
848,7,library_medium,0.6667,0,118.25,400,0.1667,0.1389,1.0497,-5598.17,0.9149
849,7,library_medium,0.5,0,214.67,400,0.0,0.0,1.0,-8363.56,0.9098
850,7,library_medium,0.5,0,223.0,400,0.0,0.0,1.0,-8764.78,0.9046
851,7,library_medium,0.1667,0,12.0,400,0.0,0.0,1.0,-9380.94,0.8989
852,7,library_medium,0.3333,0,209.0,400,0.16,0.128,1.0501,-8998.28,0.8933
853,7,library_medium,0.5,0,199.33,400,0.0,0.0,1.0014,-8132.47,0.8883
854,7,library_medium,0.5,0,227.0,400,0.1667,0.1389,1.05,-8946.38,0.883
855,7,library_medium,0.5,0,207.33,400,0.0,0.0,1.0,-7985.93,0.8779
856,7,library_medium,0.3333,0,60.0,400,0.3067,0.1902,1.0947,-8228.39,0.8731
857,7,library_medium,0.6667,0,119.5,400,0.1667,0.1389,1.05,-5504.85,0.8695
858,7,library_medium,0.5,0,156.0,400,0.0,0.0,1.0001,-7414.44,0.8649
859,7,library_medium,0.1667,0,308.0,400,0.1067,0.0569,1.05,-10881.42,0.8584
860,7,library_medium,0.5,0,292.67,400,0.0567,0.0161,1.0262,-9360.72,0.8526
861,7,library_medium,0.8333,0,160.6,400,0.0,0.0,1.0,-4902.47,0.8493
862,7,library_medium,0.8333,0,180.8,400,0.0,0.0,1.0,-5352.7,0.8456
863,7,library_medium,0.5,0,159.33,400,0.1667,0.1389,1.0502,-7614.11,0.8409
864,7,library_medium,0.5,0,71.33,400,0.1,0.05,1.0168,-6445.47,0.837
865,7,library_medium,0.5,0,168.0,400,0.0,0.0,1.0,-7528.57,0.8322
866,7,library_medium,0.6667,0,305.25,400,0.0,0.0,1.0,-8715.23,0.8266
867,7,library_medium,0.5,0,157.67,400,0.0967,0.0467,1.0303,-7626.99,0.8219
868,7,library_medium,0.6667,0,98.25,400,0.0867,0.0376,1.0316,-5134.14,0.8186
869,7,library_medium,0.5,0,249.33,400,0.1433,0.1027,1.0499,-8712.36,0.8131
870,7,library_medium,0.3333,0,124.0,400,0.0,0.0,1.0003,-8512.7,0.808
871,7,library_medium,0.8333,0,134.4,400,0.0,0.0,1.0,-4323.26,0.805
872,7,library_medium,0.6667,0,269.5,400,0.06,0.018,1.0261,-8129.35,0.7997
873,7,library_medium,0.6667,0,190.75,400,0.1667,0.1389,1.0504,-6895.85,0.7954
874,7,library_medium,0.3333,0,104.5,400,0.0,0.0,1.0003,-8205.35,0.7903
875,7,library_medium,0.6667,0,196.25,400,0.2333,0.135,1.0768,-6862.21,0.7859
876,7,library_medium,0.5,0,67.67,400,0.1233,0.0761,1.0447,-6210.66,0.782
877,7,library_medium,0.8333,0,206.6,400,0.0062,0.0002,1.0022,-6013.02,0.778
878,7,library_medium,0.8333,0,158.4,400,0.0,0.0,1.0,-5145.32,0.7746
879,7,library_medium,0.6667,0,117.75,400,0.1467,0.1076,1.05,-5661.49,0.7711
880,7,library_medium,0.5,0,176.0,400,0.13,0.0845,1.05,-7519.29,0.7662
881,7,library_medium,0.6667,0,168.0,400,0.0633,0.0201,1.0264,-6286.82,0.7621
882,7,library_medium,1.0,1,139.33,307,0.0,0.0,1.0,-3081.33,0.7598
883,7,library_medium,0.8333,0,161.8,400,0.0,0.0,1.0011,-4966.78,0.7564
884,7,library_medium,0.8333,0,158.4,400,0.0,0.0,1.0004,-4762.87,0.7531
885,7,library_medium,0.8333,0,159.4,400,0.1533,0.1176,1.05,-5050.35,0.7497
886,7,library_medium,0.6667,0,159.75,400,0.1667,0.1389,1.0499,-6216.88,0.7457
887,7,library_medium,0.8333,0,197.0,400,0.0,0.0,1.0,-5792.6,0.7418
888,7,library_medium,1.0,1,111.67,286,0.0,0.0,1.0,-2275.1,0.74
889,7,library_medium,0.6667,0,202.5,400,0.08,0.0289,1.0301,-6903.73,0.7355
890,7,library_medium,0.8333,0,158.2,400,0.0,0.0,1.0,-4729.66,0.7322
891,7,library_medium,0.8333,0,184.4,400,0.0,0.0,1.0,-5280.42,0.7285
892,7,library_medium,0.6667,0,189.0,400,0.1467,0.1076,1.05,-6754.74,0.7241
893,7,library_medium,0.8333,0,159.8,400,0.13,0.0845,1.0493,-4868.9,0.7208
894,7,library_medium,0.6667,0,132.75,400,0.0,0.0,1.0,-5665.64,0.717
895,7,library_medium,0.8333,0,160.2,400,0.1835,0.084,1.0651,-5052.66,0.7137
896,7,library_medium,1.0,1,199.17,367,0.0,0.0,1.0,-4564.98,0.7104
897,7,library_medium,1.0,1,110.33,242,0.0,0.0,1.0,-2284.92,0.7085
898,7,library_medium,0.8333,0,147.6,400,0.0,0.0,1.0,-4626.85,0.7053
899,7,library_medium,1.0,1,115.5,335,0.0,0.0,1.0,-2337.26,0.7034
900,7,library_medium,0.8333,0,171.6,400,0.0,0.0,1.0,-5141.84,0.6999
901,7,library_medium,0.8333,0,188.0,400,0.0,0.0,1.0,-5450.62,0.6961
902,7,library_medium,0.8333,0,180.0,400,0.1667,0.1389,1.05,-5630.91,0.6925
903,7,library_medium,1.0,1,116.5,306,0.0,0.0,1.0,-2419.83,0.6905
904,7,library_medium,1.0,1,137.67,351,0.0,0.0,1.0,-2988.86,0.6882
905,7,library_medium,0.8333,0,155.8,400,0.0,0.0,1.0,-4721.78,0.6849
906,7,library_medium,1.0,1,123.83,279,0.07,0.0125,1.0309,-2535.86,0.6829
907,7,library_medium,1.0,1,135.17,260,0.0433,0.0094,1.0254,-2957.58,0.6806
908,7,library_medium,0.8333,0,104.2,400,0.0467,0.0109,1.0255,-3503.87,0.678
909,7,library_medium,1.0,1,167.5,279,0.087,0.0375,1.0329,-3867.96,0.6752
910,7,library_medium,1.0,1,126.0,366,0.0633,0.0201,1.0264,-2690.11,0.6731
911,7,library_medium,0.8333,0,135.4,400,0.0967,0.0467,1.0378,-4564.92,0.6701
912,7,library_medium,0.8333,0,110.4,400,0.1667,0.1389,1.05,-3874.84,0.6674
913,7,library_medium,1.0,1,124.0,274,0.0,0.0,1.0,-2538.84,0.6654
914,7,library_medium,1.0,1,138.17,286,0.0,0.0,1.0,-2794.75,0.663
915,7,library_medium,0.8333,0,157.6,400,0.0967,0.0467,1.0378,-4665.98,0.6597
916,7,library_medium,1.0,1,111.5,285,0.0,0.0,1.0,-2388.07,0.6578
917,7,library_medium,0.8333,0,146.8,400,0.0333,0.0056,1.013,-4398.84,0.6547
918,7,library_medium,1.0,1,180.5,376,0.0,0.0,1.0,-4026.86,0.6517
919,7,library_medium,0.8333,0,212.6,400,0.0,0.0,1.0,-5800.03,0.6476
920,7,library_medium,1.0,1,140.0,379,0.0333,0.0056,1.013,-2988.83,0.6452
921,8,hazard_corridor_small,0.25,0,5.0,350,0.25,0.1875,1.075,-5055.03,0.994
922,8,hazard_corridor_small,0.25,0,314.0,350,0.25,0.1875,1.075,-6717.94,0.9862
923,8,hazard_corridor_small,0.5,0,94.5,350,0.09,0.0243,1.0391,-3833.48,0.9811
924,8,hazard_corridor_small,0.25,0,4.0,350,0.0,0.0,1.0,-4815.69,0.9751
925,8,hazard_corridor_small,0.25,0,138.0,350,0.0,0.0,1.0,-5668.34,0.9684
926,8,hazard_corridor_small,0.5,0,47.0,350,0.25,0.1875,1.075,-4341.15,0.9638
927,8,hazard_corridor_small,0.0,0,350,350,0.25,0.1875,1.075,-6851.92,0.9558
928,8,hazard_corridor_small,0.25,0,55.0,350,0.25,0.1875,1.075,-5494.42,0.9495
929,8,hazard_corridor_small,0.5,0,93.0,350,0.105,0.0331,1.0335,-3901.45,0.9445
930,8,hazard_corridor_small,0.25,0,59.0,350,0.0,0.0,1.0,-5041.56,0.9382
931,8,hazard_corridor_small,0.5,0,65.0,350,0.32,0.1152,1.0933,-3660.27,0.9334
932,8,hazard_corridor_small,0.75,0,197.33,350,0.22,0.1452,1.075,-4332.68,0.9281
933,8,hazard_corridor_small,0.5,0,258.5,350,0.25,0.1875,1.075,-5568.57,0.9211
934,8,hazard_corridor_small,0.5,0,49.5,350,0.25,0.1875,1.075,-3511.69,0.9166
935,8,hazard_corridor_small,0.5,0,86.5,350,0.215,0.1387,1.075,-4176.36,0.9116
936,8,hazard_corridor_small,0.25,0,38.0,350,0.33,0.1331,1.1164,-5632.78,0.9054
937,8,hazard_corridor_small,0.5,0,92.5,350,0.305,0.1691,1.0988,-3859.01,0.9003
938,8,hazard_corridor_small,0.5,0,176.5,350,0.445,0.1981,1.15,-5002.94,0.8943
939,8,hazard_corridor_small,0.75,0,104.0,350,0.46,0.2118,1.1495,-2979.47,0.8906
940,8,hazard_corridor_small,0.75,0,153.0,350,0.0,0.0,1.0,-3363.92,0.886
941,8,hazard_corridor_small,0.75,0,72.0,350,0.17,0.0531,1.042,-2292.37,0.8827
942,8,hazard_corridor_small,1.0,1,178.0,319,0.485,0.2357,1.15,-3280.67,0.8787
943,8,hazard_corridor_small,0.5,0,134.5,350,0.075,0.0169,1.0383,-4205.35,0.8731
944,8,hazard_corridor_small,1.0,1,139.5,277,0.235,0.1657,1.0753,-2426.68,0.87
945,8,hazard_corridor_small,0.75,0,149.33,350,0.47,0.2209,1.149,-3450.27,0.8654
946,8,hazard_corridor_small,1.0,1,240.0,350,0.24,0.1728,1.075,-4278.55,0.8599
947,8,hazard_corridor_small,0.5,0,210.5,350,0.41,0.1753,1.15,-5452.98,0.8535
948,8,hazard_corridor_small,0.75,0,99.33,350,0.235,0.1657,1.075,-2725.13,0.8498
949,8,hazard_corridor_small,0.75,0,151.67,350,0.49,0.1589,1.1642,-3685.16,0.8453
950,8,hazard_corridor_small,0.75,0,149.0,350,0.45,0.2027,1.15,-3702.18,0.8407
951,8,hazard_corridor_small,1.0,1,192.5,335,0.43,0.1849,1.1448,-3109.04,0.8363
952,8,hazard_corridor_small,0.75,0,191.67,350,0.0,0.0,1.0,-3862.57,0.8311
953,8,hazard_corridor_small,1.0,1,160.5,283,0.145,0.0223,1.0277,-2436.28,0.8274
954,8,hazard_corridor_small,0.75,0,115.33,350,0.345,0.1671,1.0971,-2953.76,0.8234
955,8,hazard_corridor_small,0.75,0,107.33,350,0.385,0.1567,1.1345,-3027.09,0.8196
956,8,hazard_corridor_small,1.0,1,235.0,325,0.125,0.0469,1.0454,-3983.94,0.8142
957,8,hazard_corridor_small,1.0,1,73.0,132,0.385,0.1543,1.1421,-949.72,0.8126
958,8,hazard_corridor_small,1.0,1,199.75,320,0.455,0.2071,1.15,-3533.86,0.808
959,8,hazard_corridor_small,1.0,1,121.5,305,0.235,0.1657,1.075,-1903.46,0.8052
960,8,hazard_corridor_small,1.0,1,154.0,283,0.0,0.0,1.0,-2361.69,0.8017
961,8,hazard_corridor_small,1.0,1,158.5,298,0.23,0.1587,1.075,-2472.24,0.7981
962,8,hazard_corridor_small,1.0,1,204.25,320,0.25,0.1273,1.085,-3340.95,0.7934
963,8,hazard_corridor_small,1.0,1,86.25,245,0.24,0.1728,1.075,-1226.52,0.7915
964,8,hazard_corridor_small,1.0,1,176.5,295,0.56,0.119,1.2067,-3073.76,0.7874
965,8,hazard_corridor_small,1.0,1,47.75,90,0.45,0.2043,1.1361,-410.97,0.7864
966,8,hazard_corridor_small,1.0,1,146.25,221,0.365,0.1373,1.15,-2373.55,0.783
967,8,hazard_corridor_small,1.0,1,172.25,306,0.065,0.0127,1.038,-2700.78,0.7791
968,8,hazard_corridor_small,1.0,1,120.75,243,0.195,0.1141,1.075,-1857.33,0.7763
969,8,hazard_corridor_small,1.0,1,113.25,234,0.315,0.1473,1.1046,-1629.77,0.7738
970,8,hazard_corridor_small,1.0,1,87.75,230,0.235,0.1657,1.0749,-1147.72,0.7717
971,9,hazard_near_exit_small,0.1667,0,193.0,350,0.1667,0.1389,1.0494,-9081.39,0.9969
972,9,hazard_near_exit_small,0.1667,0,297.0,350,0.0867,0.0376,1.0274,-9689.87,0.9937
973,9,hazard_near_exit_small,0.3333,0,264.5,350,0.1667,0.1389,1.0485,-8820.15,0.9906
974,9,hazard_near_exit_small,0.3333,0,106.5,350,0.1667,0.1389,1.05,-7513.97,0.9881
975,9,hazard_near_exit_small,0.1667,0,165.0,350,0.1667,0.1389,1.05,-8825.29,0.985
976,9,hazard_near_exit_small,0.1667,0,61.0,350,0.0,0.0,1.0,-8417.25,0.9822
977,9,hazard_near_exit_small,0.3333,0,145.0,350,0.1667,0.1389,1.05,-7965.01,0.9795
978,9,hazard_near_exit_small,0.1667,0,237.0,350,0.0,0.0,1.0,-9213.91,0.9764
979,9,hazard_near_exit_small,0.3333,0,152.0,350,0.0067,0.0002,1.0022,-7967.19,0.9737
980,9,hazard_near_exit_small,0.3333,0,181.0,350,0.1567,0.1227,1.05,-8055.24,0.9709
981,9,hazard_near_exit_small,0.3333,0,263.0,350,0.1667,0.1389,1.05,-8998.32,0.9678
982,9,hazard_near_exit_small,0.5,0,193.33,350,0.1667,0.1389,1.05,-7655.94,0.9652
983,9,hazard_near_exit_small,0.3333,0,99.0,350,0.0,0.0,1.0,-7161.15,0.9627
984,9,hazard_near_exit_small,0.1667,0,235.0,350,0.0,0.0,1.0,-9172.46,0.9596
985,9,hazard_near_exit_small,0.5,0,168.33,350,0.0,0.0,1.0,-6910.89,0.9571
986,9,hazard_near_exit_small,0.6667,0,130.25,350,0.0,0.0,1.0,-5218.5,0.9552
987,9,hazard_near_exit_small,0.3333,0,179.0,350,0.0,0.0,1.0,-7920.6,0.9524
988,9,hazard_near_exit_small,0.0,0,350,350,0.0,0.0,1.0,-9807.82,0.9491
989,9,hazard_near_exit_small,0.5,0,141.33,350,0.0,0.0,1.0,-6527.3,0.9467
990,9,hazard_near_exit_small,0.3333,0,284.0,350,0.0,0.0,1.0,-9150.25,0.9436
991,9,hazard_near_exit_small,0.3333,0,81.5,350,0.0,0.0,1.0,-7202.72,0.9411
992,9,hazard_near_exit_small,0.3333,0,188.0,350,0.0,0.0,1.0,-8031.69,0.9383
993,9,hazard_near_exit_small,0.5,0,227.0,350,0.1667,0.1389,1.05,-7861.26,0.9356
994,9,hazard_near_exit_small,0.6667,0,208.25,350,0.1667,0.1389,1.05,-7194.61,0.9332
995,9,hazard_near_exit_small,0.3333,0,169.0,350,0.0,0.0,1.0,-7863.06,0.9304
996,9,hazard_near_exit_small,0.5,0,161.0,350,0.0,0.0,1.0,-6778.73,0.928
997,9,hazard_near_exit_small,0.3333,0,134.0,350,0.0,0.0,1.0,-7498.54,0.9253
998,9,hazard_near_exit_small,0.5,0,221.0,350,0.0,0.0,1.0,-7599.2,0.9226
999,9,hazard_near_exit_small,0.5,0,122.0,350,0.1667,0.1389,1.05,-6319.43,0.9204
1000,9,hazard_near_exit_small,0.5,0,232.0,350,0.0,0.0,1.0001,-7845.5,0.9176
1001,9,hazard_near_exit_small,0.6667,0,170.5,350,0.1667,0.1389,1.05,-6296.42,0.9154
1002,9,hazard_near_exit_small,0.3333,0,108.5,350,0.02,0.002,1.0,-7324.65,0.9129
1003,9,hazard_near_exit_small,0.5,0,153.33,350,0.0,0.0,1.0,-6639.78,0.9105
1004,9,hazard_near_exit_small,0.3333,0,151.0,350,0.0,0.0,1.0,-7666.74,0.9078
1005,9,hazard_near_exit_small,0.3333,0,186.5,350,0.0,0.0,1.0,-7982.3,0.905
1006,9,hazard_near_exit_small,0.3333,0,90.5,350,0.0,0.0,1.0,-7168.63,0.9025
1007,9,hazard_near_exit_small,0.3333,0,163.0,350,0.1667,0.1389,1.05,-8024.67,0.8997
1008,9,hazard_near_exit_small,0.1667,0,174.0,350,0.1667,0.1389,1.05,-8963.04,0.8967
1009,9,hazard_near_exit_small,0.3333,0,190.0,350,0.1667,0.1389,1.0499,-8011.06,0.8939
1010,9,hazard_near_exit_small,0.3333,0,160.5,350,0.0,0.0,1.0,-7778.26,0.8911
1011,9,hazard_near_exit_small,0.5,0,197.33,350,0.1667,0.1389,1.0471,-7388.34,0.8886
1012,9,hazard_near_exit_small,0.5,0,160.33,350,0.0,0.0,1.0,-6753.82,0.8861
1013,9,hazard_near_exit_small,0.5,0,104.33,350,0.0,0.0,1.0,-6007.73,0.884
1014,9,hazard_near_exit_small,0.6667,0,197.0,350,0.1667,0.1389,1.05,-6699.68,0.8816
1015,9,hazard_near_exit_small,0.6667,0,150.75,350,0.1667,0.1389,1.05,-5552.64,0.8795
1016,9,hazard_near_exit_small,0.3333,0,149.5,350,0.0,0.0,1.0001,-7892.92,0.8769
1017,9,hazard_near_exit_small,0.3333,0,116.5,350,0.1667,0.1389,1.0458,-7450.06,0.8743
1018,9,hazard_near_exit_small,0.5,0,125.0,350,0.1667,0.1389,1.05,-6351.9,0.872
1019,9,hazard_near_exit_small,0.6667,0,170.0,350,0.12,0.072,1.0248,-5822.89,0.8698
1020,9,hazard_near_exit_small,0.5,0,233.33,350,0.1667,0.1389,1.05,-8006.03,0.8671
1021,9,hazard_near_exit_small,0.5,0,177.0,350,0.0,0.0,1.0,-6949.51,0.8646
1022,9,hazard_near_exit_small,0.6667,0,173.5,350,0.1667,0.1389,1.05,-6150.84,0.8624
1023,9,hazard_near_exit_small,0.6667,0,134.25,350,0.1667,0.1389,1.05,-5392.89,0.8604
1024,9,hazard_near_exit_small,0.3333,0,145.5,350,0.0,0.0,1.0,-7536.0,0.8577
1025,9,hazard_near_exit_small,0.3333,0,135.5,350,0.0,0.0,1.0,-7432.73,0.8551
1026,9,hazard_near_exit_small,0.6667,0,88.75,350,0.0,0.0,1.0,-4374.17,0.8534
1027,9,hazard_near_exit_small,0.5,0,130.0,350,0.0,0.0,1.0,-6328.77,0.8511
1028,9,hazard_near_exit_small,0.6667,0,159.0,350,0.0,0.0,1.0,-5613.68,0.849
1029,9,hazard_near_exit_small,0.6667,0,178.25,350,0.1633,0.1334,1.05,-6156.14,0.8468
1030,9,hazard_near_exit_small,0.6667,0,126.0,350,0.0,0.0,1.0,-5042.68,0.8449
1031,9,hazard_near_exit_small,0.8333,0,187.2,350,0.1667,0.1389,1.05,-5489.85,0.8428
1032,9,hazard_near_exit_small,0.8333,0,197.4,350,0.0,0.0,1.0,-5590.83,0.8407
1033,9,hazard_near_exit_small,0.6667,0,186.25,350,0.0,0.0,1.0,-6148.23,0.8384
1034,9,hazard_near_exit_small,0.6667,0,106.5,350,0.0,0.0,1.0,-4804.48,0.8366
1035,9,hazard_near_exit_small,0.6667,0,122.5,350,0.0,0.0,1.0,-5046.73,0.8348
1036,9,hazard_near_exit_small,0.5,0,136.33,350,0.0,0.0,1.0,-6462.96,0.8324
1037,9,hazard_near_exit_small,0.8333,0,127.2,350,0.0,0.0,1.0,-3918.47,0.8309
1038,9,hazard_near_exit_small,0.6667,0,152.0,350,0.0,0.0,1.0,-5573.13,0.8288
1039,9,hazard_near_exit_small,0.5,0,89.33,350,0.0,0.0,1.0,-5747.06,0.8267
1040,9,hazard_near_exit_small,0.5,0,131.67,350,0.0,0.0,1.0,-6256.73,0.8244
1041,9,hazard_near_exit_small,0.5,0,118.67,350,0.0,0.0,1.0,-6192.51,0.8222
1042,9,hazard_near_exit_small,0.6667,0,131.75,350,0.0,0.0,1.0,-5169.94,0.8203
1043,9,hazard_near_exit_small,0.8333,0,120.4,350,0.0,0.0,1.0,-3762.73,0.8188
1044,9,hazard_near_exit_small,0.6667,0,165.75,350,0.0,0.0,1.0,-5757.16,0.8166
1045,9,hazard_near_exit_small,0.6667,0,181.0,350,0.0,0.0,1.0,-6113.7,0.8143
1046,9,hazard_near_exit_small,0.3333,0,113.0,350,0.0,0.0,1.0,-7230.26,0.8118
1047,9,hazard_near_exit_small,0.8333,0,133.0,350,0.1667,0.1389,1.0473,-4156.86,0.8102
1048,9,hazard_near_exit_small,0.8333,0,153.4,350,0.0,0.0,1.0,-4588.88,0.8084
1049,9,hazard_near_exit_small,0.8333,0,138.6,350,0.0,0.0,1.0,-4201.83,0.8067
1050,9,hazard_near_exit_small,0.6667,0,115.75,350,0.1667,0.1389,1.05,-4880.21,0.8049
1051,9,hazard_near_exit_small,0.8333,0,119.2,350,0.0,0.0,1.0,-3778.55,0.8034
1052,9,hazard_near_exit_small,0.8333,0,149.8,350,0.0,0.0,1.0,-4473.0,0.8017
1053,9,hazard_near_exit_small,0.6667,0,117.0,350,0.0,0.0,1.0,-4860.48,0.7998
1054,9,hazard_near_exit_small,0.8333,0,159.0,350,0.0,0.0,1.0,-4639.61,0.798
1055,9,hazard_near_exit_small,0.8333,0,91.4,350,0.0,0.0,1.0,-3081.42,0.7967
1056,9,hazard_near_exit_small,0.6667,0,147.0,350,0.1667,0.1389,1.05,-5673.63,0.7947
1057,9,hazard_near_exit_small,0.8333,0,193.8,350,0.1667,0.1389,1.0499,-5511.3,0.7926
1058,9,hazard_near_exit_small,0.8333,0,171.2,350,0.0,0.0,1.0,-4969.26,0.7907
1059,9,hazard_near_exit_small,0.8333,0,97.8,350,0.1667,0.1389,1.05,-3387.59,0.7894
1060,9,hazard_near_exit_small,0.5,0,99.33,350,0.0967,0.0467,1.0378,-6051.78,0.7872
1061,9,hazard_near_exit_small,0.6667,0,78.25,350,0.0,0.0,1.0,-4231.77,0.7856
1062,9,hazard_near_exit_small,0.8333,0,102.0,350,0.0,0.0,1.0,-3292.77,0.7843
1063,9,hazard_near_exit_small,0.8333,0,142.8,350,0.0,0.0,1.0,-4275.6,0.7826
1064,9,hazard_near_exit_small,0.8333,0,160.0,350,0.0,0.0,1.0,-4757.31,0.7808
1065,9,hazard_near_exit_small,0.6667,0,129.5,350,0.0,0.0,1.0,-5092.54,0.7788
1066,9,hazard_near_exit_small,0.8333,0,182.6,350,0.1667,0.1389,1.0498,-5344.74,0.7768
1067,9,hazard_near_exit_small,0.8333,0,120.8,350,0.0,0.0,1.0,-3853.07,0.7753
1068,9,hazard_near_exit_small,0.6667,0,214.25,350,0.1667,0.1389,1.05,-6796.09,0.7728
1069,9,hazard_near_exit_small,0.8333,0,94.6,350,0.1667,0.1389,1.0499,-3224.6,0.7715
1070,9,hazard_near_exit_small,0.8333,0,156.0,350,0.1667,0.1389,1.0479,-4727.86,0.7698
1071,9,hazard_near_exit_small,0.8333,0,125.4,350,0.0,0.0,1.0,-3950.78,0.7682
1072,9,hazard_near_exit_small,0.8333,0,108.0,350,0.0,0.0,1.0,-3375.6,0.7668
1073,9,hazard_near_exit_small,0.8333,0,123.2,350,0.0,0.0,1.0,-3987.54,0.7653
1074,9,hazard_near_exit_small,0.8333,0,111.6,350,0.0,0.0,1.0,-3511.17,0.7638
1075,9,hazard_near_exit_small,0.8333,0,88.4,350,0.0,0.0,1.0,-3025.35,0.7626
1076,9,hazard_near_exit_small,1.0,1,176.0,322,0.1667,0.1389,1.0471,-4111.33,0.7609
1077,9,hazard_near_exit_small,0.8333,0,136.6,350,0.0,0.0,1.0,-4107.32,0.7593
1078,9,hazard_near_exit_small,0.8333,0,124.4,350,0.0,0.0,1.0,-3901.81,0.7577
1079,9,hazard_near_exit_small,0.8333,0,150.6,350,0.0,0.0,1.0,-4443.02,0.756
1080,9,hazard_near_exit_small,0.8333,0,199.4,350,0.0,0.0,1.0,-5690.05,0.7539
1081,9,hazard_near_exit_small,0.8333,0,154.6,350,0.0,0.0,1.0,-4500.79,0.7521
1082,9,hazard_near_exit_small,0.6667,0,119.25,350,0.0,0.0,1.0,-5022.95,0.7502
1083,9,hazard_near_exit_small,0.8333,0,162.8,350,0.0,0.0,1.0,-4647.77,0.7484
1084,9,hazard_near_exit_small,1.0,1,143.0,266,0.0,0.0,1.0,-3214.19,0.747
1085,9,hazard_near_exit_small,1.0,1,122.67,251,0.0,0.0,1.0,-2636.34,0.7458
1086,9,hazard_near_exit_small,1.0,1,168.67,273,0.0,0.0,1.0,-3857.31,0.7442
1087,9,hazard_near_exit_small,0.6667,0,98.25,350,0.0,0.0,1.0,-4541.17,0.7425
1088,9,hazard_near_exit_small,1.0,1,204.17,331,0.0,0.0,1.0,-4874.71,0.7406
1089,9,hazard_near_exit_small,1.0,1,143.83,284,0.0,0.0,1.0,-3207.79,0.7392
1090,9,hazard_near_exit_small,0.8333,0,97.8,350,0.0,0.0,1.0,-3319.45,0.7379
1091,9,hazard_near_exit_small,1.0,1,123.67,300,0.0,0.0,1.0,-2613.71,0.7367
1092,9,hazard_near_exit_small,0.8333,0,146.0,350,0.0,0.0,1.0,-4283.49,0.735
1093,9,hazard_near_exit_small,1.0,1,144.0,267,0.0,0.0,1.0,-3216.63,0.7336
1094,9,hazard_near_exit_small,0.8333,0,154.4,350,0.0,0.0,1.0,-4506.23,0.7318
1095,9,hazard_near_exit_small,1.0,1,146.83,261,0.0,0.0,1.0,-3223.9,0.7305
1096,9,hazard_near_exit_small,1.0,1,134.0,318,0.0,0.0,1.0,-2870.28,0.7292
1097,9,hazard_near_exit_small,1.0,1,155.17,271,0.1667,0.1389,1.05,-3600.86,0.7277
1098,9,hazard_near_exit_small,1.0,1,121.33,217,0.0,0.0,1.0,-2562.79,0.7266
1099,9,hazard_near_exit_small,1.0,1,128.67,260,0.0,0.0,1.0,-2823.44,0.7253
1100,9,hazard_near_exit_small,1.0,1,119.83,226,0.0,0.0,1.0,-2563.87,0.7242
1101,10,school_floor,0.0,0,400,400,0.12,0.1008,1.0298,-15238.42,0.996
1102,10,school_floor,0.0,0,400,400,0.0,0.0,1.0,-15184.67,0.992
1103,10,school_floor,0.125,0,53.0,400,0.0,0.0,1.0,-13448.34,0.9885
1104,10,school_floor,0.125,0,199.0,400,0.1125,0.0886,1.0375,-14223.82,0.9847
1105,10,school_floor,0.0,0,400,400,0.125,0.1094,1.0375,-15264.08,0.9807
1106,10,school_floor,0.0,0,400,400,0.125,0.1094,1.0375,-15359.73,0.9767
1107,10,school_floor,0.0,0,400,400,0.0,0.0,1.0,-15073.62,0.9727
1108,10,school_floor,0.125,0,43.0,400,0.0,0.0,1.0,-13123.22,0.9692
1109,10,school_floor,0.0,0,400,400,0.0225,0.0035,1.0078,-15010.13,0.9652
1110,10,school_floor,0.0,0,400,400,0.0,0.0,1.0,-15002.97,0.9612
1111,10,school_floor,0.0,0,400,400,0.0,0.0,1.0,-14955.18,0.9572
1112,10,school_floor,0.0,0,400,400,0.0975,0.0665,1.0224,-15062.28,0.9532
1113,10,school_floor,0.0,0,400,400,0.0,0.0,1.0,-15102.18,0.9492
1114,10,school_floor,0.0,0,400,400,0.125,0.1094,1.0375,-15287.68,0.9453
1115,10,school_floor,0.0,0,400,400,0.125,0.1094,1.0375,-15125.58,0.9413
1116,10,school_floor,0.0,0,400,400,0.0,0.0,1.0,-15089.62,0.9373
1117,10,school_floor,0.0,0,400,400,0.0,0.0,1.0,-14975.37,0.9333
1118,10,school_floor,0.0,0,400,400,0.125,0.1094,1.0375,-15340.03,0.9293
1119,10,school_floor,0.0,0,400,400,0.0,0.0,1.0,-14950.84,0.9253
1120,10,school_floor,0.125,0,126.0,400,0.0,0.0,1.0,-13883.46,0.9216
1121,10,school_floor,0.0,0,400,400,0.0,0.0,1.0,-15112.35,0.9176
1122,10,school_floor,0.0,0,400,400,0.125,0.1094,1.0373,-15204.85,0.9137
1123,10,school_floor,0.125,0,190.0,400,0.005,0.0002,1.0016,-13898.57,0.9099
1124,10,school_floor,0.125,0,33.0,400,0.0775,0.042,1.0337,-13150.42,0.9064
1125,10,school_floor,0.0,0,400,400,0.0,0.0,1.0,-14979.35,0.9024
1126,10,school_floor,0.0,0,400,400,0.0,0.0,1.0,-14842.53,0.8984
1127,10,school_floor,0.125,0,75.0,400,0.0,0.0,1.0,-13401.94,0.8948
1128,10,school_floor,0.0,0,400,400,0.0,0.0,1.0,-14904.76,0.8908
1129,10,school_floor,0.0,0,400,400,0.0,0.0,1.0,-14927.33,0.8868
1130,10,school_floor,0.0,0,400,400,0.125,0.1094,1.0374,-14871.3,0.8829
1131,10,school_floor,0.0,0,400,400,0.0,0.0,1.0,-14882.87,0.8789
1132,10,school_floor,0.125,0,180.0,400,0.0,0.0,1.0,-13707.84,0.8751
1133,10,school_floor,0.125,0,73.0,400,0.0,0.0,1.0,-12994.49,0.8716
1134,10,school_floor,0.0,0,400,400,0.0,0.0,1.0,-14780.89,0.8676
1135,10,school_floor,0.0,0,400,400,0.0,0.0,1.0,-15078.95,0.8636
1136,10,school_floor,0.0,0,400,400,0.0975,0.0665,1.0224,-14876.76,0.8596
1137,10,school_floor,0.125,0,253.0,400,0.0,0.0,1.0,-14068.75,0.8558
1138,10,school_floor,0.125,0,30.0,400,0.0925,0.0599,1.0375,-13226.0,0.8522
1139,10,school_floor,0.0,0,400,400,0.0,0.0,1.0,-15019.09,0.8483
1140,10,school_floor,0.0,0,400,400,0.0,0.0,1.0,-15016.05,0.8443
1141,10,school_floor,0.0,0,400,400,0.0,0.0,1.0,-15064.32,0.8403
1142,10,school_floor,0.125,0,51.0,400,0.0,0.0,1.0,-13196.01,0.8367
1143,10,school_floor,0.125,0,160.0,400,0.0,0.0,1.0,-13797.52,0.833
1144,10,school_floor,0.125,0,27.0,400,0.0,0.0,1.0,-13193.44,0.8295
1145,10,school_floor,0.25,0,90.0,400,0.0,0.0,1.0,-11790.98,0.8263
1146,10,school_floor,0.0,0,400,400,0.0,0.0,1.0,-14768.64,0.8223
1147,10,school_floor,0.25,0,150.0,400,0.0,0.0,1.0,-12160.99,0.8189
1148,10,school_floor,0.0,0,400,400,0.0,0.0,1.0,-14531.87,0.8149
1149,10,school_floor,0.125,0,20.0,400,0.0,0.0,1.0,-12639.19,0.8114
1150,10,school_floor,0.125,0,139.0,400,0.0,0.0,1.0,-13327.49,0.8077
1151,10,school_floor,0.25,0,178.0,400,0.0,0.0,1.0,-12191.55,0.8043
1152,10,school_floor,0.0,0,400,400,0.0,0.0,1.0,-14628.1,0.8003
1153,10,school_floor,0.125,0,31.0,400,0.0,0.0,1.0,-12927.71,0.7968
1154,10,school_floor,0.125,0,344.0,400,0.0,0.0,1.0,-14373.14,0.7929
1155,10,school_floor,0.375,0,155.0,400,0.0,0.0,1.0,-11095.51,0.7898
1156,10,school_floor,0.125,0,390.0,400,0.0,0.0,1.0,-14600.41,0.7858
1157,10,school_floor,0.125,0,15.0,400,0.0,0.0,1.0,-12757.27,0.7823
1158,10,school_floor,0.125,0,176.0,400,0.0,0.0,1.0,-13469.8,0.7786
1159,10,school_floor,0.375,0,212.33,400,0.0,0.0,1.0,-11715.78,0.7753
1160,10,school_floor,0.0,0,400,400,0.0,0.0,1.0,-14509.16,0.7713
1161,10,school_floor,0.375,0,262.0,400,0.0,0.0,1.0,-12297.26,0.7678
1162,10,school_floor,0.25,0,322.5,400,0.015,0.0016,1.004,-13858.47,0.764
1163,10,school_floor,0.125,0,353.0,400,0.0,0.0,1.0,-14306.94,0.7601
1164,10,school_floor,0.375,0,183.33,400,0.125,0.1094,1.0375,-11709.33,0.7569
1165,10,school_floor,0.0,0,400,400,0.125,0.1094,1.0382,-14927.64,0.7529
1166,10,school_floor,0.375,0,192.67,400,0.25,0.1875,1.075,-11713.46,0.7497
1167,10,school_floor,0.375,0,118.0,400,0.25,0.1875,1.075,-10744.33,0.7468
1168,10,school_floor,0.5,0,296.0,400,0.0,0.0,1.0,-12069.76,0.7433
1169,10,school_floor,0.125,0,145.0,400,0.25,0.1875,1.075,-14101.08,0.7396
1170,10,school_floor,0.25,0,201.0,400,0.25,0.1875,1.0748,-12948.17,0.7361
1171,10,school_floor,0.25,0,325.5,400,0.165,0.1106,1.0568,-13730.87,0.7323
1172,10,school_floor,0.375,0,135.0,400,0.0,0.0,1.0,-10765.01,0.7293
1173,10,school_floor,0.375,0,215.0,400,0.125,0.1094,1.0375,-12066.39,0.726
1174,10,school_floor,0.25,0,311.5,400,0.25,0.1875,1.075,-14197.0,0.7223
1175,10,school_floor,0.375,0,118.67,400,0.25,0.1875,1.075,-10544.28,0.7193
1176,10,school_floor,0.25,0,70.0,400,0.095,0.0632,1.0375,-11792.86,0.7161
1177,10,school_floor,0.5,0,153.0,400,0.125,0.1094,1.0375,-9640.9,0.7134
1178,10,school_floor,0.5,0,239.5,400,0.125,0.1094,1.0383,-11205.91,0.7102
1179,10,school_floor,0.375,0,223.67,400,0.09,0.0567,1.0264,-11606.76,0.7069
1180,10,school_floor,0.5,0,169.25,400,0.0,0.0,1.0,-9674.83,0.704
1181,10,school_floor,0.5,0,159.5,400,0.125,0.1094,1.0375,-9764.64,0.7012
1182,10,school_floor,0.375,0,147.33,400,0.0775,0.042,1.0337,-10431.48,0.6982
1183,10,school_floor,0.5,0,292.25,400,0.0,0.0,1.0,-11886.03,0.6947
1184,10,school_floor,0.5,0,223.75,400,0.0,0.0,1.0,-10543.91,0.6916
1185,10,school_floor,0.625,0,211.2,400,0.125,0.1094,1.0375,-9306.29,0.6888
1186,10,school_floor,0.5,0,281.5,400,0.0,0.0,1.0,-11483.93,0.6854
1187,10,school_floor,0.625,0,172.0,400,0.0,0.0,1.0,-8430.63,0.6828
1188,10,school_floor,0.5,0,197.75,400,0.0,0.0,1.0,-10065.77,0.6799
1189,10,school_floor,0.5,0,155.25,400,0.0,0.0,1.0,-9085.76,0.6771
1190,10,school_floor,0.5,0,186.0,400,0.0,0.0,1.0,-9605.51,0.6742
1191,10,school_floor,0.5,0,153.0,400,0.0,0.0,1.0,-9250.68,0.6714
1192,10,school_floor,0.375,0,244.33,400,0.0,0.0,1.0,-11715.7,0.668
1193,10,school_floor,0.5,0,259.25,400,0.0,0.0,1.0,-11223.69,0.6647
1194,10,school_floor,0.625,0,228.2,400,0.0,0.0,1.0,-9433.93,0.6618
1195,10,school_floor,0.5,0,215.25,400,0.0,0.0,1.0,-10406.77,0.6587
1196,10,school_floor,0.625,0,205.6,400,0.0,0.0,1.0,-8934.78,0.6559
1197,10,school_floor,0.625,0,194.4,400,0.0,0.0,1.0,-8936.75,0.6532
1198,10,school_floor,0.375,0,223.67,400,0.0,0.0,1.0,-11598.17,0.6499
1199,10,school_floor,0.75,0,186.83,400,0.0,0.0,1.0,-7347.82,0.6475
1200,10,school_floor,0.625,0,200.4,400,0.0,0.0,1.0,-8915.8,0.6447
1201,10,school_floor,0.5,0,228.5,400,0.0,0.0,1.0,-10499.69,0.6416
1202,10,school_floor,0.75,0,213.83,400,0.0,0.0,1.0,-8261.78,0.639
1203,10,school_floor,0.5,0,294.5,400,0.0,0.0,1.0,-11640.87,0.6355
1204,10,school_floor,0.5,0,257.0,400,0.0,0.0,1.0,-10828.17,0.6323
1205,10,school_floor,0.375,0,205.67,400,0.0,0.0,1.0,-11280.33,0.629
1206,10,school_floor,0.5,0,133.75,400,0.0,0.0,1.0,-8988.07,0.6263
1207,10,school_floor,0.625,0,202.2,400,0.0,0.0,1.0,-8935.77,0.6236
1208,10,school_floor,0.5,0,334.25,400,0.0,0.0,1.0,-12527.86,0.6199
1209,10,school_floor,0.75,0,201.33,400,0.0,0.0,1.0,-7742.57,0.6174
1210,10,school_floor,0.625,0,279.6,400,0.0,0.0,1.0,-10733.86,0.6142
1211,10,school_floor,0.625,0,198.8,400,0.0,0.0,1.0,-8870.41,0.6114
1212,10,school_floor,0.5,0,166.5,400,0.0,0.0,1.0002,-9277.12,0.6086
1213,10,school_floor,0.625,0,281.8,400,0.0,0.0,1.0,-10594.18,0.6054
1214,10,school_floor,0.625,0,223.0,400,0.0,0.0,1.0,-9024.95,0.6025
1215,10,school_floor,0.625,0,188.6,400,0.0,0.0,1.0,-8717.33,0.5998
1216,10,school_floor,0.75,0,216.17,400,0.0,0.0,1.0,-8094.3,0.5972
1217,10,school_floor,0.875,0,185.0,400,0.0,0.0,1.0,-5973.17,0.5951
1218,10,school_floor,0.375,0,213.67,400,0.0,0.0,1.0,-11082.27,0.5918
1219,10,school_floor,0.875,0,233.43,400,0.0,0.0,1.0,-7734.88,0.5892
1220,10,school_floor,0.875,0,189.71,400,0.0,0.0,1.0,-6413.39,0.5871
1221,10,school_floor,0.75,0,181.83,400,0.0,0.0,1.0,-7215.0,0.5847
1222,10,school_floor,0.75,0,195.0,400,0.0,0.0,1.0,-7550.74,0.5823
1223,10,school_floor,0.75,0,169.5,400,0.0,0.0,1.0,-7001.97,0.58
1224,10,school_floor,0.5,0,260.0,400,0.0,0.0,1.0,-11168.25,0.5767
1225,10,school_floor,0.875,0,236.0,400,0.0,0.0,1.0,-7982.82,0.5741
1226,10,school_floor,0.625,0,236.4,400,0.0,0.0,1.0,-9666.12,0.5712
1227,10,school_floor,0.75,0,231.33,400,0.0,0.0,1.0,-8537.19,0.5684
1228,10,school_floor,0.625,0,148.2,400,0.0,0.0,1.0,-7615.19,0.566
1229,10,school_floor,0.875,0,198.71,400,0.0,0.0,1.0,-6600.98,0.5638
1230,10,school_floor,0.75,0,180.83,400,0.0,0.0,1.0,-7182.2,0.5614
1231,10,school_floor,1.0,1,197.0,376,0.0,0.0,1.0,-5715.9,0.5595
1232,10,school_floor,0.75,0,158.5,400,0.0,0.0,1.0,-6922.0,0.5573
1233,10,school_floor,0.875,0,145.0,400,0.0,0.0,1.0,-5067.84,0.5555
1234,10,school_floor,0.75,0,231.83,400,0.125,0.1094,1.0375,-8723.53,0.5528
1235,10,school_floor,0.5,0,154.25,400,0.25,0.1875,1.075,-9489.11,0.55
1236,10,school_floor,0.75,0,202.0,400,0.125,0.1094,1.0375,-8129.18,0.5475
1237,10,school_floor,0.75,0,211.33,400,0.0,0.0,1.0,-8043.02,0.5449
1238,10,school_floor,0.875,0,221.29,400,0.0,0.0,1.0,-7364.85,0.5425
1239,10,school_floor,0.75,0,259.83,400,0.0,0.0,1.0,-9433.56,0.5396
1240,10,school_floor,0.75,0,179.5,400,0.125,0.1094,1.0375,-7587.61,0.5372
1241,10,school_floor,0.75,0,187.17,400,0.125,0.1094,1.0377,-8094.06,0.5348
1242,10,school_floor,0.875,0,170.57,400,0.0,0.0,1.0,-5551.45,0.5328
1243,10,school_floor,0.625,0,187.4,400,0.0,0.0,1.0,-8347.55,0.5302
1244,10,school_floor,0.75,0,292.17,400,0.125,0.1094,1.0375,-10260.04,0.527
1245,10,school_floor,1.0,1,204.38,394,0.0,0.0,1.0,-5534.93,0.5249
1246,10,school_floor,0.875,0,210.86,400,0.0,0.0,1.0,-6875.74,0.5226
1247,10,school_floor,0.75,0,225.0,400,0.0,0.0,1.0,-8588.59,0.5199
1248,10,school_floor,0.875,0,232.0,400,0.0,0.0,1.0,-7697.17,0.5174
1249,10,school_floor,0.75,0,240.67,400,0.0,0.0,1.0,-8945.82,0.5146
1250,10,school_floor,0.875,0,208.43,400,0.0,0.0,1.0,-6958.05,0.5123
1251,10,school_floor,0.75,0,197.83,400,0.0,0.0,1.0,-7755.51,0.5098
1252,10,school_floor,0.75,0,193.5,400,0.0,0.0,1.0,-7063.09,0.5074
1253,10,school_floor,1.0,1,209.62,339,0.0,0.0,1.0,-5925.46,0.5053
1254,10,school_floor,1.0,1,191.62,351,0.0,0.0,1.0,-4965.84,0.5034
1255,10,school_floor,0.875,0,233.86,400,0.0,0.0,1.0,-7375.53,0.5008
1256,10,school_floor,0.875,0,149.43,400,0.0,0.0,1.0,-4874.8,0.499
1257,10,school_floor,1.0,1,173.12,379,0.0,0.0,1.0,-4782.4,0.4973
1258,10,school_floor,1.0,1,166.5,348,0.0,0.0,1.0,-4263.38,0.4956
1259,10,school_floor,1.0,1,227.0,345,0.0,0.0,1.0,-6262.01,0.4934
1260,10,school_floor,0.875,0,180.43,400,0.0,0.0,1.0,-6121.85,0.4913
1261,10,school_floor,0.75,0,178.83,400,0.0,0.0,1.0,-7034.86,0.4889
1262,10,school_floor,0.875,0,208.43,400,0.0,0.0,1.0,-6761.15,0.4866
1263,10,school_floor,1.0,1,235.12,377,0.0,0.0,1.0,-6659.52,0.4843
1264,10,school_floor,1.0,1,213.88,364,0.0,0.0,1.0,-5755.33,0.4821
1265,10,school_floor,0.875,0,179.86,400,0.0,0.0,1.0,-5778.69,0.4801
1266,10,school_floor,1.0,1,183.88,320,0.0,0.0,1.0,-4581.29,0.4782
1267,10,school_floor,0.875,0,191.14,400,0.0,0.0,1.0,-6217.29,0.4761
1268,10,school_floor,1.0,1,139.0,260,0.0,0.0,1.0,-3164.16,0.4747
1269,10,school_floor,1.0,1,191.88,321,0.0,0.0,1.0,-4948.62,0.4728
1270,10,school_floor,0.875,0,141.43,400,0.0,0.0,1.0,-4757.51,0.471
1271,10,school_floor,1.0,1,160.5,286,0.0,0.0,1.0,-4032.12,0.4694
1272,10,school_floor,0.875,0,166.0,400,0.0,0.0,1.0,-5721.11,0.4675
1273,10,school_floor,0.875,0,161.86,400,0.0,0.0,1.0,-5261.12,0.4656
1274,11,office_wing_medium,0.1,0,197.0,400,0.0,0.0,1.0,-17566.98,0.9962
1275,11,office_wing_medium,0.0,0,400,400,0.1,0.09,1.03,-19035.1,0.9922
1276,11,office_wing_medium,0.0,0,400,400,0.2,0.16,1.06,-19339.51,0.9882
1277,11,office_wing_medium,0.1,0,149.0,400,0.1,0.09,1.03,-17829.79,0.9845
1278,11,office_wing_medium,0.0,0,400,400,0.1,0.09,1.03,-19351.36,0.9805
1279,11,office_wing_medium,0.0,0,400,400,0.0,0.0,1.0,-18831.99,0.9765
1280,11,office_wing_medium,0.1,0,101.0,400,0.0,0.0,1.0,-17261.34,0.9728
1281,11,office_wing_medium,0.0,0,400,400,0.218,0.1557,1.0662,-19827.63,0.9688
1282,11,office_wing_medium,0.0,0,400,400,0.2,0.16,1.06,-19138.1,0.9648
1283,11,office_wing_medium,0.1,0,245.0,400,0.274,0.1797,1.09,-18266.3,0.961
1284,11,office_wing_medium,0.0,0,400,400,0.1,0.09,1.03,-18711.9,0.957
1285,11,office_wing_medium,0.1,0,189.0,400,0.2,0.16,1.06,-18078.73,0.9532
1286,11,office_wing_medium,0.1,0,191.0,400,0.1,0.09,1.03,-17777.32,0.9494
1287,11,office_wing_medium,0.0,0,400,400,0.116,0.0891,1.035,-19062.91,0.9454
1288,11,office_wing_medium,0.0,0,400,400,0.1,0.09,1.03,-18576.27,0.9415
1289,11,office_wing_medium,0.0,0,400,400,0.1,0.09,1.03,-19110.33,0.9375
1290,11,office_wing_medium,0.0,0,400,400,0.058,0.0303,1.0227,-18951.09,0.9335
1291,11,office_wing_medium,0.0,0,400,400,0.1,0.09,1.03,-18888.2,0.9295
1292,11,office_wing_medium,0.0,0,400,400,0.182,0.1341,1.0593,-18941.97,0.9255
1293,11,office_wing_medium,0.0,0,400,400,0.058,0.0303,1.0227,-18774.81,0.9215
1294,11,office_wing_medium,0.0,0,400,400,0.1,0.09,1.03,-18803.66,0.9175
1295,11,office_wing_medium,0.0,0,400,400,0.266,0.1728,1.0711,-18884.35,0.9135
1296,11,office_wing_medium,0.2,0,178.5,400,0.2,0.16,1.0599,-16464.63,0.91
1297,11,office_wing_medium,0.0,0,400,400,0.1,0.09,1.03,-18803.82,0.906
1298,11,office_wing_medium,0.0,0,400,400,0.25,0.1588,1.0799,-19397.51,0.902
1299,11,office_wing_medium,0.0,0,400,400,0.1,0.09,1.03,-18668.92,0.898
1300,11,office_wing_medium,0.0,0,400,400,0.03,0.0081,1.0153,-18752.47,0.894
1301,11,office_wing_medium,0.1,0,47.0,400,0.178,0.1268,1.06,-16948.77,0.8904
1302,11,office_wing_medium,0.0,0,400,400,0.18,0.1316,1.0577,-18679.85,0.8864
1303,11,office_wing_medium,0.0,0,400,400,0.14,0.0964,1.0444,-18543.97,0.8824
1304,11,office_wing_medium,0.0,0,400,400,0.0,0.0,1.0,-18562.11,0.8784
1305,11,office_wing_medium,0.0,0,400,400,0.1,0.09,1.0294,-18533.87,0.8744
1306,11,office_wing_medium,0.0,0,400,400,0.182,0.1341,1.06,-18561.62,0.8704
1307,11,office_wing_medium,0.0,0,400,400,0.27,0.1761,1.09,-18774.55,0.8664
1308,11,office_wing_medium,0.1,0,129.0,400,0.1,0.09,1.0298,-17094.49,0.8627
1309,11,office_wing_medium,0.1,0,71.0,400,0.154,0.1054,1.0389,-17083.61,0.859
1310,11,office_wing_medium,0.1,0,95.0,400,0.1,0.09,1.03,-17191.58,0.8553
1311,11,office_wing_medium,0.1,0,28.0,400,0.244,0.1598,1.0766,-17098.5,0.8517
1312,11,office_wing_medium,0.2,0,269.0,400,0.2,0.16,1.0599,-17059.82,0.848
1313,11,office_wing_medium,0.0,0,400,400,0.142,0.0975,1.0354,-18721.55,0.844
1314,11,office_wing_medium,0.0,0,400,400,0.208,0.1069,1.0501,-18644.76,0.84
1315,11,office_wing_medium,0.1,0,88.0,400,0.252,0.1635,1.0789,-16898.4,0.8363
1316,11,office_wing_medium,0.1,0,345.0,400,0.268,0.1276,1.0858,-18643.25,0.8324
1317,11,office_wing_medium,0.2,0,173.0,400,0.15,0.1025,1.0443,-16607.4,0.8288
1318,11,office_wing_medium,0.0,0,400,400,0.3,0.21,1.0889,-19187.85,0.8249
1319,11,office_wing_medium,0.1,0,272.0,400,0.194,0.1252,1.065,-17935.18,0.821
1320,11,office_wing_medium,0.3,0,159.33,400,0.306,0.1642,1.0956,-14897.19,0.8177
1321,11,office_wing_medium,0.0,0,400,400,0.104,0.0893,1.0303,-18601.85,0.8137
1322,11,office_wing_medium,0.1,0,230.0,400,0.326,0.1525,1.0879,-18007.79,0.8099
1323,11,office_wing_medium,0.1,0,233.0,400,0.0449,0.0181,1.0171,-17577.16,0.8061
1324,11,office_wing_medium,0.3,0,248.67,400,0.1,0.09,1.0297,-15749.49,0.8025
1325,11,office_wing_medium,0.1,0,188.0,400,0.1,0.09,1.03,-17123.31,0.7988
1326,11,office_wing_medium,0.2,0,310.0,400,0.116,0.0891,1.03,-17394.47,0.795
1327,11,office_wing_medium,0.4,0,240.75,400,0.0,0.0,1.0,-14961.05,0.7916
1328,11,office_wing_medium,0.3,0,175.0,400,0.0,0.0,1.0,-14491.76,0.7883
1329,11,office_wing_medium,0.3,0,187.33,400,0.054,0.0262,1.0199,-14982.65,0.7849
1330,11,office_wing_medium,0.3,0,156.67,400,0.16,0.1104,1.0546,-14501.57,0.7817
1331,11,office_wing_medium,0.2,0,193.5,400,0.0,0.0,1.0,-16391.14,0.7781
1332,11,office_wing_medium,0.5,0,215.6,400,0.04,0.0144,1.0166,-12877.16,0.775
1333,11,office_wing_medium,0.2,0,155.5,400,0.022,0.0044,1.0097,-15686.38,0.7715
1334,11,office_wing_medium,0.2,0,273.5,400,0.15,0.0958,1.0374,-16929.44,0.7678
1335,11,office_wing_medium,0.3,0,280.67,400,0.132,0.0704,1.0401,-15995.16,0.7641
1336,11,office_wing_medium,0.4,0,261.25,400,0.0,0.0,1.0,-15010.83,0.7607
1337,11,office_wing_medium,0.2,0,158.5,400,0.1,0.09,1.03,-15998.6,0.7572
1338,11,office_wing_medium,0.4,0,194.75,400,0.0,0.0,1.0002,-13721.25,0.754
1339,11,office_wing_medium,0.4,0,271.5,400,0.058,0.0303,1.0227,-15367.69,0.7505
1340,11,office_wing_medium,0.4,0,206.75,400,0.1,0.09,1.0293,-14139.59,0.7473
1341,11,office_wing_medium,0.3,0,129.0,400,0.062,0.0164,1.0158,-14125.29,0.7441
1342,11,office_wing_medium,0.4,0,209.0,400,0.2,0.16,1.06,-14400.47,0.7409
1343,11,office_wing_medium,0.3,0,156.0,400,0.016,0.0023,1.005,-14557.65,0.7376
1344,11,office_wing_medium,0.4,0,289.75,400,0.0,0.0,1.0003,-15605.36,0.7341
1345,11,office_wing_medium,0.3,0,183.67,400,0.0,0.0,1.0,-14787.76,0.7307
1346,11,office_wing_medium,0.2,0,213.5,400,0.1529,0.097,1.0448,-16091.41,0.7271
1347,11,office_wing_medium,0.3,0,230.67,400,0.168,0.118,1.0599,-15476.84,0.7236
1348,11,office_wing_medium,0.3,0,302.33,400,0.0,0.0,1.0,-16319.81,0.7199
1349,11,office_wing_medium,0.4,0,229.0,400,0.1,0.09,1.0301,-14122.41,0.7166
1350,11,office_wing_medium,0.4,0,273.0,400,0.03,0.0081,1.0,-14995.31,0.7131
1351,11,office_wing_medium,0.5,0,186.8,400,0.0,0.0,1.0005,-12195.29,0.7102
1352,11,office_wing_medium,0.4,0,248.75,400,0.068,0.0416,1.03,-14674.1,0.7068
1353,11,office_wing_medium,0.2,0,251.0,400,0.1,0.09,1.03,-16869.38,0.7031
1354,11,office_wing_medium,0.4,0,201.5,400,0.016,0.0023,1.0055,-13768.78,0.6999
1355,11,office_wing_medium,0.5,0,282.8,400,0.0161,0.0023,1.005,-14122.58,0.6965
1356,11,office_wing_medium,0.4,0,294.25,400,0.022,0.002,1.0026,-15591.36,0.693
1357,11,office_wing_medium,0.5,0,142.2,400,0.084,0.0635,1.03,-11104.3,0.6903
1358,11,office_wing_medium,0.4,0,325.75,400,0.1,0.09,1.0287,-15711.5,0.6866
1359,11,office_wing_medium,0.5,0,197.2,400,0.204,0.1329,1.0581,-12495.16,0.6836
1360,11,office_wing_medium,0.5,0,232.8,400,0.0,0.0,1.0,-13236.57,0.6804
1361,11,office_wing_medium,0.3,0,155.67,400,0.2148,0.1207,1.0562,-14098.43,0.6772
1362,11,office_wing_medium,0.2,0,122.0,400,0.052,0.0243,1.0189,-15134.5,0.6737
1363,11,office_wing_medium,0.4,0,156.25,400,0.058,0.0144,1.0256,-13145.89,0.6707
1364,11,office_wing_medium,0.5,0,234.8,400,0.1,0.09,1.03,-13411.61,0.6675
1365,11,office_wing_medium,0.2,0,110.0,400,0.01,0.0009,1.0026,-15349.03,0.6641
1366,11,office_wing_medium,0.3,0,299.67,400,0.0413,0.0148,1.0163,-15560.0,0.6604
1367,11,office_wing_medium,0.5,0,228.2,400,0.0005,0.0,1.0009,-12886.73,0.6573
1368,11,office_wing_medium,0.4,0,209.75,400,0.0141,0.0008,1.0018,-14251.38,0.6541
1369,11,office_wing_medium,0.5,0,203.4,400,0.0,0.0,1.0,-12621.12,0.6511
1370,11,office_wing_medium,0.2,0,119.0,400,0.098,0.0864,1.0259,-15261.69,0.6476
1371,11,office_wing_medium,0.3,0,145.0,400,0.1,0.09,1.03,-14203.01,0.6444
1372,11,office_wing_medium,0.1,0,169.0,400,0.2954,0.2037,1.0891,-17201.19,0.6406
1373,11,office_wing_medium,0.4,0,225.0,400,0.184,0.1367,1.0584,-14362.11,0.6373
1374,11,office_wing_medium,0.2,0,217.0,400,0.1564,0.0942,1.0459,-16355.5,0.6337
1375,11,office_wing_medium,0.4,0,231.75,400,0.1384,0.0925,1.0453,-14098.24,0.6304
1376,11,office_wing_medium,0.3,0,231.33,400,0.054,0.0262,1.0199,-15175.46,0.6269
1377,11,office_wing_medium,0.4,0,203.0,400,0.116,0.0577,1.0332,-13662.62,0.6237
1378,11,office_wing_medium,0.4,0,219.0,400,0.0,0.0,1.0002,-13746.75,0.6204
1379,11,office_wing_medium,0.6,0,289.83,400,0.0,0.0,1.0001,-14092.7,0.6171
1380,11,office_wing_medium,0.4,0,230.75,400,0.1,0.09,1.0294,-14317.51,0.6138
1381,11,office_wing_medium,0.4,0,243.25,400,0.0,0.0,1.0,-14547.63,0.6104
1382,11,office_wing_medium,0.3,0,304.0,400,0.0251,0.0057,1.0152,-16422.1,0.6067
1383,11,office_wing_medium,0.3,0,248.67,400,0.0,0.0,1.0001,-15400.04,0.6032
1384,11,office_wing_medium,0.6,0,239.17,400,0.078,0.0548,1.03,-12214.99,0.6002
1385,11,office_wing_medium,0.3,0,176.0,400,0.2,0.16,1.06,-14352.35,0.5968
1386,11,office_wing_medium,0.2,0,101.0,400,0.0189,0.0032,1.0062,-15246.48,0.5934
1387,11,office_wing_medium,0.3,0,211.0,400,0.022,0.0044,1.0095,-15093.82,0.59
1388,11,office_wing_medium,0.3,0,212.33,400,0.1,0.09,1.029,-14668.56,0.5866
1389,11,office_wing_medium,0.3,0,250.0,400,0.1,0.09,1.0297,-15238.49,0.583
1390,11,office_wing_medium,0.5,0,288.8,400,0.0,0.0,1.0,-14374.24,0.5796
1391,11,office_wing_medium,0.4,0,284.75,400,0.084,0.0635,1.03,-14942.94,0.5761
1392,11,office_wing_medium,0.6,0,224.5,400,0.0,0.0,1.0,-12136.85,0.5731
1393,11,office_wing_medium,0.6,0,229.0,400,0.0,0.0,1.0,-12252.62,0.5702
1394,11,office_wing_medium,0.4,0,227.0,400,0.02,0.0036,1.0078,-14118.24,0.5669
1395,11,office_wing_medium,0.4,0,254.5,400,0.0,0.0,1.0,-14889.92,0.5635
1396,11,office_wing_medium,0.4,0,143.25,400,0.006,0.0003,1.0016,-12883.99,0.5605
1397,11,office_wing_medium,0.5,0,196.2,400,0.0,0.0,1.0,-12460.99,0.5575
1398,11,office_wing_medium,0.3,0,98.33,400,0.2,0.16,1.06,-14027.68,0.5544
1399,11,office_wing_medium,0.6,0,184.5,400,0.0,0.0,1.0,-10774.2,0.5517
1400,11,office_wing_medium,0.6,0,233.33,400,0.1,0.09,1.03,-12412.44,0.5487
1401,11,office_wing_medium,0.2,0,169.0,400,0.1,0.09,1.03,-16084.42,0.5452
1402,11,office_wing_medium,0.5,0,201.8,400,0.1,0.09,1.03,-12551.54,0.5422
1403,11,office_wing_medium,0.3,0,176.33,400,0.1,0.09,1.03,-14691.14,0.5389
1404,11,office_wing_medium,0.5,0,266.0,400,0.088,0.0697,1.0211,-14438.15,0.5355
1405,11,office_wing_medium,0.5,0,244.2,400,0.2,0.16,1.06,-14143.59,0.5323
1406,11,office_wing_medium,0.7,0,218.0,400,0.1,0.09,1.03,-11430.38,0.5296
1407,11,office_wing_medium,0.4,0,230.5,400,0.1,0.09,1.03,-14462.62,0.5263
1408,11,office_wing_medium,0.8,0,225.62,400,0.1087,0.0226,1.0315,-9940.8,0.5237
1409,11,office_wing_medium,0.6,0,252.33,400,0.1605,0.1007,1.0488,-12583.67,0.5206
1410,11,office_wing_medium,0.9,0,205.0,400,0.0815,0.0298,1.0342,-8037.68,0.5184
1411,11,office_wing_medium,0.6,0,168.67,400,0.05,0.0225,1.0181,-10758.06,0.5157
1412,11,office_wing_medium,0.6,0,166.33,400,0.1,0.09,1.03,-10241.95,0.5132
1413,11,office_wing_medium,0.9,0,214.56,400,0.0,0.0,1.0,-8612.58,0.5108
1414,11,office_wing_medium,0.8,0,230.25,400,0.1029,0.0299,1.0253,-10149.29,0.5082
1415,11,office_wing_medium,0.9,0,235.89,400,0.054,0.0262,1.0199,-9267.77,0.5057
1416,11,office_wing_medium,0.7,0,192.14,400,0.144,0.0986,1.0466,-9922.99,0.5031
1417,11,office_wing_medium,0.9,0,212.56,400,0.04,0.0144,1.016,-8693.72,0.5008
1418,11,office_wing_medium,0.6,0,262.0,400,0.018,0.0029,1.0062,-12577.57,0.4977
1419,11,office_wing_medium,0.8,0,187.0,400,0.042,0.0159,1.0163,-8278.65,0.4954
1420,11,office_wing_medium,0.9,0,191.56,400,0.0,0.0,1.0,-7561.27,0.4933
1421,11,office_wing_medium,0.7,0,228.57,400,0.106,0.0451,1.0393,-11174.77,0.4905
1422,11,office_wing_medium,0.9,0,215.44,400,0.062,0.0346,1.027,-8773.79,0.4881
1423,11,office_wing_medium,0.8,0,188.38,400,0.038,0.013,1.0158,-8598.48,0.4858
1424,11,office_wing_medium,0.5,0,152.8,400,0.0274,0.0067,1.0102,-11784.96,0.4831
1425,11,office_wing_medium,0.8,0,177.75,400,0.0,0.0,1.0,-8224.79,0.4808
1426,11,office_wing_medium,0.7,0,205.14,400,0.0,0.0,1.0,-10048.02,0.4782
1427,11,office_wing_medium,0.8,0,196.0,400,0.0,0.0,1.0,-8909.3,0.4759
1428,11,office_wing_medium,0.7,0,206.43,400,0.0,0.0,1.0,-10105.21,0.4732
1429,11,office_wing_medium,0.8,0,248.62,400,0.0,0.0,1.0,-10572.78,0.4704
1430,11,office_wing_medium,0.8,0,168.88,400,0.036,0.0117,1.0157,-8151.25,0.4683
1431,11,office_wing_medium,0.6,0,222.17,400,0.002,0.0,1.001,-11752.57,0.4654
1432,11,office_wing_medium,0.9,0,213.11,400,0.04,0.0144,1.016,-8000.6,0.463
1433,11,office_wing_medium,0.9,0,189.0,400,0.044,0.0174,1.0166,-7131.46,0.4609
1434,11,office_wing_medium,0.9,0,210.33,400,0.0,0.0,1.0,-7977.24,0.4587
1435,11,office_wing_medium,0.9,0,188.67,400,0.0327,0.0055,1.0122,-7464.91,0.4566
1436,11,office_wing_medium,0.9,0,197.22,400,0.0545,0.0268,1.0211,-7555.8,0.4544
1437,11,office_wing_medium,1.0,1,207.6,375,0.0,0.0,1.0,-6913.94,0.4523
1438,11,office_wing_medium,1.0,1,215.5,389,0.0347,0.0108,1.0157,-7363.79,0.4502
1439,11,office_wing_medium,0.9,0,182.67,400,0.0205,0.0038,1.0078,-6879.04,0.4481
1440,11,office_wing_medium,0.9,0,212.44,400,0.0403,0.0146,1.016,-8300.35,0.4458
1441,11,office_wing_medium,1.0,1,193.2,305,0.2778,0.1368,1.0879,-6409.92,0.4439
1442,11,office_wing_medium,0.7,0,152.86,400,0.1,0.09,1.025,-8538.57,0.4416
1443,11,office_wing_medium,0.9,0,166.11,400,0.04,0.0144,1.016,-6510.77,0.4397
1444,11,office_wing_medium,0.8,0,212.0,400,0.0201,0.0036,1.0078,-9243.65,0.4372
1445,11,office_wing_medium,0.9,0,151.78,400,0.036,0.0117,1.0158,-5988.26,0.4355
1446,11,office_wing_medium,0.9,0,218.67,400,0.04,0.0144,1.016,-8417.01,0.4331
1447,11,office_wing_medium,0.7,0,198.29,400,0.1297,0.092,1.0387,-9974.08,0.4305
1448,11,office_wing_medium,0.8,0,155.62,400,0.0386,0.0134,1.016,-7515.81,0.4285
1449,11,office_wing_medium,0.7,0,145.0,400,0.0,0.0,1.0,-8455.4,0.4263
1450,11,office_wing_medium,0.8,0,167.25,400,0.0,0.0,1.0,-7998.37,0.4242
1451,11,office_wing_medium,0.8,0,236.25,400,0.026,0.0061,1.0152,-10192.19,0.4215
1452,11,office_wing_medium,0.7,0,141.0,400,0.0441,0.0157,1.0163,-8325.25,0.4193
1453,11,office_wing_medium,0.7,0,163.57,400,0.0,0.0,1.0,-9176.08,0.4169
1454,11,office_wing_medium,0.7,0,118.57,400,0.03,0.0081,1.0154,-7834.51,0.4149
1455,11,office_wing_medium,0.7,0,143.0,400,0.106,0.0786,1.0321,-8460.61,0.4127
1456,11,office_wing_medium,0.7,0,154.71,400,0.0537,0.026,1.0199,-8785.05,0.4104
1457,11,office_wing_medium,0.5,0,189.6,400,0.1,0.09,1.0281,-12175.07,0.4075
1458,11,office_wing_medium,1.0,1,148.9,304,0.0341,0.0104,1.0155,-4229.3,0.406
1459,11,office_wing_medium,0.7,0,144.86,400,0.0532,0.0129,1.0153,-8494.5,0.4038
1460,11,office_wing_medium,0.5,0,162.4,400,0.0,0.0,1.0,-11553.97,0.401
1461,11,office_wing_medium,0.9,0,159.22,400,0.04,0.0144,1.0161,-6075.43,0.3992
1462,11,office_wing_medium,0.6,0,247.67,400,0.0469,0.0097,1.0198,-12855.69,0.3961
1463,11,office_wing_medium,0.9,0,214.22,400,0.0,0.0,1.0,-8447.67,0.3938
1464,11,office_wing_medium,0.8,0,193.88,400,0.0,0.0,1.0,-8368.43,0.3914
1465,11,office_wing_medium,0.9,0,176.78,400,0.0,0.0,1.0,-6794.22,0.3894
1466,11,office_wing_medium,1.0,1,197.2,386,0.0557,0.0058,1.013,-6528.74,0.3875
1467,11,office_wing_medium,0.9,0,175.11,400,0.0411,0.0071,1.0122,-6838.06,0.3855
1468,11,office_wing_medium,0.9,0,168.33,400,0.038,0.013,1.0164,-6294.58,0.3836
1469,11,office_wing_medium,0.9,0,183.44,400,0.0937,0.0361,1.0388,-6955.56,0.3815
1470,11,office_wing_medium,1.0,1,185.5,328,0.036,0.0117,1.0159,-5635.04,0.3797
1471,11,office_wing_medium,0.9,0,194.22,400,0.0819,0.0461,1.0326,-7397.32,0.3776
1472,11,office_wing_medium,1.0,1,170.0,321,0.034,0.0104,1.0156,-5213.4,0.3759
1473,11,office_wing_medium,0.9,0,169.78,400,0.0,0.0,1.0003,-6469.02,0.3739
1474,11,office_wing_medium,0.8,0,162.5,400,0.0577,0.0222,1.0207,-7568.19,0.3718
1475,11,office_wing_medium,0.9,0,180.44,400,0.0066,0.0004,1.0,-6970.31,0.3698
1476,11,office_wing_medium,1.0,1,177.7,300,0.0,0.0,1.0,-5813.05,0.368
1477,11,office_wing_medium,1.0,1,223.9,377,0.0965,0.0378,1.0262,-7317.85,0.3658
1478,11,office_wing_medium,0.8,0,209.25,400,0.1,0.09,1.03,-9240.14,0.3633
1479,11,office_wing_medium,0.6,0,190.0,400,0.0,0.0,1.0,-10457.24,0.3606
1480,11,office_wing_medium,0.7,0,257.86,400,0.1,0.09,1.03,-11823.87,0.3576
1481,11,office_wing_medium,0.6,0,245.5,400,0.0,0.0,1.0,-12127.15,0.3545
1482,11,office_wing_medium,0.7,0,181.29,400,0.0,0.0,1.0,-9611.72,0.3521
1483,11,office_wing_medium,0.7,0,275.57,400,0.0,0.0,1.0,-12802.46,0.349
1484,11,office_wing_medium,0.6,0,218.5,400,0.0,0.0,1.0,-11401.94,0.346
1485,11,office_wing_medium,0.4,0,172.0,400,0.0,0.0,1.0,-13149.23,0.343
1486,11,office_wing_medium,0.7,0,216.43,400,0.064,0.0167,1.0309,-10532.6,0.3403
1487,11,office_wing_medium,0.7,0,157.71,400,0.0,0.0,1.0002,-8617.86,0.338
1488,11,office_wing_medium,0.5,0,231.4,400,0.0,0.0,1.0,-12493.96,0.3348
1489,11,office_wing_medium,0.7,0,175.0,400,0.0,0.0,1.0001,-9396.16,0.3324
1490,11,office_wing_medium,0.5,0,211.2,400,0.042,0.0159,1.0054,-12461.71,0.3293
1491,11,office_wing_medium,0.8,0,222.25,400,0.086,0.0666,1.0302,-9592.62,0.3268
1492,11,office_wing_medium,0.7,0,182.14,400,0.0,0.0,1.0,-9425.03,0.3243
1493,11,office_wing_medium,0.7,0,196.71,400,0.0,0.0,1.0,-9613.7,0.3217
1494,11,office_wing_medium,0.5,0,211.2,400,0.0,0.0,1.0,-12129.04,0.3187
1495,11,office_wing_medium,0.4,0,278.25,400,0.0,0.0,1.0,-14708.18,0.3152
1496,11,office_wing_medium,0.5,0,267.0,400,0.0,0.0,1.0,-13789.18,0.3118
1497,11,office_wing_medium,0.6,0,257.67,400,0.0,0.0,1.0,-12630.18,0.3087
1498,11,office_wing_medium,0.4,0,276.75,400,0.0,0.0,1.0,-14513.74,0.3052
1499,11,office_wing_medium,0.3,0,251.33,400,0.282,0.1861,1.09,-14949.97,0.3017
1500,11,office_wing_medium,0.6,0,234.83,400,0.08,0.0576,1.0298,-12031.69,0.2987
1501,11,office_wing_medium,0.6,0,194.0,400,0.0,0.0,1.0,-11142.01,0.2959
1502,11,office_wing_medium,0.7,0,226.43,400,0.0,0.0,1.0,-10682.07,0.2931
1503,11,office_wing_medium,0.4,0,295.5,400,0.238,0.1578,1.0758,-15284.31,0.2895
1504,11,office_wing_medium,0.7,0,263.29,400,0.1,0.09,1.03,-11612.06,0.2865
1505,11,office_wing_medium,0.4,0,204.75,400,0.4,0.24,1.1162,-14094.52,0.2833
1506,11,office_wing_medium,0.6,0,186.17,400,0.03,0.0081,1.0153,-10758.97,0.2806
1507,11,office_wing_medium,0.2,0,199.0,400,0.294,0.2019,1.09,-16467.3,0.277
1508,11,office_wing_medium,0.3,0,195.0,400,0.3,0.21,1.0899,-15080.8,0.2736
1509,11,office_wing_medium,0.6,0,277.33,400,0.162,0.1055,1.06,-13775.75,0.2704
1510,11,office_wing_medium,0.3,0,159.67,400,0.434,0.2016,1.15,-14118.53,0.2671
1511,11,office_wing_medium,0.3,0,237.67,400,0.1,0.09,1.03,-15446.12,0.2636
1512,11,office_wing_medium,0.5,0,190.8,400,0.0,0.0,1.0,-11990.06,0.2606
1513,11,office_wing_medium,0.2,0,260.5,400,0.0,0.0,1.0,-15978.97,0.2569
1514,11,office_wing_medium,0.4,0,233.0,400,0.1,0.09,1.03,-13793.61,0.2536
1515,11,office_wing_medium,0.7,0,241.43,400,0.036,0.0117,1.0157,-11636.75,0.2507
1516,11,office_wing_medium,0.3,0,269.33,400,0.2,0.16,1.06,-15722.08,0.2471
1517,11,office_wing_medium,0.4,0,244.25,400,0.2,0.16,1.06,-14121.96,0.2437
1518,11,office_wing_medium,0.7,0,195.14,400,0.01,0.0009,1.0,-9639.05,0.2412
1519,11,office_wing_medium,0.6,0,186.67,400,0.2,0.16,1.06,-10954.59,0.2385
1520,11,office_wing_medium,0.5,0,156.0,400,0.3,0.21,1.09,-11472.73,0.2357
1521,11,office_wing_medium,0.5,0,119.8,400,0.278,0.1816,1.09,-10586.54,0.2331
1522,11,office_wing_medium,0.4,0,214.0,400,0.2906,0.1977,1.0876,-14150.23,0.2298
1523,11,office_wing_medium,0.3,0,176.0,400,0.1761,0.056,1.0758,-15028.09,0.2265
1524,11,office_wing_medium,0.4,0,126.75,400,0.012,0.0013,1.0032,-12760.3,0.2236
1525,11,office_wing_medium,0.5,0,194.0,400,0.2593,0.1197,1.0983,-12326.67,0.2207
1526,11,office_wing_medium,0.3,0,296.33,400,0.306,0.1415,1.107,-16181.41,0.217
1527,11,office_wing_medium,0.7,0,204.86,400,0.4408,0.1405,1.1348,-10359.45,0.2144
1528,11,office_wing_medium,0.5,0,164.0,400,0.246,0.114,1.089,-11840.3,0.2115
1529,11,office_wing_medium,0.5,0,185.2,400,0.146,0.0774,1.0506,-12362.33,0.2086
1530,11,office_wing_medium,0.8,0,174.5,400,0.3281,0.1296,1.1256,-7869.46,0.2064
1531,11,office_wing_medium,0.9,0,142.11,400,0.0998,0.019,1.0358,-5791.4,0.2047
1532,11,office_wing_medium,0.9,0,99.78,400,0.098,0.0384,1.0356,-3421.2,0.2035
1533,11,office_wing_medium,0.9,0,155.22,400,0.0585,0.026,1.0211,-5802.77,0.2017
1534,11,office_wing_medium,0.8,0,140.75,400,0.3414,0.1154,1.127,-6573.2,0.1997
1535,11,office_wing_medium,0.8,0,121.88,400,0.1657,0.0873,1.0527,-6084.29,0.198
1536,11,office_wing_medium,0.8,0,150.38,400,0.176,0.1252,1.06,-7182.96,0.196
1537,11,office_wing_medium,0.6,0,131.67,400,0.2,0.16,1.06,-9290.68,0.1936
1538,11,office_wing_medium,0.8,0,130.75,400,0.1524,0.0555,1.0591,-6480.7,0.1917
1539,11,office_wing_medium,0.9,0,125.22,400,0.0605,0.0196,1.0175,-4710.84,0.1902
1540,11,office_wing_medium,0.9,0,168.22,400,0.2442,0.1509,1.0799,-6403.88,0.1883
1541,11,office_wing_medium,0.7,0,204.71,400,0.05,0.0225,1.0182,-9932.43,0.1857
1542,11,office_wing_medium,0.9,0,153.44,400,0.1084,0.0324,1.04,-5370.97,0.1839
1543,11,office_wing_medium,0.9,0,129.44,400,0.1767,0.0675,1.06,-4902.59,0.1823
1544,11,office_wing_medium,0.8,0,121.25,400,0.1305,0.0557,1.0499,-6485.62,0.1806
1545,11,office_wing_medium,0.9,0,181.22,400,0.1097,0.0492,1.0445,-6875.43,0.1785
1546,11,office_wing_medium,0.5,0,105.2,400,0.1314,0.0534,1.0499,-10997.96,0.176
1547,11,office_wing_medium,0.7,0,154.14,400,0.036,0.0117,1.0157,-8937.12,0.1738
1548,11,office_wing_medium,0.7,0,150.0,400,0.1001,0.0404,1.0385,-8361.01,0.1715
1549,11,office_wing_medium,0.7,0,190.29,400,0.0,0.0,1.0,-9795.68,0.169
1550,11,office_wing_medium,0.7,0,106.14,400,0.046,0.019,1.0175,-7402.63,0.167
1551,11,office_wing_medium,0.7,0,170.29,400,0.1113,0.0387,1.0385,-9002.28,0.1647
1552,11,office_wing_medium,0.7,0,144.57,400,0.026,0.0061,1.0152,-8089.75,0.1624
1553,11,office_wing_medium,0.8,0,140.12,400,0.012,0.0013,1.0031,-6298.11,0.1605
1554,11,office_wing_medium,0.7,0,127.14,400,0.0,0.0,1.0,-7645.61,0.1584
1555,11,office_wing_medium,0.8,0,120.88,400,0.0,0.0,1.0,-5989.31,0.1567
1556,11,office_wing_medium,0.8,0,130.62,400,0.0298,0.0062,1.0151,-6302.91,0.1548
1557,11,office_wing_medium,0.9,0,140.78,400,0.0,0.0,1.0,-5290.75,0.1532
1558,11,office_wing_medium,0.9,0,117.44,400,0.0,0.0,1.0,-4293.23,0.1517
1559,11,office_wing_medium,0.9,0,100.11,400,0.066,0.0392,1.0299,-3727.73,0.1504
1560,11,office_wing_medium,0.9,0,135.67,400,0.0574,0.0141,1.025,-5237.7,0.1488
1561,11,office_wing_medium,0.9,0,151.56,400,0.0326,0.0096,1.0155,-5871.18,0.147
1562,11,office_wing_medium,0.7,0,94.14,400,0.032,0.0092,1.0154,-6994.44,0.1452
1563,11,office_wing_medium,0.8,0,143.0,400,0.0324,0.0095,1.0148,-6823.81,0.1433
1564,11,office_wing_medium,0.6,0,122.33,400,0.0505,0.0156,1.0161,-9456.54,0.1409
1565,11,office_wing_medium,0.8,0,167.75,400,0.036,0.0117,1.0156,-7627.91,0.1388
1566,11,office_wing_medium,0.7,0,161.0,400,0.0,0.0,1.0,-9063.38,0.1365
1567,11,office_wing_medium,0.4,0,87.75,400,0.0,0.0,1.0,-12389.29,0.1337
1568,11,office_wing_medium,0.3,0,77.67,400,0.0,0.0,1.0,-13551.28,0.1307
1569,11,office_wing_medium,0.7,0,142.43,400,0.0416,0.0148,1.0163,-8206.47,0.1285
1570,11,office_wing_medium,0.9,0,138.11,400,0.062,0.0346,1.0269,-5044.85,0.1269
1571,11,office_wing_medium,0.8,0,153.12,400,0.0729,0.0207,1.0303,-7112.8,0.1248
1572,11,office_wing_medium,0.8,0,127.75,400,0.0486,0.0213,1.0181,-6234.43,0.123
1573,11,office_wing_medium,0.6,0,108.5,400,0.2125,0.1564,1.06,-8766.22,0.1208
1574,11,office_wing_medium,0.8,0,149.25,400,0.024,0.0052,1.0119,-6646.83,0.1188
1575,11,office_wing_medium,1.0,1,120.6,221,0.014,0.0018,1.0038,-2743.34,0.1176
1576,11,office_wing_medium,0.8,0,129.62,400,0.2889,0.1496,1.0799,-6324.63,0.1157
1577,11,office_wing_medium,0.7,0,79.0,400,0.2188,0.1242,1.073,-6506.28,0.114
1578,11,office_wing_medium,0.7,0,101.14,400,0.3259,0.1973,1.09,-7445.4,0.1121
1579,11,office_wing_medium,1.0,1,95.0,184,0.0698,0.0219,1.0287,-1693.34,0.1111
1580,11,office_wing_medium,0.8,0,143.12,400,0.4663,0.1585,1.1497,-7444.37,0.1092
1581,11,office_wing_medium,0.9,0,134.89,400,0.1295,0.0865,1.03,-5064.75,0.1076
1582,11,office_wing_medium,0.7,0,150.29,400,0.198,0.1102,1.0755,-8848.26,0.1053
1583,11,office_wing_medium,0.9,0,154.22,400,0.1146,0.0465,1.0427,-5662.04,0.1036
1584,11,office_wing_medium,0.9,0,116.67,400,0.0869,0.0366,1.027,-4608.89,0.1021
1585,11,office_wing_medium,0.9,0,117.33,400,0.0536,0.0258,1.0199,-4274.44,0.1007
1586,11,office_wing_medium,1.0,1,150.8,328,0.071,0.0453,1.0299,-4282.53,0.0992
1587,11,office_wing_medium,0.8,0,102.5,400,0.018,0.0029,1.0061,-5520.96,0.0975
1588,11,office_wing_medium,0.9,0,106.44,400,0.0655,0.0286,1.0211,-4017.03,0.0962
1589,11,office_wing_medium,0.8,0,119.88,400,0.0,0.0,1.0,-5988.95,0.0944
1590,11,office_wing_medium,0.8,0,101.12,400,0.026,0.0061,1.0149,-5080.19,0.0928
1591,11,office_wing_medium,1.0,1,151.9,319,0.062,0.0346,1.0269,-4131.88,0.0913
1592,11,office_wing_medium,0.9,0,138.22,400,0.0602,0.0327,1.027,-4894.34,0.0897
1593,11,office_wing_medium,1.0,1,133.1,291,0.046,0.019,1.0172,-3104.37,0.0883
1594,11,office_wing_medium,0.9,0,91.56,400,0.068,0.0417,1.0299,-3329.31,0.0871
1595,11,office_wing_medium,0.9,0,162.22,400,0.0,0.0,1.0,-6142.16,0.0853
1596,11,office_wing_medium,0.9,0,102.67,400,0.0,0.0,1.0,-3667.89,0.0839
1597,11,office_wing_medium,0.9,0,105.33,400,0.0916,0.0514,1.0299,-3523.65,0.0826
1598,11,office_wing_medium,0.9,0,108.0,400,0.0788,0.0411,1.03,-3754.26,0.0812
1599,11,office_wing_medium,1.0,1,103.9,252,0.0241,0.0052,1.012,-2098.68,0.0802
1600,11,office_wing_medium,1.0,1,103.1,185,0.0,0.0,1.0,-1756.35,0.0792
1601,11,office_wing_medium,0.9,0,133.56,400,0.028,0.0071,1.0152,-4560.8,0.0776
1602,11,office_wing_medium,1.0,1,119.6,243,0.0354,0.0079,1.0152,-2730.67,0.0764
1603,11,office_wing_medium,1.0,1,113.0,394,0.034,0.0104,1.0149,-2430.99,0.0752
1604,11,office_wing_medium,0.8,0,120.88,400,0.046,0.019,1.0175,-6197.06,0.0735
1605,11,office_wing_medium,0.9,0,101.33,400,0.034,0.0104,1.0156,-3495.92,0.0722
1606,11,office_wing_medium,0.9,0,117.56,400,0.0,0.0,1.0003,-4281.93,0.0707
1607,11,office_wing_medium,1.0,1,142.0,286,0.027,0.0046,1.0097,-3608.85,0.0693
1608,12,hazard_near_exit_medium,0.2,0,26.0,420,0.0,0.0,1.0,-15789.86,0.9968
1609,12,hazard_near_exit_medium,0.3,0,92.33,420,0.034,0.0104,1.0155,-14793.86,0.9937
1610,12,hazard_near_exit_medium,0.1,0,192.0,420,0.0,0.0,1.0,-18646.53,0.9899
1611,12,hazard_near_exit_medium,0.1,0,27.0,420,0.1,0.09,1.03,-17873.29,0.9863
1612,12,hazard_near_exit_medium,0.1,0,8.0,420,0.0,0.0,1.0,-17791.45,0.9827
1613,12,hazard_near_exit_medium,0.1,0,56.0,420,0.0,0.0,1.0,-17938.13,0.9791
1614,12,hazard_near_exit_medium,0.1,0,92.0,420,0.0,0.0,1.0,-18017.74,0.9754
1615,12,hazard_near_exit_medium,0.1,0,100.0,420,0.042,0.0159,1.0054,-18166.09,0.9717
1616,12,hazard_near_exit_medium,0.4,0,184.25,420,0.048,0.0207,1.0073,-14819.94,0.9686
1617,12,hazard_near_exit_medium,0.1,0,41.0,420,0.0,0.0,1.0,-18004.95,0.965
1618,12,hazard_near_exit_medium,0.1,0,53.0,420,0.0,0.0,1.0,-17856.73,0.9613
1619,12,hazard_near_exit_medium,0.1,0,173.0,420,0.0,0.0,1.0,-18422.63,0.9576
1620,12,hazard_near_exit_medium,0.2,0,198.0,420,0.0,0.0,1.0,-17230.28,0.954
1621,12,hazard_near_exit_medium,0.2,0,25.0,420,0.0,0.0,1.0,-16075.26,0.9508
1622,12,hazard_near_exit_medium,0.2,0,25.0,420,0.0,0.0,1.0,-15813.78,0.9475
1623,12,hazard_near_exit_medium,0.1,0,29.0,420,0.0,0.0,1.0,-17906.59,0.9439
1624,12,hazard_near_exit_medium,0.3,0,169.33,420,0.0,0.0,1.0,-15894.57,0.9406
1625,12,hazard_near_exit_medium,0.2,0,211.0,420,0.1,0.09,1.03,-17640.27,0.937
1626,12,hazard_near_exit_medium,0.1,0,117.0,420,0.0,0.0,1.0,-18227.84,0.9333
1627,12,hazard_near_exit_medium,0.1,0,210.0,420,0.0,0.0,1.0,-18527.35,0.9295
1628,12,hazard_near_exit_medium,0.2,0,122.5,420,0.05,0.0225,1.0181,-16672.97,0.9261
1629,12,hazard_near_exit_medium,0.2,0,106.0,420,0.0,0.0,1.0,-16420.73,0.9227
1630,12,hazard_near_exit_medium,0.3,0,165.67,420,0.072,0.0467,1.03,-15872.22,0.9194
1631,12,hazard_near_exit_medium,0.3,0,234.67,420,0.0,0.0,1.0,-16675.06,0.916
1632,12,hazard_near_exit_medium,0.2,0,98.0,420,0.0,0.0,1.0,-16589.71,0.9126
1633,12,hazard_near_exit_medium,0.2,0,128.0,420,0.1,0.09,1.0298,-16607.37,0.9092
1634,12,hazard_near_exit_medium,0.1,0,11.0,420,0.0,0.0,1.0,-17721.82,0.9056
1635,12,hazard_near_exit_medium,0.1,0,283.0,420,0.082,0.0605,1.0286,-18808.54,0.9017
1636,12,hazard_near_exit_medium,0.1,0,183.0,420,0.002,0.0,1.001,-18407.27,0.8979
1637,12,hazard_near_exit_medium,0.2,0,191.0,420,0.0,0.0,1.0,-17279.49,0.8944
1638,12,hazard_near_exit_medium,0.3,0,360.33,420,0.0,0.0,1.0,-18188.15,0.8906
1639,12,hazard_near_exit_medium,0.3,0,191.0,420,0.0,0.0,1.0,-15839.45,0.8872
1640,12,hazard_near_exit_medium,0.2,0,51.0,420,0.0,0.0,1.0,-15875.74,0.8839
1641,12,hazard_near_exit_medium,0.3,0,104.0,420,0.0,0.0,1.0,-14635.65,0.8808
1642,12,hazard_near_exit_medium,0.3,0,159.67,420,0.0,0.0,1.0,-15445.38,0.8776
1643,12,hazard_near_exit_medium,0.3,0,146.0,420,0.05,0.0225,1.0181,-15170.29,0.8744
1644,12,hazard_near_exit_medium,0.2,0,101.5,420,0.094,0.0795,1.03,-16292.68,0.871
1645,12,hazard_near_exit_medium,0.3,0,176.67,420,0.1,0.09,1.03,-15674.01,0.8677
1646,12,hazard_near_exit_medium,0.3,0,148.33,420,0.1,0.09,1.0287,-15131.15,0.8645
1647,12,hazard_near_exit_medium,0.2,0,160.0,420,0.0,0.0,1.0,-16839.29,0.861
1648,12,hazard_near_exit_medium,0.3,0,130.0,420,0.0,0.0,1.0,-15112.03,0.8578
1649,12,hazard_near_exit_medium,0.3,0,256.67,420,0.1,0.09,1.03,-16800.24,0.8543
1650,12,hazard_near_exit_medium,0.3,0,247.67,420,0.0,0.0,1.0,-16586.71,0.8508
1651,12,hazard_near_exit_medium,0.4,0,138.0,420,0.0,0.0,1.0,-13689.6,0.8479
1652,12,hazard_near_exit_medium,0.4,0,168.5,420,0.0,0.0,1.0,-14335.02,0.8448
1653,12,hazard_near_exit_medium,0.4,0,149.25,420,0.0,0.0,1.0,-13858.1,0.8419
1654,12,hazard_near_exit_medium,0.4,0,197.5,420,0.1,0.09,1.03,-14797.33,0.8387
1655,12,hazard_near_exit_medium,0.4,0,109.5,420,0.1,0.09,1.03,-12982.7,0.8359
1656,12,hazard_near_exit_medium,0.2,0,94.5,420,0.1,0.09,1.03,-15958.41,0.8325
1657,12,hazard_near_exit_medium,0.3,0,199.0,420,0.064,0.0369,1.03,-15690.62,0.8292
1658,12,hazard_near_exit_medium,0.3,0,137.0,420,0.098,0.0864,1.03,-14996.18,0.826
1659,12,hazard_near_exit_medium,0.3,0,191.67,420,0.1,0.09,1.03,-15981.17,0.8227
1660,12,hazard_near_exit_medium,0.2,0,195.0,420,0.006,0.0003,1.0,-16879.86,0.8191
1661,12,hazard_near_exit_medium,0.1,0,312.0,420,0.074,0.0493,1.03,-18770.85,0.8152
1662,12,hazard_near_exit_medium,0.3,0,167.67,420,0.1,0.09,1.03,-15420.18,0.8119
1663,12,hazard_near_exit_medium,0.4,0,84.75,420,0.1,0.09,1.03,-12728.87,0.8092
1664,12,hazard_near_exit_medium,0.5,0,127.8,420,0.0,0.0,1.0,-11963.67,0.8066
1665,12,hazard_near_exit_medium,0.4,0,102.0,420,0.1,0.09,1.03,-13097.61,0.8038
1666,12,hazard_near_exit_medium,0.3,0,74.0,420,0.1,0.09,1.03,-14282.67,0.8008
1667,12,hazard_near_exit_medium,0.3,0,98.67,420,0.0,0.0,1.0,-14536.92,0.7977
1668,12,hazard_near_exit_medium,0.4,0,86.0,420,0.0,0.0,1.0,-12645.26,0.795
1669,12,hazard_near_exit_medium,0.2,0,86.0,420,0.1,0.09,1.03,-16197.81,0.7917
1670,12,hazard_near_exit_medium,0.3,0,71.67,420,0.1,0.09,1.03,-14545.88,0.7887
1671,12,hazard_near_exit_medium,0.3,0,92.67,420,0.1,0.09,1.03,-14444.37,0.7856
1672,12,hazard_near_exit_medium,0.3,0,98.33,420,0.0,0.0,1.0,-14493.21,0.7825
1673,12,hazard_near_exit_medium,0.3,0,99.33,420,0.136,0.0945,1.0457,-14689.27,0.7795
1674,12,hazard_near_exit_medium,0.1,0,134.0,420,0.0,0.0,1.0,-17928.63,0.7757
1675,12,hazard_near_exit_medium,0.2,0,20.0,420,0.1,0.09,1.03,-15726.88,0.7725
1676,12,hazard_near_exit_medium,0.5,0,121.8,420,0.152,0.1039,1.0489,-12033.88,0.7699
1677,12,hazard_near_exit_medium,0.2,0,163.5,420,0.0,0.0,1.0,-16725.01,0.7664
1678,12,hazard_near_exit_medium,0.3,0,63.0,420,0.1,0.09,1.03,-14619.55,0.7635
1679,12,hazard_near_exit_medium,0.2,0,82.0,420,0.2,0.16,1.06,-16051.7,0.7601
1680,12,hazard_near_exit_medium,0.3,0,40.67,420,0.248,0.1615,1.075,-13968.0,0.7572
1681,12,hazard_near_exit_medium,0.2,0,76.0,420,0.1,0.09,1.03,-16094.02,0.7539
1682,12,hazard_near_exit_medium,0.3,0,79.0,420,0.088,0.0697,1.03,-14127.83,0.7508
1683,12,hazard_near_exit_medium,0.3,0,84.67,420,0.082,0.0605,1.03,-14587.48,0.7478
1684,12,hazard_near_exit_medium,0.3,0,137.33,420,0.072,0.0467,1.03,-15369.71,0.7446
1685,12,hazard_near_exit_medium,0.4,0,147.5,420,0.084,0.0635,1.0299,-13796.98,0.7417
1686,12,hazard_near_exit_medium,0.4,0,120.5,420,0.0,0.0,1.0,-13234.53,0.7388
1687,12,hazard_near_exit_medium,0.1,0,25.0,420,0.1,0.09,1.03,-17486.92,0.7352
1688,12,hazard_near_exit_medium,0.1,0,34.0,420,0.2,0.16,1.06,-17451.48,0.7316
1689,12,hazard_near_exit_medium,0.5,0,160.8,420,0.1,0.09,1.03,-12648.66,0.7288
1690,12,hazard_near_exit_medium,0.3,0,147.67,420,0.1,0.09,1.03,-15158.41,0.7256
1691,12,hazard_near_exit_medium,0.5,0,160.2,420,0.1,0.09,1.03,-12803.89,0.7228
1692,12,hazard_near_exit_medium,0.3,0,64.0,420,0.0,0.0,1.0,-14159.59,0.7199
1693,12,hazard_near_exit_medium,0.5,0,168.6,420,0.0,0.0,1.0,-12347.82,0.7171
1694,12,hazard_near_exit_medium,0.5,0,151.4,420,0.084,0.0635,1.03,-12343.27,0.7143
1695,12,hazard_near_exit_medium,0.6,0,186.67,420,0.0,0.0,1.0,-11708.4,0.7117
1696,12,hazard_near_exit_medium,0.5,0,169.0,420,0.1,0.09,1.03,-12810.87,0.7089
1697,12,hazard_near_exit_medium,0.5,0,102.2,420,0.0,0.0,1.0,-11065.96,0.7064
1698,12,hazard_near_exit_medium,0.3,0,48.33,420,0.018,0.0029,1.0,-13895.02,0.7035
1699,12,hazard_near_exit_medium,0.3,0,68.67,420,0.068,0.0416,1.026,-14096.99,0.7005
1700,12,hazard_near_exit_medium,0.3,0,110.0,420,0.098,0.0864,1.03,-14359.53,0.6974
1701,12,hazard_near_exit_medium,0.3,0,60.33,420,0.0,0.0,1.0,-14059.52,0.6944
1702,12,hazard_near_exit_medium,0.4,0,124.5,420,0.0,0.0,1.0,-13051.77,0.6915
1703,12,hazard_near_exit_medium,0.5,0,170.0,420,0.0,0.0,1.0,-12597.12,0.6887
1704,12,hazard_near_exit_medium,0.5,0,87.0,420,0.0,0.0,1.0005,-10825.96,0.6863
1705,12,hazard_near_exit_medium,0.6,0,160.5,420,0.0,0.0,1.0,-10927.97,0.6838
1706,12,hazard_near_exit_medium,0.3,0,243.67,420,0.0,0.0,1.0,-16066.2,0.6803
1707,12,hazard_near_exit_medium,0.5,0,193.6,420,0.0,0.0,1.0,-12883.22,0.6774
1708,12,hazard_near_exit_medium,0.5,0,175.2,420,0.0,0.0,1.0,-12416.29,0.6746
1709,12,hazard_near_exit_medium,0.5,0,163.4,420,0.0,0.0,1.0,-12317.67,0.6718
1710,12,hazard_near_exit_medium,0.3,0,174.33,420,0.05,0.0225,1.0147,-15044.33,0.6685
1711,12,hazard_near_exit_medium,0.5,0,142.4,420,0.1,0.09,1.03,-11788.12,0.6658
1712,12,hazard_near_exit_medium,0.5,0,173.2,420,0.0,0.0,1.0,-12426.15,0.663
1713,12,hazard_near_exit_medium,0.5,0,103.4,420,0.0,0.0,1.0,-10854.12,0.6605
1714,12,hazard_near_exit_medium,0.6,0,149.0,420,0.1,0.09,1.03,-10584.81,0.6581
1715,12,hazard_near_exit_medium,0.6,0,178.67,420,0.012,0.0013,1.0,-11385.7,0.6555
1716,12,hazard_near_exit_medium,0.6,0,155.0,420,0.0,0.0,1.0,-10555.62,0.653
1717,12,hazard_near_exit_medium,0.5,0,217.0,420,0.0,0.0,1.0,-13553.62,0.65
1718,12,hazard_near_exit_medium,0.7,0,157.57,420,0.0,0.0,1.0,-9623.57,0.6477
1719,12,hazard_near_exit_medium,0.5,0,178.8,420,0.0,0.0,1.0,-12552.78,0.6449
1720,12,hazard_near_exit_medium,0.5,0,191.0,420,0.0,0.0,1.0,-12687.77,0.642
1721,12,hazard_near_exit_medium,0.5,0,143.2,420,0.1,0.09,1.03,-11814.48,0.6393
1722,12,hazard_near_exit_medium,0.5,0,176.6,420,0.176,0.1268,1.06,-12398.3,0.6365
1723,12,hazard_near_exit_medium,0.7,0,151.29,420,0.1,0.09,1.03,-8921.25,0.6343
1724,12,hazard_near_exit_medium,0.5,0,191.2,420,0.2,0.16,1.056,-12692.25,0.6314
1725,12,hazard_near_exit_medium,0.6,0,165.67,420,0.07,0.0441,1.0225,-10941.65,0.6288
1726,12,hazard_near_exit_medium,0.7,0,161.57,420,0.1,0.09,1.03,-9345.24,0.6265
1727,12,hazard_near_exit_medium,0.5,0,183.2,420,0.1,0.09,1.03,-12526.06,0.6237
1728,12,hazard_near_exit_medium,0.4,0,54.75,420,0.0,0.0,1.0,-11829.11,0.6211
1729,12,hazard_near_exit_medium,0.6,0,175.83,420,0.024,0.0052,1.0107,-11125.75,0.6185
1730,12,hazard_near_exit_medium,0.6,0,161.33,420,0.0,0.0,1.0,-10728.28,0.616
1731,12,hazard_near_exit_medium,0.4,0,166.25,420,0.0,0.0,1.0,-13698.79,0.6129
1732,12,hazard_near_exit_medium,0.4,0,75.75,420,0.2,0.16,1.0597,-12166.57,0.6102
1733,12,hazard_near_exit_medium,0.5,0,203.4,420,0.084,0.0635,1.0204,-13036.28,0.6073
1734,12,hazard_near_exit_medium,0.4,0,177.5,420,0.1567,0.1076,1.0526,-13969.53,0.6042
1735,12,hazard_near_exit_medium,0.5,0,131.2,420,0.0,0.0,1.0,-11496.07,0.6016
1736,12,hazard_near_exit_medium,0.4,0,146.25,420,0.17,0.1201,1.06,-13533.98,0.5986
1737,12,hazard_near_exit_medium,0.3,0,110.0,420,0.064,0.0369,1.0299,-14307.17,0.5955
1738,12,hazard_near_exit_medium,0.3,0,29.0,420,0.1,0.09,1.03,-13440.98,0.5927
1739,12,hazard_near_exit_medium,0.5,0,168.8,420,0.2,0.16,1.06,-12694.59,0.5899
1740,12,hazard_near_exit_medium,0.6,0,197.83,420,0.1,0.09,1.0269,-11728.94,0.5871
1741,12,hazard_near_exit_medium,0.7,0,190.71,420,0.0,0.0,1.0,-10179.67,0.5847
1742,12,hazard_near_exit_medium,0.5,0,127.2,420,0.0,0.0,1.0,-11397.63,0.5821
1743,12,hazard_near_exit_medium,0.7,0,167.86,420,0.0,0.0,1.0,-9496.45,0.5798
1744,12,hazard_near_exit_medium,0.7,0,223.71,420,0.0,0.0,1.0,-11287.82,0.5771
1745,12,hazard_near_exit_medium,0.7,0,210.29,420,0.0,0.0,1.0,-10870.05,0.5745
1746,12,hazard_near_exit_medium,0.7,0,259.43,420,0.0,0.0,1.0,-12355.85,0.5716
1747,12,hazard_near_exit_medium,0.9,0,151.89,420,0.0,0.0,1.0,-6131.2,0.5699
1748,12,hazard_near_exit_medium,0.6,0,183.5,420,0.1,0.09,1.03,-11143.22,0.5672
1749,12,hazard_near_exit_medium,0.7,0,176.43,420,0.0,0.0,1.0,-9677.15,0.5648
1750,12,hazard_near_exit_medium,0.7,0,205.0,420,0.004,0.0001,1.0013,-10555.94,0.5623
1751,12,hazard_near_exit_medium,0.8,0,144.25,420,0.0,0.0,1.0,-7247.57,0.5604
1752,12,hazard_near_exit_medium,0.8,0,235.25,420,0.0,0.0,1.0,-10568.63,0.5578
1753,12,hazard_near_exit_medium,0.9,0,200.78,420,0.0,0.0,1.0,-8192.69,0.5557
1754,12,hazard_near_exit_medium,0.7,0,143.14,420,0.022,0.0044,1.0096,-8803.3,0.5535
1755,12,hazard_near_exit_medium,0.8,0,144.62,420,0.0,0.0,1.0,-7211.47,0.5516
1756,12,hazard_near_exit_medium,0.8,0,164.75,420,0.0,0.0,1.0,-7903.2,0.5496
1757,12,hazard_near_exit_medium,0.7,0,212.29,420,0.0,0.0,1.0,-10753.82,0.547
1758,12,hazard_near_exit_medium,0.8,0,167.0,420,0.0,0.0,1.0,-8309.28,0.5449
1759,12,hazard_near_exit_medium,0.8,0,161.0,420,0.0,0.0,1.0,-7820.72,0.5429
1760,12,hazard_near_exit_medium,0.9,0,197.33,420,0.0,0.0,1.0,-7529.25,0.5408
1761,12,hazard_near_exit_medium,0.9,0,158.44,420,0.0,0.0,1.0,-6145.35,0.539
1762,12,hazard_near_exit_medium,0.9,0,167.33,420,0.0,0.0,1.0,-6681.85,0.5372
1763,12,hazard_near_exit_medium,0.9,0,175.11,420,0.0,0.0,1.0,-7037.03,0.5353
1764,12,hazard_near_exit_medium,0.8,0,181.75,420,0.0,0.0,1.0,-8448.05,0.5331
1765,12,hazard_near_exit_medium,0.8,0,153.75,420,0.0,0.0,1.0,-7657.84,0.5312
1766,12,hazard_near_exit_medium,0.7,0,172.86,420,0.0,0.0,1.0,-9657.23,0.5288
1767,12,hazard_near_exit_medium,0.8,0,183.25,420,0.0,0.0,1.0,-8608.03,0.5266
1768,12,hazard_near_exit_medium,0.9,0,157.22,420,0.0,0.0,1.0,-6162.1,0.5249
1769,12,hazard_near_exit_medium,0.8,0,155.75,420,0.0,0.0,1.0,-7839.23,0.5229
1770,12,hazard_near_exit_medium,0.8,0,146.12,420,0.0,0.0,1.0,-7611.5,0.521
1771,12,hazard_near_exit_medium,0.8,0,183.88,420,0.0,0.0,1.0,-8507.6,0.5188
1772,12,hazard_near_exit_medium,0.8,0,152.12,420,0.0,0.0,1.0,-7913.74,0.5168
1773,12,hazard_near_exit_medium,0.8,0,173.38,420,0.0,0.0,1.0,-8371.54,0.5147
1774,12,hazard_near_exit_medium,0.8,0,177.5,420,0.0,0.0,1.0,-8135.49,0.5126
1775,12,hazard_near_exit_medium,0.9,0,174.67,420,0.0,0.0,1.0,-7030.59,0.5107
1776,12,hazard_near_exit_medium,0.9,0,184.22,420,0.0,0.0,1.0,-7476.87,0.5087
1777,12,hazard_near_exit_medium,0.9,0,171.33,420,0.0,0.0,1.0,-6865.04,0.5068
1778,12,hazard_near_exit_medium,0.9,0,133.78,420,0.0,0.0,1.0,-5412.08,0.5053
1779,12,hazard_near_exit_medium,1.0,1,171.1,321,0.0,0.0,1.0,-5324.18,0.5037
1780,12,hazard_near_exit_medium,0.9,0,207.0,420,0.0,0.0,1.0,-8142.52,0.5015
1781,12,hazard_near_exit_medium,0.9,0,199.0,420,0.0,0.0,1.0,-7807.52,0.4994
1782,12,hazard_near_exit_medium,1.0,1,121.1,268,0.0,0.0,1.0,-3359.73,0.4983
1783,12,hazard_near_exit_medium,0.8,0,130.12,420,0.0,0.0,1.0,-6671.34,0.4965
1784,12,hazard_near_exit_medium,0.8,0,153.62,420,0.0,0.0,1.0,-7613.12,0.4945
1785,12,hazard_near_exit_medium,0.8,0,178.62,420,0.0,0.0,1.0,-8347.52,0.4923
1786,12,hazard_near_exit_medium,0.9,0,185.11,420,0.0,0.0,1.0,-7482.96,0.4904
1787,12,hazard_near_exit_medium,1.0,1,161.6,386,0.0,0.0,1.0,-5045.23,0.4888
1788,12,hazard_near_exit_medium,0.8,0,133.0,420,0.0,0.0,1.0,-6867.47,0.487
1789,12,hazard_near_exit_medium,0.8,0,180.75,420,0.0,0.0,1.0,-8454.76,0.4848
1790,12,hazard_near_exit_medium,0.8,0,144.75,420,0.0,0.0,1.0,-7162.57,0.4829
1791,12,hazard_near_exit_medium,0.8,0,211.25,420,0.0,0.0,1.0,-9566.69,0.4805
1792,12,hazard_near_exit_medium,0.9,0,182.0,420,0.0,0.0,1.0,-7014.05,0.4786
1793,12,hazard_near_exit_medium,0.9,0,167.0,420,0.0,0.0,1.0,-6365.83,0.4768
1794,12,hazard_near_exit_medium,1.0,1,151.8,376,0.0,0.0,1.0,-4561.02,0.4753
1795,12,hazard_near_exit_medium,1.0,1,180.5,388,0.0,0.0,1.0,-5620.11,0.4736
1796,12,hazard_near_exit_medium,0.9,0,140.67,420,0.0,0.0,1.0,-5561.07,0.472
1797,12,hazard_near_exit_medium,0.9,0,143.89,420,0.0,0.0,1.0,-5635.11,0.4704
1798,12,hazard_near_exit_medium,1.0,1,173.4,352,0.0,0.0,1.0,-5277.73,0.4687
1799,12,hazard_near_exit_medium,1.0,1,171.1,353,0.0,0.0,1.0,-5313.97,0.4671
1800,12,hazard_near_exit_medium,1.0,1,174.5,373,0.0,0.0,1.0,-5272.95,0.4654
1801,12,hazard_near_exit_medium,1.0,1,178.3,338,0.0,0.0,1.0,-5529.46,0.4637
1802,12,hazard_near_exit_medium,1.0,1,155.7,290,0.0,0.0,1.0,-4657.61,0.4623
1803,13,bridge_open_medium,0.1818,0,155.5,400,0.0,0.0,1.0,-18093.08,0.9968
1804,13,bridge_open_medium,0.0909,0,172.0,400,0.0,0.0,1.0,-19414.9,0.9934
1805,13,bridge_open_medium,0.2727,0,198.33,400,0.0,0.0,1.0,-17462.69,0.9903
1806,13,bridge_open_medium,0.1818,0,163.0,400,0.0,0.0,1.0,-18259.16,0.9871
1807,13,bridge_open_medium,0.2727,0,207.33,400,0.0,0.0,1.0,-17458.53,0.9839
1808,13,bridge_open_medium,0.1818,0,108.5,400,0.0,0.0,1.0,-17642.21,0.9808
1809,13,bridge_open_medium,0.2727,0,254.0,400,0.0,0.0,1.0,-18228.17,0.9776
1810,13,bridge_open_medium,0.2727,0,186.0,400,0.0,0.0,1.0,-17038.71,0.9745
1811,13,bridge_open_medium,0.1818,0,197.0,400,0.0,0.0,1.0,-18553.42,0.9712
1812,13,bridge_open_medium,0.2727,0,171.33,400,0.0,0.0,1.0,-17234.56,0.9682
1813,13,bridge_open_medium,0.0909,0,377.0,400,0.0,0.0,1.0,-20505.1,0.9646
1814,13,bridge_open_medium,0.1818,0,146.5,400,0.0,0.0,1.0,-18166.41,0.9614
1815,13,bridge_open_medium,0.1818,0,143.0,400,0.0,0.0,1.0,-17896.02,0.9582
1816,13,bridge_open_medium,0.1818,0,212.0,400,0.0,0.0,1.0,-18722.47,0.9549
1817,13,bridge_open_medium,0.2727,0,286.0,400,0.0,0.0,1.0,-18585.97,0.9516
1818,13,bridge_open_medium,0.1818,0,219.0,400,0.0,0.0,1.0,-18655.32,0.9483
1819,13,bridge_open_medium,0.2727,0,291.33,400,0.0,0.0,1.0,-18665.02,0.9449
1820,13,bridge_open_medium,0.2727,0,137.0,400,0.0,0.0,1.0,-16457.2,0.942
1821,13,bridge_open_medium,0.1818,0,160.0,400,0.0,0.0,1.0,-18041.63,0.9388
1822,13,bridge_open_medium,0.3636,0,108.5,400,0.0,0.0,1.0,-14740.47,0.9361
1823,13,bridge_open_medium,0.1818,0,225.5,400,0.0,0.0,1.0,-18826.76,0.9328
1824,13,bridge_open_medium,0.1818,0,144.0,400,0.0,0.0,1.0,-17890.62,0.9296
1825,13,bridge_open_medium,0.3636,0,191.0,400,0.0,0.0,1.0,-16133.73,0.9267
1826,13,bridge_open_medium,0.3636,0,185.0,400,0.0,0.0,1.0,-16218.56,0.9238
1827,13,bridge_open_medium,0.2727,0,209.33,400,0.0,0.0,1.0,-17429.43,0.9207
1828,13,bridge_open_medium,0.4545,0,222.0,400,0.0,0.0,1.0,-15784.46,0.9178
1829,13,bridge_open_medium,0.2727,0,189.33,400,0.0,0.0,1.0,-17397.1,0.9147
1830,13,bridge_open_medium,0.5455,0,258.0,400,0.0,0.0,1.0,-15756.22,0.9118
1831,13,bridge_open_medium,0.2727,0,135.0,400,0.0,0.0,1.0,-16316.36,0.9089
1832,13,bridge_open_medium,0.2727,0,184.0,400,0.0,0.0,1.0,-17068.66,0.9058
1833,13,bridge_open_medium,0.2727,0,110.67,400,0.0,0.0,1.0,-15931.21,0.9029
1834,13,bridge_open_medium,0.1818,0,299.0,400,0.0,0.0,1.0,-19357.12,0.8995
1835,13,bridge_open_medium,0.3636,0,233.0,400,0.0,0.0,1.0,-16927.22,0.8964
1836,13,bridge_open_medium,0.2727,0,147.0,400,0.0,0.0,1.0,-16478.35,0.8934
1837,13,bridge_open_medium,0.3636,0,239.25,400,0.0,0.0,1.0,-16922.69,0.8903
1838,13,bridge_open_medium,0.3636,0,184.25,400,0.0,0.0,1.0,-15931.8,0.8874
1839,13,bridge_open_medium,0.2727,0,175.0,400,0.0,0.0,1.0,-16851.93,0.8844
1840,13,bridge_open_medium,0.3636,0,157.0,400,0.0,0.0,1.0,-15522.74,0.8816
1841,13,bridge_open_medium,0.1818,0,137.5,400,0.0,0.0,1.0,-17846.61,0.8784
1842,13,bridge_open_medium,0.3636,0,210.5,400,0.0,0.0,1.0,-16444.42,0.8754
1843,13,bridge_open_medium,0.3636,0,172.5,400,0.0,0.0,1.0,-15886.5,0.8726
1844,13,bridge_open_medium,0.0909,0,122.0,400,0.0,0.0,1.0,-19034.14,0.8692
1845,13,bridge_open_medium,0.4545,0,187.2,400,0.0,0.0,1.0,-14857.79,0.8665
1846,13,bridge_open_medium,0.3636,0,130.0,400,0.0,0.0,1.0,-14850.57,0.8637
1847,13,bridge_open_medium,0.4545,0,174.8,400,0.0,0.0,1.0,-14602.37,0.8611
1848,13,bridge_open_medium,0.5455,0,180.5,400,0.0,0.0,1.0,-13590.11,0.8585
1849,13,bridge_open_medium,0.3636,0,199.0,400,0.0,0.0,1.0,-16220.64,0.8556
1850,13,bridge_open_medium,0.5455,0,142.33,400,0.0,0.0,1.0,-12389.7,0.8533
1851,13,bridge_open_medium,0.5455,0,176.0,400,0.0,0.0,1.0,-13421.92,0.8508
1852,13,bridge_open_medium,0.4545,0,202.0,400,0.0,0.0,1.0,-15402.26,0.848
1853,13,bridge_open_medium,0.4545,0,215.0,400,0.0,0.0,1.0,-15550.04,0.8451
1854,13,bridge_open_medium,0.3636,0,183.5,400,0.0,0.0,1.0,-15989.82,0.8422
1855,13,bridge_open_medium,0.6364,0,168.29,400,0.0,0.0,1.0,-11996.66,0.8399
1856,13,bridge_open_medium,0.5455,0,164.17,400,0.0,0.0,1.0,-13163.84,0.8375
1857,13,bridge_open_medium,0.2727,0,168.0,400,0.0,0.0,1.0,-16767.32,0.8345
1858,13,bridge_open_medium,0.4545,0,145.0,400,0.0,0.0,1.0,-14028.48,0.8319
1859,13,bridge_open_medium,0.5455,0,193.67,400,0.0,0.0,1.0,-14062.84,0.8293
1860,13,bridge_open_medium,0.4545,0,171.8,400,0.0,0.0,1.0,-14591.16,0.8267
1861,13,bridge_open_medium,0.4545,0,191.0,400,0.0,0.0,1.0,-14894.83,0.8239
1862,13,bridge_open_medium,0.6364,0,220.57,400,0.0,0.0,1.0,-13680.03,0.8213
1863,13,bridge_open_medium,0.4545,0,154.6,400,0.0,0.0,1.0,-14161.23,0.8187
1864,13,bridge_open_medium,0.4545,0,212.6,400,0.0,0.0,1.0,-15471.94,0.8159
1865,13,bridge_open_medium,0.3636,0,198.0,400,0.0,0.0,1.0,-16280.96,0.813
1866,13,bridge_open_medium,0.5455,0,203.17,400,0.0,0.0,1.0,-14074.69,0.8103
1867,13,bridge_open_medium,0.4545,0,184.6,400,0.0,0.0,1.0,-14912.49,0.8076
1868,13,bridge_open_medium,0.4545,0,175.4,400,0.0,0.0,1.0,-14626.56,0.8049
1869,13,bridge_open_medium,0.6364,0,194.71,400,0.0,0.0,1.0,-12925.42,0.8025
1870,13,bridge_open_medium,0.3636,0,132.25,400,0.0,0.0,1.0,-14889.89,0.7998
1871,13,bridge_open_medium,0.7273,0,170.75,400,0.0,0.0,1.0,-10827.25,0.7977
1872,13,bridge_open_medium,0.5455,0,189.5,400,0.0,0.0,1.0,-13766.12,0.7951
1873,13,bridge_open_medium,0.5455,0,150.0,400,0.0,0.0,1.0,-12731.71,0.7927
1874,13,bridge_open_medium,0.4545,0,205.8,400,0.0,0.0,1.0,-15358.3,0.7899
1875,13,bridge_open_medium,0.5455,0,222.17,400,0.0,0.0,1.0,-14615.58,0.7872
1876,13,bridge_open_medium,0.3636,0,173.75,400,0.0,0.0,1.0,-15648.35,0.7843
1877,13,bridge_open_medium,0.2727,0,114.0,400,0.0,0.0,1.0,-16194.34,0.7814
1878,13,bridge_open_medium,0.4545,0,216.6,400,0.0,0.0,1.0,-15272.46,0.7786
1879,13,bridge_open_medium,0.5455,0,159.33,400,0.0,0.0,1.0,-12775.34,0.7761
1880,13,bridge_open_medium,0.4545,0,187.8,400,0.0,0.0,1.0,-14743.63,0.7734
1881,13,bridge_open_medium,0.4545,0,198.0,400,0.0,0.0,1.0,-14884.55,0.7706
1882,13,bridge_open_medium,0.5455,0,215.0,400,0.0,0.0,1.0,-14316.08,0.7679
1883,13,bridge_open_medium,0.4545,0,192.8,400,0.0,0.0,1.0,-14823.82,0.7652
1884,13,bridge_open_medium,0.6364,0,216.14,400,0.0,0.0,1.0,-13441.49,0.7626
1885,13,bridge_open_medium,0.2727,0,173.33,400,0.0,0.0,1.0,-16774.91,0.7596
1886,13,bridge_open_medium,0.5455,0,159.33,400,0.0,0.0,1.0,-12774.44,0.7572
1887,13,bridge_open_medium,0.3636,0,115.0,400,0.0,0.0,1.0,-14441.87,0.7545
1888,13,bridge_open_medium,0.7273,0,136.75,400,0.0,0.0,1.0,-9314.63,0.7526
1889,13,bridge_open_medium,0.7273,0,150.12,400,0.0,0.0,1.0,-9951.63,0.7506
1890,13,bridge_open_medium,0.6364,0,158.0,400,0.0,0.0,1.0,-11421.32,0.7484
1891,13,bridge_open_medium,0.8182,0,203.44,400,0.0,0.0,1.0,-10884.78,0.7463
1892,13,bridge_open_medium,0.7273,0,156.5,400,0.0,0.0,1.0,-10139.42,0.7443
1893,13,bridge_open_medium,0.8182,0,186.0,400,0.0,0.0,1.0,-10157.91,0.7422
1894,13,bridge_open_medium,0.9091,0,215.7,400,0.0,0.0,1.0,-10269.72,0.7401
1895,13,bridge_open_medium,0.8182,0,184.11,400,0.0,0.0,1.0,-10026.47,0.7381
1896,13,bridge_open_medium,0.7273,0,160.38,400,0.0,0.0,1.0,-10258.4,0.7361
1897,13,bridge_open_medium,0.8182,0,208.22,400,0.0,0.0,1.0,-11039.63,0.7339
1898,13,bridge_open_medium,0.7273,0,172.75,400,0.0,0.0,1.0,-10638.49,0.7318
1899,13,bridge_open_medium,0.8182,0,219.67,400,0.0,0.0,1.0,-11581.88,0.7295
1900,13,bridge_open_medium,0.8182,0,190.67,400,0.0,0.0,1.0,-10288.44,0.7275
1901,13,bridge_open_medium,0.7273,0,155.12,400,0.0,0.0,1.0,-10100.13,0.7255
1902,13,bridge_open_medium,0.7273,0,160.12,400,0.0,0.0,1.0,-10360.93,0.7234
1903,13,bridge_open_medium,0.8182,0,155.33,400,0.0,0.0,1.0,-8954.59,0.7216
1904,13,bridge_open_medium,0.7273,0,177.0,400,0.0,0.0,1.0,-10830.69,0.7195
1905,13,bridge_open_medium,0.7273,0,211.0,400,0.0,0.0,1.0,-12184.78,0.7171
1906,13,bridge_open_medium,0.8182,0,183.56,400,0.0,0.0,1.0,-10078.24,0.7151
1907,13,bridge_open_medium,0.8182,0,161.56,400,0.0,0.0,1.0,-9195.73,0.7133
1908,13,bridge_open_medium,0.8182,0,166.78,400,0.0,0.0,1.0,-9287.11,0.7114
1909,13,bridge_open_medium,0.9091,0,182.2,400,0.0,0.0,1.0,-8757.38,0.7096
1910,13,bridge_open_medium,0.9091,0,203.1,400,0.0,0.0,1.0,-9654.94,0.7076
1911,13,bridge_open_medium,0.9091,0,164.6,400,0.0,0.0,1.0,-8076.87,0.7059
1912,13,bridge_open_medium,0.8182,0,165.44,400,0.0,0.0,1.0,-9278.03,0.704
1913,13,bridge_open_medium,0.8182,0,179.44,400,0.0,0.0,1.0,-9834.2,0.702
1914,13,bridge_open_medium,0.9091,0,163.8,400,0.0,0.0,1.0,-7895.93,0.7004
1915,13,bridge_open_medium,0.8182,0,137.33,400,0.0,0.0,1.0,-8072.14,0.6987
1916,13,bridge_open_medium,0.8182,0,185.56,400,0.0,0.0,1.0,-10028.91,0.6967
1917,13,bridge_open_medium,0.9091,0,177.6,400,0.0,0.0,1.0,-8511.09,0.6949
1918,13,bridge_open_medium,0.8182,0,188.89,400,0.0,0.0,1.0,-10342.08,0.6929
1919,13,bridge_open_medium,0.8182,0,186.56,400,0.0,0.0,1.0,-10131.71,0.6908
1920,13,bridge_open_medium,0.8182,0,163.0,400,0.0,0.0,1.0,-9208.02,0.689
1921,13,bridge_open_medium,0.8182,0,146.0,400,0.0,0.0,1.0,-8441.26,0.6872
1922,13,bridge_open_medium,0.7273,0,167.38,400,0.0,0.0,1.0,-10454.41,0.6852
1923,13,bridge_open_medium,0.8182,0,148.22,400,0.0,0.0,1.0,-8493.66,0.6834
1924,13,bridge_open_medium,0.8182,0,147.33,400,0.0,0.0,1.0,-8420.03,0.6817
1925,13,bridge_open_medium,0.7273,0,148.0,400,0.0,0.0,1.0,-9699.97,0.6797
1926,13,bridge_open_medium,0.8182,0,135.89,400,0.0,0.0,1.0,-8045.23,0.6781
1927,13,bridge_open_medium,0.8182,0,146.67,400,0.0,0.0,1.0,-8392.24,0.6763
1928,13,bridge_open_medium,0.8182,0,182.22,400,0.0,0.0,1.0,-9898.94,0.6743
1929,13,bridge_open_medium,0.8182,0,193.22,400,0.0,0.0,1.0,-10387.99,0.6722
1930,13,bridge_open_medium,0.8182,0,171.89,400,0.0,0.0,1.0,-9612.14,0.6703
1931,13,bridge_open_medium,0.8182,0,154.44,400,0.0,0.0,1.0,-8835.07,0.6685
1932,13,bridge_open_medium,0.7273,0,152.88,400,0.0,0.0,1.0,-9884.68,0.6665
1933,13,bridge_open_medium,0.9091,0,163.6,400,0.0,0.0,1.0,-8032.22,0.6649
1934,13,bridge_open_medium,0.8182,0,146.22,400,0.0,0.0,1.0,-8410.69,0.6631
1935,13,bridge_open_medium,0.7273,0,135.0,400,0.0,0.0,1.0,-9518.35,0.6613
1936,13,bridge_open_medium,0.8182,0,167.11,400,0.0,0.0,1.0,-9407.73,0.6594
1937,13,bridge_open_medium,0.8182,0,131.89,400,0.0,0.0,1.0,-7748.57,0.6578
1938,13,bridge_open_medium,0.9091,0,153.5,400,0.0,0.0,1.0,-7522.88,0.6562
1939,13,bridge_open_medium,0.7273,0,117.88,400,0.0,0.0,1.0,-8923.59,0.6544
1940,13,bridge_open_medium,0.7273,0,153.38,400,0.0,0.0,1.0,-10088.28,0.6524
1941,13,bridge_open_medium,0.6364,0,90.86,400,0.0,0.0,1.0,-9491.16,0.6506
1942,13,bridge_open_medium,0.9091,0,172.9,400,0.0,0.0,1.0,-8487.17,0.6489
1943,13,bridge_open_medium,0.8182,0,132.11,400,0.0,0.0,1.0,-8044.11,0.6472
1944,13,bridge_open_medium,0.8182,0,156.78,400,0.0,0.0,1.0,-8995.69,0.6454
1945,13,bridge_open_medium,0.8182,0,126.22,400,0.0,0.0,1.0,-7853.27,0.6438
1946,13,bridge_open_medium,0.8182,0,132.67,400,0.0,0.0,1.0,-7921.85,0.6422
1947,13,bridge_open_medium,0.8182,0,158.78,400,0.0,0.0,1.0,-9001.51,0.6404
1948,13,bridge_open_medium,0.8182,0,193.67,400,0.0,0.0,1.0,-10554.76,0.6383
1949,13,bridge_open_medium,0.9091,0,154.7,400,0.0,0.0,1.0,-7562.66,0.6367
1950,13,bridge_open_medium,0.8182,0,142.78,400,0.0,0.0,1.0,-8429.18,0.635
1951,13,bridge_open_medium,0.7273,0,134.0,400,0.0,0.0,1.0,-9417.76,0.6331
1952,13,bridge_open_medium,0.8182,0,157.0,400,0.0,0.0,1.0,-9061.6,0.6313
1953,13,bridge_open_medium,0.8182,0,148.22,400,0.0,0.0,1.0,-8709.79,0.6296
1954,13,bridge_open_medium,0.8182,0,180.0,400,0.0,0.0,1.0,-9939.37,0.6276
1955,13,bridge_open_medium,0.9091,0,141.1,400,0.0,0.0,1.0,-6952.11,0.6261
1956,13,bridge_open_medium,0.8182,0,128.78,400,0.0,0.0,1.0,-7729.92,0.6245
1957,13,bridge_open_medium,0.8182,0,126.11,400,0.0,0.0,1.0,-7695.0,0.6229
1958,13,bridge_open_medium,0.8182,0,134.56,400,0.0,0.0,1.0,-7835.43,0.6213
1959,13,bridge_open_medium,1.0,1,166.0,378,0.0,0.0,1.0,-6705.04,0.6198
1960,13,bridge_open_medium,1.0,1,152.82,336,0.0,0.0,1.0,-6185.03,0.6184
1961,13,bridge_open_medium,1.0,1,170.82,375,0.0,0.0,1.0,-7117.82,0.6169
1962,13,bridge_open_medium,1.0,1,149.27,336,0.0,0.0,1.0,-6006.66,0.6155
1963,13,bridge_open_medium,1.0,1,133.0,388,0.0,0.0,1.0,-5177.19,0.6143
1964,13,bridge_open_medium,0.9091,0,176.0,400,0.0,0.0,1.0,-8491.59,0.6126
1965,13,bridge_open_medium,0.9091,0,132.3,400,0.0,0.0,1.0,-6523.7,0.6111
1966,13,bridge_open_medium,1.0,1,142.55,303,0.0,0.0,1.0,-5627.17,0.6099
1967,13,bridge_open_medium,1.0,1,155.73,383,0.0,0.0,1.0,-6297.0,0.6085
1968,13,bridge_open_medium,1.0,1,196.36,399,0.0,0.0,1.0,-8349.82,0.6067
1969,13,bridge_open_medium,1.0,1,134.27,380,0.0,0.0,1.0,-5283.28,0.6055
1970,13,bridge_open_medium,1.0,1,160.64,315,0.0,0.0,1.0,-6459.12,0.604
1971,13,bridge_open_medium,0.9091,0,157.9,400,0.0,0.0,1.0,-7570.44,0.6024
1972,13,bridge_open_medium,0.9091,0,183.2,400,0.0,0.0,1.0,-8835.34,0.6006
1973,13,bridge_open_medium,0.9091,0,123.8,400,0.0,0.0,1.0,-6061.6,0.5992
1974,13,bridge_open_medium,1.0,1,177.82,385,0.0,0.0,1.0,-7490.97,0.5976
1975,14,bridge_corridor_medium,0.0909,0,190.0,400,0.0,0.0,1.0,-19677.84,0.9966
1976,14,bridge_corridor_medium,0.0,0,400,400,0.0,0.0,1.0,-20714.34,0.993
1977,14,bridge_corridor_medium,0.0,0,400,400,0.0,0.0,1.0,-20582.85,0.9894
1978,14,bridge_corridor_medium,0.0909,0,286.0,400,0.0,0.0,1.0,-20011.68,0.9859
1979,14,bridge_corridor_medium,0.0909,0,163.0,400,0.0,0.0,1.0,-19590.33,0.9824
1980,14,bridge_corridor_medium,0.0,0,400,400,0.0,0.0,1.0,-20689.16,0.9788
1981,14,bridge_corridor_medium,0.0909,0,311.0,400,0.0,0.0,1.0,-20122.77,0.9753
1982,14,bridge_corridor_medium,0.0909,0,111.0,400,0.0,0.0,1.0,-19302.57,0.9719
1983,14,bridge_corridor_medium,0.1818,0,273.0,400,0.0,0.0,1.0,-19288.56,0.9685
1984,14,bridge_corridor_medium,0.0909,0,128.0,400,0.0,0.0,1.0,-19341.73,0.9652
1985,14,bridge_corridor_medium,0.0909,0,154.0,400,0.0,0.0,1.0,-19551.1,0.9618
1986,14,bridge_corridor_medium,0.0,0,400,400,0.0,0.0,1.0,-20877.59,0.9582
1987,14,bridge_corridor_medium,0.0909,0,110.0,400,0.0,0.0,1.0,-19211.3,0.9548
1988,14,bridge_corridor_medium,0.0909,0,161.0,400,0.0,0.0,1.0,-19350.02,0.9514
1989,14,bridge_corridor_medium,0.1818,0,226.0,400,0.0,0.0,1.0,-18960.45,0.9481
1990,14,bridge_corridor_medium,0.0,0,400,400,0.0,0.0,1.0,-20725.97,0.9445
1991,14,bridge_corridor_medium,0.0909,0,108.0,400,0.0,0.0,1.0,-19168.73,0.9411
1992,14,bridge_corridor_medium,0.0909,0,146.0,400,0.0,0.0,1.0,-19403.66,0.9377
1993,14,bridge_corridor_medium,0.0909,0,289.0,400,0.0,0.0,1.0,-19950.81,0.9342
1994,14,bridge_corridor_medium,0.0909,0,183.0,400,0.0,0.0,1.0,-19754.05,0.9308
1995,14,bridge_corridor_medium,0.1818,0,226.0,400,0.0,0.0,1.0,-18842.84,0.9274
1996,14,bridge_corridor_medium,0.0909,0,58.0,400,0.0,0.0,1.0,-18943.58,0.9241
1997,14,bridge_corridor_medium,0.0909,0,228.0,400,0.0,0.0,1.0,-19971.16,0.9207
1998,14,bridge_corridor_medium,0.0909,0,114.0,400,0.0,0.0,1.0,-19301.27,0.9173
1999,14,bridge_corridor_medium,0.0909,0,95.0,400,0.0,0.0,1.0,-19301.49,0.9139
2000,14,bridge_corridor_medium,0.0,0,400,400,0.0,0.0,1.0,-20894.58,0.9103
2001,14,bridge_corridor_medium,0.1818,0,291.0,400,0.0,0.0,1.0,-19164.0,0.9069
2002,14,bridge_corridor_medium,0.1818,0,246.0,400,0.0,0.0,1.0,-19058.8,0.9036
2003,14,bridge_corridor_medium,0.0,0,400,400,0.0,0.0,1.0,-20775.29,0.9
2004,14,bridge_corridor_medium,0.1818,0,205.5,400,0.0,0.0,1.0,-18518.15,0.8967
2005,14,bridge_corridor_medium,0.0909,0,125.0,400,0.0,0.0,1.0,-19213.28,0.8933
2006,14,bridge_corridor_medium,0.0909,0,336.0,400,0.0,0.0,1.0,-20195.49,0.8897
2007,14,bridge_corridor_medium,0.0909,0,262.0,400,0.0,0.0,1.0,-19656.69,0.8863
2008,14,bridge_corridor_medium,0.0909,0,204.0,400,0.0,0.0,1.0,-19545.67,0.8828
2009,14,bridge_corridor_medium,0.0909,0,263.0,400,0.0,0.0,1.0,-19778.65,0.8793
2010,14,bridge_corridor_medium,0.0909,0,190.0,400,0.0,0.0,1.0,-19638.46,0.8759
2011,14,bridge_corridor_medium,0.1818,0,229.5,400,0.0,0.0,1.0,-18576.8,0.8726
2012,14,bridge_corridor_medium,0.2727,0,252.67,400,0.0,0.0,1.0,-17785.86,0.8693
2013,14,bridge_corridor_medium,0.0909,0,94.0,400,0.0,0.0,1.0,-19111.16,0.866
2014,14,bridge_corridor_medium,0.1818,0,248.5,400,0.0,0.0,1.0,-18808.48,0.8626
2015,14,bridge_corridor_medium,0.1818,0,284.0,400,0.0,0.0,1.0,-19049.42,0.8592
2016,14,bridge_corridor_medium,0.1818,0,183.0,400,0.0,0.0,1.0,-17991.78,0.856
2017,14,bridge_corridor_medium,0.2727,0,192.67,400,0.0,0.0,1.0,-16980.71,0.8529
2018,14,bridge_corridor_medium,0.1818,0,131.0,400,0.0,0.0,1.0,-17653.48,0.8497
2019,14,bridge_corridor_medium,0.1818,0,138.0,400,0.0,0.0,1.0,-17914.54,0.8465
2020,14,bridge_corridor_medium,0.0,0,400,400,0.0,0.0,1.0,-20486.84,0.8429
2021,14,bridge_corridor_medium,0.1818,0,152.5,400,0.0,0.0,1.0,-17497.18,0.8397
2022,14,bridge_corridor_medium,0.1818,0,129.5,400,0.0,0.0,1.0,-17519.31,0.8366
2023,14,bridge_corridor_medium,0.1818,0,79.5,400,0.0,0.0,1.0,-16968.98,0.8335
2024,14,bridge_corridor_medium,0.0909,0,141.0,400,0.0,0.0,1.0,-19199.0,0.8301
2025,14,bridge_corridor_medium,0.0909,0,130.0,400,0.0,0.0,1.0,-19352.83,0.8267
2026,14,bridge_corridor_medium,0.0909,0,167.0,400,0.0,0.0,1.0,-18929.73,0.8233
2027,14,bridge_corridor_medium,0.0,0,400,400,0.0,0.0,1.0,-20579.59,0.8197
2028,14,bridge_corridor_medium,0.1818,0,117.5,400,0.0,0.0,1.0,-17618.11,0.8165
2029,14,bridge_corridor_medium,0.2727,0,246.33,400,0.0,0.0,1.0,-17636.18,0.8133
2030,14,bridge_corridor_medium,0.0909,0,119.0,400,0.0,0.0,1.0,-19064.01,0.81
2031,14,bridge_corridor_medium,0.0909,0,80.0,400,0.0,0.0,1.0,-18739.19,0.8066
2032,14,bridge_corridor_medium,0.1818,0,129.5,400,0.0,0.0,1.0,-17666.72,0.8034
2033,14,bridge_corridor_medium,0.3636,0,168.0,400,0.0,0.0,1.0,-15239.54,0.8006
2034,14,bridge_corridor_medium,0.0909,0,240.0,400,0.0,0.0,1.0,-19240.12,0.7971
2035,14,bridge_corridor_medium,0.3636,0,277.75,400,0.0,0.0,1.0,-17279.49,0.7939
2036,14,bridge_corridor_medium,0.2727,0,219.67,400,0.0,0.0,1.0,-17261.71,0.7908
2037,14,bridge_corridor_medium,0.2727,0,158.0,400,0.0,0.0,1.0,-16540.7,0.7878
2038,14,bridge_corridor_medium,0.2727,0,166.0,400,0.0,0.0,1.0,-16558.99,0.7847
2039,14,bridge_corridor_medium,0.1818,0,143.0,400,0.0,0.0,1.0,-17735.55,0.7815
2040,14,bridge_corridor_medium,0.0909,0,77.0,400,0.0,0.0,1.0,-18768.92,0.7782
2041,14,bridge_corridor_medium,0.1818,0,218.5,400,0.0,0.0,1.0,-18134.79,0.7749
2042,14,bridge_corridor_medium,0.2727,0,173.67,400,0.0,0.0,1.0,-16672.42,0.7719
2043,14,bridge_corridor_medium,0.2727,0,172.0,400,0.0,0.0,1.0,-16272.93,0.7688
2044,14,bridge_corridor_medium,0.2727,0,119.33,400,0.0,0.0,1.0,-15834.59,0.7659
2045,14,bridge_corridor_medium,0.2727,0,181.33,400,0.0,0.0,1.0,-16553.28,0.7628
2046,14,bridge_corridor_medium,0.1818,0,237.5,400,0.0,0.0,1.0,-18658.4,0.7595
2047,14,bridge_corridor_medium,0.2727,0,154.33,400,0.0,0.0,1.0,-16421.11,0.7565
2048,14,bridge_corridor_medium,0.1818,0,198.0,400,0.0,0.0,1.0,-18305.63,0.7532
2049,14,bridge_corridor_medium,0.1818,0,169.0,400,0.0,0.0,1.0,-17837.42,0.75
2050,14,bridge_corridor_medium,0.3636,0,187.0,400,0.0,0.0,1.0,-15455.11,0.7471
2051,14,bridge_corridor_medium,0.1818,0,253.0,400,0.0,0.0,1.0,-18634.12,0.7437
2052,14,bridge_corridor_medium,0.1818,0,149.0,400,0.0,0.0,1.0,-17448.82,0.7405
2053,14,bridge_corridor_medium,0.2727,0,149.0,400,0.0,0.0,1.0,-16157.46,0.7376
2054,14,bridge_corridor_medium,0.2727,0,106.33,400,0.0,0.0,1.0,-15343.58,0.7347
2055,14,bridge_corridor_medium,0.1818,0,71.5,400,0.0,0.0,1.0,-16867.7,0.7316
2056,14,bridge_corridor_medium,0.3636,0,141.0,400,0.0,0.0,1.0,-14673.09,0.7289
2057,14,bridge_corridor_medium,0.1818,0,96.5,400,0.0,0.0,1.0,-16881.12,0.7257
2058,14,bridge_corridor_medium,0.3636,0,180.5,400,0.0,0.0,1.0,-15511.68,0.7229
2059,14,bridge_corridor_medium,0.2727,0,291.0,400,0.0,0.0,1.0,-17905.18,0.7195
2060,14,bridge_corridor_medium,0.3636,0,163.75,400,0.0,0.0,1.0,-15156.32,0.7167
2061,14,bridge_corridor_medium,0.3636,0,220.25,400,0.0,0.0,1.0,-15773.11,0.7137
2062,14,bridge_corridor_medium,0.1818,0,205.0,400,0.0,0.0,1.0,-17860.62,0.7104
2063,14,bridge_corridor_medium,0.4545,0,179.8,400,0.0,0.0,1.0,-13848.29,0.7077
2064,14,bridge_corridor_medium,0.3636,0,183.0,400,0.0,0.0,1.0,-15257.17,0.7048
2065,14,bridge_corridor_medium,0.5455,0,236.0,400,0.0,0.0,1.0,-13975.22,0.702
2066,14,bridge_corridor_medium,0.4545,0,176.2,400,0.0,0.0,1.0,-13664.0,0.6993
2067,14,bridge_corridor_medium,0.4545,0,182.2,400,0.0,0.0,1.0,-13794.75,0.6966
2068,14,bridge_corridor_medium,0.3636,0,246.5,400,0.0,0.0,1.0,-16168.89,0.6935
2069,14,bridge_corridor_medium,0.3636,0,184.25,400,0.0,0.0,1.0,-14971.3,0.6906
2070,14,bridge_corridor_medium,0.4545,0,207.0,400,0.0,0.0,1.0,-14291.65,0.6878
2071,14,bridge_corridor_medium,0.3636,0,214.25,400,0.0,0.0,1.0,-15561.85,0.6848
2072,14,bridge_corridor_medium,0.5455,0,228.83,400,0.0,0.0,1.0,-13727.03,0.682
2073,14,bridge_corridor_medium,0.3636,0,203.25,400,0.0,0.0,1.0,-15346.96,0.6791
2074,14,bridge_corridor_medium,0.3636,0,211.25,400,0.0,0.0,1.0,-15643.78,0.6761
2075,14,bridge_corridor_medium,0.4545,0,190.8,400,0.0,0.0,1.0,-14053.26,0.6733
2076,14,bridge_corridor_medium,0.4545,0,195.0,400,0.0,0.0,1.0,-14039.09,0.6706
2077,14,bridge_corridor_medium,0.5455,0,214.5,400,0.0,0.0,1.0,-13520.1,0.6679
2078,14,bridge_corridor_medium,0.5455,0,183.83,400,0.0,0.0,1.0,-12637.85,0.6653
2079,14,bridge_corridor_medium,0.5455,0,195.17,400,0.0,0.0,1.0,-12882.21,0.6627
2080,14,bridge_corridor_medium,0.4545,0,201.0,400,0.0,0.0,1.0,-14226.68,0.66
2081,14,bridge_corridor_medium,0.6364,0,210.29,400,0.0,0.0,1.0,-12382.09,0.6574
2082,14,bridge_corridor_medium,0.6364,0,209.0,400,0.0,0.0,1.0,-12202.9,0.6549
2083,14,bridge_corridor_medium,0.6364,0,190.57,400,0.0,0.0,1.0,-11890.74,0.6525
2084,14,bridge_corridor_medium,0.5455,0,174.5,400,0.0,0.0,1.0,-12325.42,0.65
2085,14,bridge_corridor_medium,0.4545,0,183.4,400,0.0,0.0,1.0,-13871.39,0.6473
2086,14,bridge_corridor_medium,0.4545,0,150.4,400,0.0,0.0,1.0,-12952.06,0.6447
2087,14,bridge_corridor_medium,0.7273,0,200.88,400,0.0,0.0,1.0,-10827.77,0.6424
2088,14,bridge_corridor_medium,0.5455,0,241.67,400,0.0,0.0,1.0,-14219.22,0.6396
2089,14,bridge_corridor_medium,0.4545,0,143.4,400,0.0,0.0,1.0,-12781.93,0.6371
2090,14,bridge_corridor_medium,0.6364,0,226.57,400,0.0,0.0,1.0,-12599.08,0.6345
2091,14,bridge_corridor_medium,0.5455,0,169.83,400,0.0,0.0,1.0,-12167.38,0.632
2092,14,bridge_corridor_medium,0.6364,0,241.71,400,0.0,0.0,1.0,-13323.83,0.6293
2093,14,bridge_corridor_medium,0.5455,0,192.33,400,0.0,0.0,1.0,-12800.67,0.6267
2094,14,bridge_corridor_medium,0.6364,0,223.29,400,0.0,0.0,1.0,-12414.37,0.6241
2095,14,bridge_corridor_medium,0.5455,0,223.0,400,0.0,0.0,1.0,-13497.65,0.6214
2096,14,bridge_corridor_medium,0.6364,0,198.86,400,0.0,0.0,1.0,-11863.66,0.6189
2097,14,bridge_corridor_medium,0.4545,0,206.2,400,0.0,0.0,1.0,-14205.16,0.6161
2098,14,bridge_corridor_medium,0.4545,0,178.4,400,0.0,0.0,1.0,-13665.24,0.6134
2099,14,bridge_corridor_medium,0.6364,0,240.57,400,0.0,0.0,1.0,-12960.94,0.6107
2100,14,bridge_corridor_medium,0.5455,0,230.17,400,0.0,0.0,1.0,-13711.63,0.608
2101,14,bridge_corridor_medium,0.4545,0,181.2,400,0.0,0.0,1.0,-13499.6,0.6053
2102,14,bridge_corridor_medium,0.5455,0,206.33,400,0.0,0.0,1.0,-13026.83,0.6026
2103,14,bridge_corridor_medium,0.5455,0,208.0,400,0.0,0.0,1.0,-13101.96,0.5999
2104,14,bridge_corridor_medium,0.6364,0,175.57,400,0.0,0.0,1.0,-11002.12,0.5976
2105,14,bridge_corridor_medium,0.5455,0,201.83,400,0.0,0.0,1.0,-12646.88,0.595
2106,14,bridge_corridor_medium,0.5455,0,170.0,400,0.0,0.0,1.0,-12216.46,0.5925
2107,14,bridge_corridor_medium,0.5455,0,178.17,400,0.0,0.0,1.0,-12360.82,0.59
2108,14,bridge_corridor_medium,0.6364,0,218.29,400,0.0,0.0,1.0,-12372.74,0.5875
2109,14,bridge_corridor_medium,0.6364,0,225.0,400,0.0,0.0,1.0,-12342.0,0.5849
2110,14,bridge_corridor_medium,0.7273,0,232.12,400,0.0,0.0,1.0,-11482.12,0.5823
2111,14,bridge_corridor_medium,0.6364,0,219.71,400,0.0,0.0,1.0,-12492.78,0.5798
2112,14,bridge_corridor_medium,0.6364,0,223.86,400,0.0,0.0,1.0,-12631.88,0.5772
2113,14,bridge_corridor_medium,0.6364,0,172.57,400,0.0,0.0,1.0,-11074.92,0.5749
2114,14,bridge_corridor_medium,0.5455,0,208.17,400,0.0,0.0,1.0,-13234.84,0.5722
2115,14,bridge_corridor_medium,0.7273,0,210.88,400,0.0,0.0,1.0,-11015.08,0.5699
2116,14,bridge_corridor_medium,0.5455,0,236.83,400,0.0,0.0,1.0,-13742.31,0.5671
2117,14,bridge_corridor_medium,0.6364,0,216.71,400,0.0,0.0,1.0,-12073.07,0.5645
2118,14,bridge_corridor_medium,0.7273,0,185.5,400,0.0,0.0,1.0,-10094.05,0.5623
2119,14,bridge_corridor_medium,0.6364,0,178.71,400,0.0,0.0,1.0,-11305.78,0.56
2120,14,bridge_corridor_medium,0.6364,0,213.14,400,0.0,0.0,1.0,-12466.84,0.5574
2121,14,bridge_corridor_medium,0.7273,0,225.75,400,0.0,0.0,1.0,-11460.13,0.555
2122,14,bridge_corridor_medium,0.7273,0,234.25,400,0.0,0.0,1.0,-11654.41,0.5525
2123,14,bridge_corridor_medium,0.6364,0,198.71,400,0.0,0.0,1.0,-11466.7,0.55
2124,14,bridge_corridor_medium,0.6364,0,189.0,400,0.0,0.0,1.0,-11254.25,0.5476
2125,14,bridge_corridor_medium,0.6364,0,172.71,400,0.0,0.0,1.0,-10856.92,0.5453
2126,14,bridge_corridor_medium,0.6364,0,248.43,400,0.0,0.0,1.0,-13085.35,0.5426
2127,14,bridge_corridor_medium,0.6364,0,147.0,400,0.0,0.0,1.0,-10016.25,0.5404
2128,14,bridge_corridor_medium,0.6364,0,157.43,400,0.0,0.0,1.0,-10189.68,0.5382
2129,14,bridge_corridor_medium,0.5455,0,214.67,400,0.0,0.0,1.0,-12986.32,0.5355
2130,14,bridge_corridor_medium,0.6364,0,231.29,400,0.0,0.0,1.0,-12630.08,0.5329
2131,14,bridge_corridor_medium,0.7273,0,209.12,400,0.0,0.0,1.0,-10633.11,0.5305
2132,14,bridge_corridor_medium,0.8182,0,182.22,400,0.0,0.0,1.0,-8891.65,0.5285
2133,14,bridge_corridor_medium,0.7273,0,187.38,400,0.0,0.0,1.0,-10010.29,0.5263
2134,14,bridge_corridor_medium,0.6364,0,215.43,400,0.0,0.0,1.0,-12159.77,0.5238
2135,14,bridge_corridor_medium,0.6364,0,178.57,400,0.0,0.0,1.0,-10976.76,0.5214
2136,14,bridge_corridor_medium,0.7273,0,163.25,400,0.0,0.0,1.0,-9224.31,0.5194
2137,14,bridge_corridor_medium,0.8182,0,186.0,400,0.0,0.0,1.0,-8869.04,0.5174
2138,14,bridge_corridor_medium,0.8182,0,194.89,400,0.0,0.0,1.0,-9029.37,0.5153
2139,14,bridge_corridor_medium,0.5455,0,156.33,400,0.0,0.0,1.0,-11537.2,0.5129
2140,14,bridge_corridor_medium,0.7273,0,178.25,400,0.0,0.0,1.0,-9777.59,0.5107
2141,14,bridge_corridor_medium,0.9091,0,175.5,400,0.0,0.0,1.0,-6865.12,0.509
2142,14,bridge_corridor_medium,0.7273,0,164.38,400,0.0,0.0,1.0,-9242.76,0.5069
2143,14,bridge_corridor_medium,0.7273,0,166.88,400,0.0,0.0,1.0,-9424.65,0.5048
2144,14,bridge_corridor_medium,0.7273,0,181.0,400,0.0,0.0,1.0,-9873.26,0.5026
2145,14,bridge_corridor_medium,0.6364,0,172.57,400,0.0,0.0,1.0,-10702.46,0.5003
2146,14,bridge_corridor_medium,0.6364,0,168.86,400,0.0,0.0,1.0,-10765.52,0.4981
2147,14,bridge_corridor_medium,0.7273,0,144.5,400,0.0,0.0,1.0,-8580.27,0.4961
2148,14,bridge_corridor_medium,0.7273,0,192.5,400,0.0,0.0,1.0,-10066.5,0.4939
2149,14,bridge_corridor_medium,0.7273,0,196.0,400,0.0,0.0,1.0,-10075.58,0.4916
2150,14,bridge_corridor_medium,0.7273,0,241.5,400,0.0,0.0,1.0,-11660.97,0.4891
2151,14,bridge_corridor_medium,0.6364,0,190.57,400,0.0,0.0,1.0,-11318.61,0.4867
2152,14,bridge_corridor_medium,0.9091,0,171.3,400,0.0,0.0,1.0,-6850.43,0.4849
2153,14,bridge_corridor_medium,0.6364,0,138.57,400,0.0,0.0,1.0,-9715.55,0.4828
2154,14,bridge_corridor_medium,0.5455,0,160.17,400,0.0,0.0,1.0,-11883.29,0.4804
2155,14,bridge_corridor_medium,0.6364,0,215.86,400,0.0,0.0,1.0,-12212.06,0.4779
2156,14,bridge_corridor_medium,0.6364,0,138.0,400,0.0,0.0,1.0,-9906.39,0.4758
2157,14,bridge_corridor_medium,0.5455,0,166.33,400,0.0,0.0,1.0,-11979.89,0.4733
2158,14,bridge_corridor_medium,0.6364,0,160.43,400,0.0,0.0,1.0,-10287.29,0.4711
2159,14,bridge_corridor_medium,0.5455,0,174.0,400,0.0,0.0,1.0,-12140.05,0.4686
2160,14,bridge_corridor_medium,0.6364,0,162.71,400,0.0,0.0,1.0,-10506.69,0.4663
2161,14,bridge_corridor_medium,0.6364,0,145.0,400,0.0,0.0,1.0,-9744.79,0.4642
2162,14,bridge_corridor_medium,0.5455,0,166.83,400,0.0,0.0,1.0,-11866.28,0.4617
2163,14,bridge_corridor_medium,0.8182,0,190.33,400,0.0,0.0,1.0,-8861.73,0.4597
2164,14,bridge_corridor_medium,0.7273,0,159.62,400,0.0,0.0,1.0,-9142.93,0.4576
2165,14,bridge_corridor_medium,0.8182,0,171.44,400,0.0,0.0,1.0,-8325.66,0.4557
2166,14,bridge_corridor_medium,0.6364,0,151.57,400,0.0,0.0,1.0,-10065.4,0.4536
2167,14,bridge_corridor_medium,0.9091,0,205.8,400,0.0,0.0,1.0,-8420.04,0.4515
2168,14,bridge_corridor_medium,1.0,1,207.82,377,0.0,0.0,1.0,-7385.13,0.4497
2169,14,bridge_corridor_medium,0.6364,0,169.57,400,0.0,0.0,1.0,-10341.85,0.4474
2170,14,bridge_corridor_medium,0.8182,0,179.44,400,0.0,0.0,1.0,-8584.2,0.4454
2171,14,bridge_corridor_medium,0.6364,0,217.43,400,0.0,0.0,1.0,-11884.03,0.4428
2172,14,bridge_corridor_medium,0.8182,0,225.44,400,0.0,0.0,1.0,-10297.61,0.4405
2173,14,bridge_corridor_medium,0.8182,0,163.67,400,0.0,0.0,1.0,-8152.03,0.4387
2174,14,bridge_corridor_medium,0.8182,0,208.22,400,0.0,0.0,1.0,-9802.19,0.4365
2175,14,bridge_corridor_medium,0.8182,0,211.89,400,0.0,0.0,1.0,-9945.69,0.4343
2176,14,bridge_corridor_medium,0.9091,0,168.4,400,0.0,0.0,1.0,-6441.4,0.4326
2177,14,bridge_corridor_medium,0.8182,0,183.33,400,0.0,0.0,1.0,-8850.41,0.4305
2178,14,bridge_corridor_medium,0.7273,0,160.75,400,0.0,0.0,1.0,-8781.88,0.4285
2179,14,bridge_corridor_medium,0.8182,0,142.22,400,0.0,0.0,1.0,-6635.1,0.4268
2180,14,bridge_corridor_medium,0.9091,0,181.4,400,0.0,0.0,1.0,-7274.5,0.425
2181,14,bridge_corridor_medium,0.9091,0,171.8,400,0.0,0.0,1.0,-6892.99,0.4233
2182,14,bridge_corridor_medium,0.7273,0,178.12,400,0.0,0.0,1.0,-9615.52,0.4211
2183,14,bridge_corridor_medium,1.0,1,198.36,344,0.0,0.0,1.0,-6878.31,0.4193
2184,14,bridge_corridor_medium,1.0,1,187.36,376,0.0,0.0,1.0,-6360.84,0.4176
2185,14,bridge_corridor_medium,0.9091,0,202.6,400,0.0,0.0,1.0,-8295.95,0.4156
2186,14,bridge_corridor_medium,0.9091,0,177.6,400,0.0,0.0,1.0,-7012.64,0.4139
2187,14,bridge_corridor_medium,0.9091,0,200.3,400,0.0,0.0,1.0,-8011.45,0.4119
2188,14,bridge_corridor_medium,0.8182,0,216.33,400,0.0,0.0,1.0,-9734.12,0.4097
2189,14,bridge_corridor_medium,0.9091,0,162.3,400,0.0,0.0,1.0,-6476.74,0.408
2190,14,bridge_corridor_medium,0.5455,0,152.0,400,0.0,0.0,1.0,-11156.12,0.4056
2191,14,bridge_corridor_medium,0.8182,0,181.67,400,0.0,0.0,1.0,-8374.61,0.4036
2192,14,bridge_corridor_medium,0.9091,0,191.4,400,0.0,0.0,1.0,-7819.3,0.4017
2193,14,bridge_corridor_medium,0.8182,0,169.56,400,0.0,0.0,1.0,-7706.82,0.3998
2194,14,bridge_corridor_medium,0.6364,0,143.14,400,0.0,0.0,1.0,-9428.3,0.3977
2195,14,bridge_corridor_medium,0.6364,0,163.14,400,0.0,0.0,1.0,-10099.15,0.3954
2196,14,bridge_corridor_medium,0.6364,0,201.29,400,0.0,0.0,1.0,-11260.43,0.393
2197,14,bridge_corridor_medium,0.7273,0,150.5,400,0.0,0.0,1.0,-8351.86,0.391
2198,14,bridge_corridor_medium,0.7273,0,144.5,400,0.0,0.0,1.0,-8186.43,0.3891
2199,14,bridge_corridor_medium,0.6364,0,141.14,400,0.0,0.0,1.0,-9656.0,0.387
2200,14,bridge_corridor_medium,0.7273,0,120.0,400,0.0,0.0,1.0,-7320.4,0.3852
2201,14,bridge_corridor_medium,0.7273,0,135.0,400,0.0,0.0,1.0,-7778.59,0.3833
2202,14,bridge_corridor_medium,0.6364,0,165.43,400,0.0,0.0,1.0,-10141.28,0.3811
2203,14,bridge_corridor_medium,0.7273,0,135.25,400,0.0,0.0,1.0,-7983.36,0.3792
2204,14,bridge_corridor_medium,0.6364,0,115.71,400,0.0,0.0,1.0,-8825.65,0.3772
2205,14,bridge_corridor_medium,0.7273,0,176.62,400,0.0,0.0,1.0,-9244.19,0.3751
2206,14,bridge_corridor_medium,0.8182,0,149.44,400,0.0,0.0,1.0,-7067.0,0.3733
2207,14,bridge_corridor_medium,0.8182,0,178.11,400,0.0,0.0,1.0,-8211.4,0.3714
2208,14,bridge_corridor_medium,0.8182,0,155.78,400,0.0,0.0,1.0,-7145.75,0.3696
2209,14,bridge_corridor_medium,0.8182,0,168.0,400,0.0,0.0,1.0,-7803.66,0.3677
2210,14,bridge_corridor_medium,0.9091,0,152.9,400,0.0,0.0,1.0,-6052.01,0.3661
2211,14,bridge_corridor_medium,0.9091,0,197.8,400,0.0,0.0,1.0,-7718.85,0.3641
2212,14,bridge_corridor_medium,1.0,1,194.0,372,0.0,0.0,1.0,-6494.19,0.3624
2213,14,bridge_corridor_medium,1.0,1,171.36,279,0.0,0.0,1.0,-5286.67,0.3608
2214,14,bridge_corridor_medium,1.0,1,174.45,321,0.0,0.0,1.0,-5697.1,0.3593
2215,14,bridge_corridor_medium,0.9091,0,151.6,400,0.0,0.0,1.0,-5944.22,0.3577
2216,14,bridge_corridor_medium,0.9091,0,165.0,400,0.0,0.0,1.0,-6381.67,0.356
2217,14,bridge_corridor_medium,1.0,1,150.82,366,0.0,0.0,1.0,-4733.96,0.3547
2218,14,bridge_corridor_medium,1.0,1,148.45,271,0.0,0.0,1.0,-4358.97,0.3533
2219,14,bridge_corridor_medium,0.9091,0,156.9,400,0.0,0.0,1.0,-6257.5,0.3517
2220,14,bridge_corridor_medium,1.0,1,181.64,380,0.0,0.0,1.0,-5900.63,0.3501
2221,14,bridge_corridor_medium,1.0,1,158.27,275,0.0,0.0,1.0,-4905.73,0.3486
2222,14,bridge_corridor_medium,1.0,1,214.27,394,0.0,0.0,1.0,-7592.39,0.3467
2223,14,bridge_corridor_medium,1.0,1,145.55,283,0.0,0.0,1.0,-4170.82,0.3454
2224,14,bridge_corridor_medium,1.0,1,173.09,299,0.0,0.0,1.0,-5628.28,0.3438
2225,14,bridge_corridor_medium,1.0,1,153.09,327,0.0,0.0,1.0,-4646.08,0.3425
2226,14,bridge_corridor_medium,0.9091,0,170.1,400,0.0,0.0,1.0,-6646.13,0.3407
2227,14,bridge_corridor_medium,0.9091,0,152.2,400,0.0,0.0,1.0,-5868.19,0.3392
2228,14,bridge_corridor_medium,1.0,1,196.0,394,0.0,0.0,1.0,-6417.59,0.3374
2229,14,bridge_corridor_medium,0.9091,0,176.9,400,0.0,0.0,1.0,-7009.06,0.3356
2230,14,bridge_corridor_medium,1.0,1,166.55,377,0.0,0.0,1.0,-5323.31,0.3341
2231,15,bridge_hazard_intro,0.4167,0,153.4,420,0.0,0.0,1.0,-16665.22,0.9973
2232,15,bridge_hazard_intro,0.25,0,85.0,420,0.0,0.0,1.0,-18540.86,0.9944
2233,15,bridge_hazard_intro,0.0833,0,92.0,420,0.0,0.0,1.0,-21904.54,0.991
2234,15,bridge_hazard_intro,0.0833,0,167.0,420,0.0,0.0,1.0,-22281.0,0.9876
2235,15,bridge_hazard_intro,0.3333,0,196.0,420,0.0,0.0,1.0,-18904.61,0.9846
2236,15,bridge_hazard_intro,0.25,0,92.67,420,0.0,0.0,1.0,-18730.38,0.9817
2237,15,bridge_hazard_intro,0.4167,0,172.8,420,0.0,0.0,1.0,-17168.48,0.979
2238,15,bridge_hazard_intro,0.3333,0,125.75,420,0.0,0.0,1.0,-17595.88,0.9762
2239,15,bridge_hazard_intro,0.25,0,96.0,420,0.0,0.0,1.0,-18634.82,0.9732
2240,15,bridge_hazard_intro,0.25,0,128.33,420,0.0,0.0,1.0,-19010.37,0.9702
2241,15,bridge_hazard_intro,0.3333,0,209.0,420,0.0833,0.0764,1.025,-19375.84,0.9672
2242,15,bridge_hazard_intro,0.4167,0,139.4,420,0.0,0.0,1.0,-16455.3,0.9646
2243,15,bridge_hazard_intro,0.3333,0,123.75,420,0.0833,0.0764,1.025,-17635.67,0.9618
2244,15,bridge_hazard_intro,0.1667,0,139.0,420,0.0833,0.0764,1.025,-20981.12,0.9586
2245,15,bridge_hazard_intro,0.4167,0,179.2,420,0.0,0.0,1.0,-17464.15,0.9559
2246,15,bridge_hazard_intro,0.3333,0,132.75,420,0.0833,0.0764,1.025,-17792.23,0.953
2247,15,bridge_hazard_intro,0.5,0,140.67,420,0.0,0.0,1.0,-14920.33,0.9506
2248,15,bridge_hazard_intro,0.5,0,142.0,420,0.0,0.0,1.0002,-15227.19,0.9482
2249,15,bridge_hazard_intro,0.3333,0,162.25,420,0.0,0.0,1.0,-18212.78,0.9453
2250,15,bridge_hazard_intro,0.25,0,202.33,420,0.0,0.0,1.0,-20232.23,0.9422
2251,15,bridge_hazard_intro,0.3333,0,113.75,420,0.0,0.0,1.0,-17585.79,0.9394
2252,15,bridge_hazard_intro,0.0833,0,301.0,420,0.0833,0.0764,1.025,-23514.57,0.9359
2253,15,bridge_hazard_intro,0.1667,0,178.0,420,0.0,0.0,1.0,-21211.82,0.9326
2254,15,bridge_hazard_intro,0.25,0,185.0,420,0.0833,0.0764,1.025,-20756.67,0.9295
2255,15,bridge_hazard_intro,0.4167,0,157.4,420,0.0,0.0,1.0,-16881.71,0.9268
2256,15,bridge_hazard_intro,0.5,0,206.67,420,0.0,0.0,1.0,-16920.25,0.9241
2257,15,bridge_hazard_intro,0.1667,0,179.5,420,0.0,0.0,1.0,-21113.12,0.9208
2258,15,bridge_hazard_intro,0.4167,0,121.8,420,0.0833,0.0764,1.025,-16354.85,0.9183
2259,15,bridge_hazard_intro,0.5,0,107.67,420,0.0,0.0,1.0,-14239.87,0.916
2260,15,bridge_hazard_intro,0.1667,0,193.0,420,0.0,0.0,1.0,-21398.34,0.9127
2261,15,bridge_hazard_intro,0.25,0,129.67,420,0.0,0.0,1.0,-19269.9,0.9097
2262,15,bridge_hazard_intro,0.3333,0,192.5,420,0.0833,0.0764,1.025,-19322.25,0.9067
2263,15,bridge_hazard_intro,0.25,0,187.33,420,0.0933,0.0758,1.0277,-20660.39,0.9036
2264,15,bridge_hazard_intro,0.25,0,91.0,420,0.0833,0.0764,1.025,-19339.07,0.9007
2265,15,bridge_hazard_intro,0.3333,0,282.0,420,0.0833,0.0764,1.025,-20867.37,0.8974
2266,15,bridge_hazard_intro,0.0833,0,86.0,420,0.0833,0.0764,1.025,-22336.07,0.894
2267,15,bridge_hazard_intro,0.25,0,176.67,420,0.0,0.0,1.0,-19984.81,0.8909
2268,15,bridge_hazard_intro,0.25,0,81.33,420,0.0,0.0,1.0,-18629.84,0.888
2269,15,bridge_hazard_intro,0.25,0,204.67,420,0.0833,0.0764,1.025,-20893.42,0.8849
2270,15,bridge_hazard_intro,0.25,0,118.67,420,0.0833,0.0764,1.025,-19837.27,0.8819
2271,15,bridge_hazard_intro,0.3333,0,63.25,420,0.0833,0.0764,1.025,-16488.14,0.8793
2272,15,bridge_hazard_intro,0.4167,0,151.6,420,0.0833,0.0764,1.025,-16850.36,0.8766
2273,15,bridge_hazard_intro,0.4167,0,189.4,420,0.0833,0.0764,1.025,-18170.74,0.8738
2274,15,bridge_hazard_intro,0.4167,0,122.0,420,0.0833,0.0764,1.0244,-16127.27,0.8713
2275,15,bridge_hazard_intro,0.25,0,127.67,420,0.0,0.0,1.0,-19396.15,0.8683
2276,15,bridge_hazard_intro,0.1667,0,170.0,420,0.0833,0.0764,1.025,-21922.47,0.865
2277,15,bridge_hazard_intro,0.3333,0,177.75,420,0.0,0.0,1.0,-18781.12,0.8621
2278,15,bridge_hazard_intro,0.3333,0,234.75,420,0.0833,0.0764,1.025,-19864.4,0.859
2279,15,bridge_hazard_intro,0.1667,0,67.0,420,0.0833,0.0764,1.025,-20762.38,0.8559
2280,15,bridge_hazard_intro,0.25,0,59.0,420,0.0,0.0,1.0,-18106.85,0.853
2281,15,bridge_hazard_intro,0.0833,0,130.0,420,0.0,0.0,1.0,-22339.87,0.8496
2282,15,bridge_hazard_intro,0.25,0,121.67,420,0.0833,0.0764,1.025,-19597.21,0.8466
2283,15,bridge_hazard_intro,0.1667,0,120.0,420,0.0833,0.0764,1.025,-21464.17,0.8434
2284,15,bridge_hazard_intro,0.25,0,57.67,420,0.0833,0.0764,1.025,-19037.42,0.8406
2285,15,bridge_hazard_intro,0.1667,0,194.0,420,0.0833,0.0764,1.025,-22229.47,0.8373
2286,15,bridge_hazard_intro,0.25,0,199.33,420,0.0833,0.0764,1.025,-21020.71,0.8341
2287,15,bridge_hazard_intro,0.0833,0,46.0,420,0.0,0.0,1.0,-21907.29,0.8308
2288,15,bridge_hazard_intro,0.25,0,152.33,420,0.0833,0.0764,1.025,-20607.48,0.8277
2289,15,bridge_hazard_intro,0.25,0,166.67,420,0.0833,0.0764,1.025,-19865.09,0.8247
2290,15,bridge_hazard_intro,0.1667,0,160.5,420,0.0833,0.0764,1.025,-21880.7,0.8214
2291,15,bridge_hazard_intro,0.0833,0,285.0,420,0.25,0.1875,1.0748,-24549.01,0.8179
2292,15,bridge_hazard_intro,0.0,0,420,420,0.0833,0.0764,1.025,-24342.16,0.8142
2293,15,bridge_hazard_intro,0.1667,0,236.5,420,0.1667,0.1389,1.05,-22476.7,0.8109
2294,15,bridge_hazard_intro,0.1667,0,190.0,420,0.1433,0.106,1.0374,-22102.2,0.8076
2295,15,bridge_hazard_intro,0.0833,0,45.0,420,0.0833,0.0764,1.0247,-22246.61,0.8042
2296,15,bridge_hazard_intro,0.0833,0,409.0,420,0.0833,0.0764,1.025,-24252.17,0.8006
2297,15,bridge_hazard_intro,0.1667,0,82.0,420,0.0833,0.0764,1.025,-20729.71,0.7975
2298,15,bridge_hazard_intro,0.25,0,201.33,420,0.1117,0.0805,1.0379,-21002.53,0.7943
2299,15,bridge_hazard_intro,0.25,0,128.0,420,0.0833,0.0764,1.025,-19765.77,0.7913
2300,15,bridge_hazard_intro,0.0833,0,52.0,420,0.0833,0.0764,1.025,-22778.1,0.7879
2301,15,bridge_hazard_intro,0.1667,0,70.5,420,0.0833,0.0764,1.025,-20610.49,0.7848
2302,15,bridge_hazard_intro,0.0833,0,159.0,420,0.1667,0.1389,1.05,-23652.9,0.7814
2303,15,bridge_hazard_intro,0.25,0,122.0,420,0.05,0.0275,1.013,-19401.5,0.7784
2304,15,bridge_hazard_intro,0.0833,0,114.0,420,0.065,0.0465,1.0149,-22443.46,0.775
2305,15,bridge_hazard_intro,0.25,0,166.33,420,0.0833,0.0764,1.0237,-20027.6,0.7719
2306,15,bridge_hazard_intro,0.1667,0,223.5,420,0.0,0.0,1.0,-21712.82,0.7686
2307,15,bridge_hazard_intro,0.0833,0,120.0,420,0.0,0.0,1.0,-22257.0,0.7652
2308,15,bridge_hazard_intro,0.1667,0,193.5,420,0.0,0.0,1.0,-21359.48,0.7619
2309,15,bridge_hazard_intro,0.3333,0,210.5,420,0.0,0.0,1.0,-19280.02,0.7588
2310,15,bridge_hazard_intro,0.1667,0,226.5,420,0.0,0.0,1.0,-21842.42,0.7555
2311,15,bridge_hazard_intro,0.3333,0,161.5,420,0.0,0.0,1.0,-18495.23,0.7526
2312,15,bridge_hazard_intro,0.25,0,123.67,420,0.0,0.0,1.0,-19320.33,0.7496
2313,15,bridge_hazard_intro,0.3333,0,168.25,420,0.0,0.0,1.0,-18466.0,0.7467
2314,15,bridge_hazard_intro,0.1667,0,195.0,420,0.0,0.0,1.0,-21590.58,0.7434
2315,15,bridge_hazard_intro,0.4167,0,197.0,420,0.0,0.0,1.0,-17952.5,0.7406
2316,15,bridge_hazard_intro,0.1667,0,56.5,420,0.0,0.0,1.0,-20230.74,0.7375
2317,15,bridge_hazard_intro,0.3333,0,185.5,420,0.0,0.0,1.0,-18919.71,0.7345
2318,15,bridge_hazard_intro,0.25,0,222.33,420,0.0,0.0,1.0,-20768.06,0.7313
2319,15,bridge_hazard_intro,0.3333,0,196.75,420,0.0,0.0,1.0,-19153.18,0.7283
2320,15,bridge_hazard_intro,0.1667,0,220.0,420,0.0,0.0,1.0,-21722.72,0.725
2321,15,bridge_hazard_intro,0.1667,0,261.5,420,0.0,0.0,1.0,-22076.33,0.7216
2322,15,bridge_hazard_intro,0.25,0,49.0,420,0.0,0.0,1.0,-18088.56,0.7188
2323,15,bridge_hazard_intro,0.5,0,218.0,420,0.0,0.0,1.0,-17335.81,0.716
2324,15,bridge_hazard_intro,0.3333,0,168.0,420,0.0,0.0,1.0,-18412.63,0.7131
2325,15,bridge_hazard_intro,0.4167,0,112.8,420,0.0,0.0,1.0,-15791.88,0.7106
2326,15,bridge_hazard_intro,0.0833,0,270.0,420,0.0,0.0,1.0,-22926.55,0.7071
2327,15,bridge_hazard_intro,0.3333,0,104.75,420,0.0,0.0,1.0,-17257.48,0.7044
2328,15,bridge_hazard_intro,0.0833,0,32.0,420,0.0,0.0,1.0,-21829.37,0.701
2329,15,bridge_hazard_intro,0.4167,0,111.6,420,0.0,0.0,1.0,-15885.95,0.6985
2330,15,bridge_hazard_intro,0.4167,0,179.8,420,0.0,0.0,1.0,-17345.5,0.6957
2331,15,bridge_hazard_intro,0.25,0,56.67,420,0.0,0.0,1.0,-18268.54,0.6929
2332,15,bridge_hazard_intro,0.25,0,185.67,420,0.0,0.0,1.0,-20133.44,0.6898
2333,15,bridge_hazard_intro,0.1667,0,233.5,420,0.0,0.0,1.0,-21782.3,0.6864
2334,15,bridge_hazard_intro,0.1667,0,94.0,420,0.0,0.0,1.0,-20351.51,0.6832
2335,15,bridge_hazard_intro,0.3333,0,150.25,420,0.0,0.0,1.0,-18004.66,0.6804
2336,15,bridge_hazard_intro,0.25,0,54.0,420,0.0,0.0,1.0,-18098.63,0.6776
2337,15,bridge_hazard_intro,0.3333,0,124.75,420,0.0,0.0,1.0,-17782.46,0.6748
2338,15,bridge_hazard_intro,0.4167,0,139.6,420,0.0,0.0,1.0,-16293.31,0.6722
2339,15,bridge_hazard_intro,0.3333,0,85.0,420,0.0,0.0,1.0,-16832.64,0.6695
2340,15,bridge_hazard_intro,0.25,0,123.33,420,0.0,0.0,1.0,-18839.08,0.6665
2341,15,bridge_hazard_intro,0.4167,0,245.8,420,0.0,0.0,1.0,-18600.97,0.6635
2342,15,bridge_hazard_intro,0.3333,0,178.0,420,0.0,0.0,1.0,-18486.65,0.6606
2343,15,bridge_hazard_intro,0.1667,0,135.5,420,0.0,0.0,1.0,-20495.34,0.6574
2344,15,bridge_hazard_intro,0.3333,0,138.75,420,0.0,0.0,1.0,-17716.26,0.6546
2345,15,bridge_hazard_intro,0.25,0,245.33,420,0.0,0.0,1.0,-20620.53,0.6513
2346,15,bridge_hazard_intro,0.25,0,159.67,420,0.0,0.0,1.0,-19478.75,0.6482
2347,15,bridge_hazard_intro,0.25,0,190.67,420,0.0,0.0,1.0,-19685.67,0.6451
2348,15,bridge_hazard_intro,0.25,0,190.67,420,0.0,0.0,1.0,-19668.51,0.642
2349,15,bridge_hazard_intro,0.3333,0,182.5,420,0.0,0.0,1.0,-18283.69,0.639
2350,15,bridge_hazard_intro,0.3333,0,130.25,420,0.0,0.0,1.0,-17315.46,0.6362
2351,15,bridge_hazard_intro,0.25,0,136.33,420,0.0,0.0,1.0,-18961.98,0.6332
2352,15,bridge_hazard_intro,0.3333,0,271.25,420,0.0,0.0,1.0,-20248.22,0.63
2353,15,bridge_hazard_intro,0.1667,0,80.5,420,0.0,0.0,1.0,-19901.56,0.6269
2354,15,bridge_hazard_intro,0.0833,0,16.0,420,0.0,0.0,1.0,-21387.05,0.6235
2355,15,bridge_hazard_intro,0.1667,0,208.0,420,0.0,0.0,1.0,-21110.9,0.6202
2356,15,bridge_hazard_intro,0.1667,0,354.0,420,0.0,0.0,1.0,-22666.01,0.6167
2357,15,bridge_hazard_intro,0.3333,0,193.0,420,0.0,0.0,1.0,-18454.22,0.6137
2358,15,bridge_hazard_intro,0.1667,0,89.0,420,0.0,0.0,1.0,-19828.1,0.6106
2359,15,bridge_hazard_intro,0.25,0,138.0,420,0.0,0.0,1.0,-18885.46,0.6075
2360,15,bridge_hazard_intro,0.1667,0,43.5,420,0.0,0.0,1.0,-19554.93,0.6045
2361,15,bridge_hazard_intro,0.0833,0,388.0,420,0.0,0.0,1.0,-23025.97,0.6009
2362,15,bridge_hazard_intro,0.0833,0,45.0,420,0.0,0.0,1.0,-21291.81,0.5975
2363,15,bridge_hazard_intro,0.1667,0,171.0,420,0.0,0.0,1.0,-20749.72,0.5942
2364,15,bridge_hazard_intro,0.0833,0,22.0,420,0.0,0.0,1.0,-21186.66,0.5909
2365,15,bridge_hazard_intro,0.0833,0,56.0,420,0.0,0.0,1.0,-21478.77,0.5875
2366,15,bridge_hazard_intro,0.1667,0,230.5,420,0.0,0.0,1.0,-21014.59,0.5842
2367,15,bridge_hazard_intro,0.0833,0,23.0,420,0.0,0.0,1.0,-21219.57,0.5808
2368,15,bridge_hazard_intro,0.1667,0,196.0,420,0.0,0.0,1.0,-20811.8,0.5775
2369,15,bridge_hazard_intro,0.1667,0,83.5,420,0.0,0.0,1.0,-19832.78,0.5744
2370,15,bridge_hazard_intro,0.1667,0,87.0,420,0.0,0.0,1.0,-19898.24,0.5712
2371,15,bridge_hazard_intro,0.25,0,152.67,420,0.0,0.0,1.0,-19053.1,0.5682
2372,15,bridge_hazard_intro,0.3333,0,187.25,420,0.0,0.0,1.0,-18227.36,0.5652
2373,15,bridge_hazard_intro,0.3333,0,190.75,420,0.0,0.0,1.0,-18399.58,0.5623
2374,15,bridge_hazard_intro,0.25,0,148.0,420,0.0,0.0,1.0,-19033.53,0.5592
2375,15,bridge_hazard_intro,0.1667,0,115.5,420,0.0,0.0,1.0,-20119.33,0.556
2376,15,bridge_hazard_intro,0.3333,0,193.5,420,0.0,0.0,1.0,-18440.65,0.5531
2377,15,bridge_hazard_intro,0.4167,0,192.6,420,0.0,0.0,1.0,-17440.44,0.5502
2378,15,bridge_hazard_intro,0.4167,0,145.2,420,0.0,0.0,1.0,-16110.9,0.5476
2379,15,bridge_hazard_intro,0.1667,0,171.0,420,0.0,0.0,1.0,-20631.02,0.5443
2380,15,bridge_hazard_intro,0.5,0,187.67,420,0.0,0.0,1.0,-16062.64,0.5417
2381,15,bridge_hazard_intro,0.4167,0,201.6,420,0.0,0.0,1.0,-17463.22,0.5389
2382,15,bridge_hazard_intro,0.1667,0,385.5,420,0.0,0.0,1.0,-22889.84,0.5353
2383,15,bridge_hazard_intro,0.25,0,127.67,420,0.0,0.0,1.0,-18992.04,0.5323
2384,15,bridge_hazard_intro,0.0833,0,369.0,420,0.0,0.0,1.0,-23168.02,0.5287
2385,15,bridge_hazard_intro,0.3333,0,205.5,420,0.0,0.0,1.0,-18926.12,0.5257
2386,15,bridge_hazard_intro,0.25,0,243.33,420,0.0,0.0,1.0,-20667.61,0.5225
2387,15,bridge_hazard_intro,0.3333,0,176.25,420,0.0,0.0,1.0,-18201.95,0.5195
2388,15,bridge_hazard_intro,0.4167,0,195.8,420,0.0,0.0,1.0,-17430.55,0.5167
2389,15,bridge_hazard_intro,0.4167,0,166.4,420,0.0,0.0,1.0,-16844.9,0.514
2390,15,bridge_hazard_intro,0.5,0,176.17,420,0.0,0.0,1.0,-15796.0,0.5114
2391,15,bridge_hazard_intro,0.3333,0,122.0,420,0.0,0.0,1.0,-17393.49,0.5087
2392,15,bridge_hazard_intro,0.25,0,151.0,420,0.0,0.0,1.0,-19214.11,0.5056
2393,15,bridge_hazard_intro,0.3333,0,116.25,420,0.0,0.0,1.0,-17121.09,0.5029
2394,15,bridge_hazard_intro,0.5,0,185.0,420,0.0,0.0,1.0,-15827.1,0.5002
2395,15,bridge_hazard_intro,0.5,0,174.5,420,0.0,0.0,1.0,-15658.8,0.4977
2396,15,bridge_hazard_intro,0.5,0,224.0,420,0.0,0.0,1.0,-17105.44,0.4949
2397,15,bridge_hazard_intro,0.5,0,191.67,420,0.0,0.0,1.0,-16195.14,0.4922
2398,15,bridge_hazard_intro,0.5,0,200.83,420,0.0,0.0,1.0,-16313.79,0.4896
2399,15,bridge_hazard_intro,0.3333,0,220.25,420,0.0,0.0,1.0,-19132.32,0.4865
2400,15,bridge_hazard_intro,0.25,0,131.0,420,0.0,0.0,1.0,-19021.56,0.4835
2401,15,bridge_hazard_intro,0.3333,0,170.5,420,0.0,0.0,1.0,-18633.47,0.4806
2402,15,bridge_hazard_intro,0.3333,0,244.0,420,0.0,0.0,1.0,-19581.63,0.4775
2403,15,bridge_hazard_intro,0.3333,0,102.25,420,0.0,0.0,1.0,-17086.3,0.4748
2404,15,bridge_hazard_intro,0.3333,0,116.0,420,0.0,0.0,1.0,-17274.41,0.472
2405,15,bridge_hazard_intro,0.4167,0,203.4,420,0.0,0.0,1.0,-17630.39,0.4692
2406,15,bridge_hazard_intro,0.3333,0,101.0,420,0.0,0.0,1.0,-16988.06,0.4665
2407,15,bridge_hazard_intro,0.5,0,207.17,420,0.0,0.0,1.0,-16611.64,0.4638
2408,15,bridge_hazard_intro,0.5,0,177.0,420,0.0,0.0,1.0,-16071.09,0.4612
2409,15,bridge_hazard_intro,0.5833,0,204.86,420,0.0,0.0,1.0,-15416.87,0.4586
2410,15,bridge_hazard_intro,0.6667,0,142.12,420,0.0,0.0,1.0,-11976.98,0.4566
2411,15,bridge_hazard_intro,0.75,0,177.56,420,0.0,0.0,1.0,-12087.3,0.4545
2412,15,bridge_hazard_intro,0.6667,0,180.75,420,0.0,0.0,1.0,-13293.43,0.4523
2413,15,bridge_hazard_intro,0.75,0,215.22,420,0.0,0.0,1.0,-13152.3,0.45
2414,15,bridge_hazard_intro,0.5833,0,124.43,420,0.0,0.0,1.0,-12753.7,0.4479
2415,15,bridge_hazard_intro,0.4167,0,121.6,420,0.0,0.0,1.0,-16154.96,0.4453
2416,15,bridge_hazard_intro,0.5833,0,162.86,420,0.0,0.0,1.0,-14070.24,0.443
2417,15,bridge_hazard_intro,0.4167,0,142.6,420,0.0,0.0,1.0,-16249.45,0.4403
2418,15,bridge_hazard_intro,0.6667,0,233.62,420,0.0,0.0,1.0,-15169.27,0.4378
2419,15,bridge_hazard_intro,0.5833,0,244.29,420,0.0,0.0,1.0,-16658.54,0.435
2420,15,bridge_hazard_intro,0.75,0,187.0,420,0.0,0.0,1.0,-11996.58,0.4329
2421,15,bridge_hazard_intro,0.6667,0,166.0,420,0.0,0.0,1.0,-12748.95,0.4308
2422,15,bridge_hazard_intro,0.6667,0,182.62,420,0.0,0.0,1.0,-13322.12,0.4285
2423,15,bridge_hazard_intro,0.6667,0,205.88,420,0.0,0.0,1.0,-14140.32,0.4261
2424,15,bridge_hazard_intro,0.75,0,162.22,420,0.0,0.0,1.0,-11035.32,0.4242
2425,15,bridge_hazard_intro,0.6667,0,151.75,420,0.0,0.0,1.0,-12084.61,0.4221
2426,15,bridge_hazard_intro,0.75,0,202.11,420,0.0,0.0,1.0,-12718.89,0.4199
2427,15,bridge_hazard_intro,0.6667,0,176.62,420,0.0,0.0,1.0,-13030.2,0.4176
2428,15,bridge_hazard_intro,0.75,0,166.44,420,0.0,0.0,1.0,-11163.89,0.4156
2429,15,bridge_hazard_intro,0.8333,0,168.4,420,0.0,0.0,1.0,-10021.98,0.4138
2430,15,bridge_hazard_intro,0.6667,0,142.75,420,0.0,0.0,1.0,-11816.71,0.4118
2431,15,bridge_hazard_intro,0.8333,0,199.5,420,0.0,0.0,1.0,-11311.29,0.4098
2432,15,bridge_hazard_intro,0.8333,0,217.9,420,0.0,0.0,1.0,-12259.61,0.4076
2433,15,bridge_hazard_intro,0.8333,0,155.4,420,0.0,0.0,1.0,-9155.44,0.4059
2434,15,bridge_hazard_intro,0.75,0,240.0,420,0.0,0.0,1.0,-14307.71,0.4034
2435,15,bridge_hazard_intro,0.6667,0,160.12,420,0.0,0.0,1.0,-12332.21,0.4013
2436,15,bridge_hazard_intro,0.9167,0,142.55,420,0.0,0.0,1.0,-7277.07,0.3998
2437,15,bridge_hazard_intro,0.8333,0,169.6,420,0.0,0.0,1.0,-9755.37,0.398
2438,15,bridge_hazard_intro,0.75,0,144.78,420,0.0,0.0,1.0,-10080.71,0.3962
2439,15,bridge_hazard_intro,0.8333,0,149.1,420,0.0,0.0,1.0,-9001.86,0.3945
2440,15,bridge_hazard_intro,0.8333,0,173.4,420,0.0,0.0,1.0,-10073.53,0.3926
2441,15,bridge_hazard_intro,0.9167,0,158.45,420,0.0,0.0,1.0,-8146.38,0.3911
2442,15,bridge_hazard_intro,0.9167,0,143.0,420,0.0,0.0,1.0,-7212.53,0.3896
2443,15,bridge_hazard_intro,0.9167,0,177.55,420,0.0,0.0,1.0,-8997.09,0.3879
2444,15,bridge_hazard_intro,0.8333,0,141.5,420,0.0,0.0,1.0,-8666.28,0.3863
2445,15,bridge_hazard_intro,0.8333,0,148.6,420,0.0,0.0,1.0,-9348.41,0.3846
2446,15,bridge_hazard_intro,0.9167,0,171.91,420,0.0,0.0,1.0,-8784.55,0.383
2447,15,bridge_hazard_intro,0.9167,0,142.73,420,0.0,0.0,1.0,-7260.81,0.3815
2448,15,bridge_hazard_intro,0.9167,0,121.18,420,0.0,0.0,1.0,-6221.61,0.3803
2449,15,bridge_hazard_intro,0.8333,0,138.2,420,0.0,0.0,1.0,-8701.74,0.3787
2450,15,bridge_hazard_intro,0.8333,0,156.6,420,0.0,0.0,1.0,-9484.03,0.377
2451,15,bridge_hazard_intro,0.9167,0,161.0,420,0.0,0.0,1.0,-8396.6,0.3754
2452,15,bridge_hazard_intro,0.9167,0,175.18,420,0.0,0.0,1.0,-9302.93,0.3737
2453,15,bridge_hazard_intro,0.8333,0,146.5,420,0.0,0.0,1.0,-9303.24,0.372
2454,15,bridge_hazard_intro,0.8333,0,164.1,420,0.0,0.0,1.0,-9829.11,0.3702
2455,15,bridge_hazard_intro,0.8333,0,160.0,420,0.0,0.0,1.0,-10272.99,0.3685
2456,15,bridge_hazard_intro,0.8333,0,173.8,420,0.0,0.0,1.0,-10376.65,0.3666
2457,15,bridge_hazard_intro,0.9167,0,135.09,420,0.0,0.0,1.0,-7009.2,0.3653
2458,15,bridge_hazard_intro,0.9167,0,126.18,420,0.0,0.0,1.0,-6578.65,0.364
2459,15,bridge_hazard_intro,0.9167,0,135.18,420,0.0,0.0,1.0,-7004.51,0.3626
2460,15,bridge_hazard_intro,1.0,1,158.5,348,0.0,0.0,1.0,-6659.85,0.3612
2461,15,bridge_hazard_intro,0.8333,0,124.8,420,0.0,0.0,1.0,-8309.49,0.3597
2462,15,bridge_hazard_intro,0.9167,0,111.45,420,0.0,0.0,1.0,-5809.81,0.3585
2463,15,bridge_hazard_intro,0.8333,0,127.0,420,0.0,0.0,1.0,-8363.49,0.357
2464,15,bridge_hazard_intro,0.8333,0,156.5,420,0.0,0.0,1.0,-9446.57,0.3553
2465,15,bridge_hazard_intro,0.9167,0,160.73,420,0.0,0.0,1.0,-8431.01,0.3537
2466,15,bridge_hazard_intro,0.8333,0,165.1,420,0.0,0.0,1.0,-10023.86,0.3519
2467,15,bridge_hazard_intro,0.9167,0,125.55,420,0.0,0.0,1.0,-6527.71,0.3506
2468,15,bridge_hazard_intro,0.8333,0,118.7,420,0.0,0.0,1.0,-7807.32,0.3492
2469,15,bridge_hazard_intro,0.9167,0,128.73,420,0.0,0.0,1.0,-6633.35,0.3478
2470,15,bridge_hazard_intro,0.8333,0,132.5,420,0.0,0.0,1.0,-8485.27,0.3463
2471,15,bridge_hazard_intro,0.9167,0,136.82,420,0.0,0.0,1.0,-7133.0,0.3449
2472,15,bridge_hazard_intro,0.8333,0,142.4,420,0.0,0.0,1.0,-8911.27,0.3433
2473,15,bridge_hazard_intro,0.9167,0,174.0,420,0.0,0.0,1.0,-8965.52,0.3416
2474,15,bridge_hazard_intro,0.8333,0,179.2,420,0.0,0.0,1.0,-10664.52,0.3397
2475,15,bridge_hazard_intro,0.8333,0,141.7,420,0.0,0.0,1.0,-8734.79,0.3381
2476,15,bridge_hazard_intro,0.4167,0,240.2,420,0.0,0.0,1.0,-18380.11,0.3351
2477,15,bridge_hazard_intro,0.5,0,171.33,420,0.0,0.0,1.0,-15248.51,0.3325
2478,15,bridge_hazard_intro,0.5,0,154.17,420,0.0,0.0,1.0,-14851.18,0.3301
2479,15,bridge_hazard_intro,0.3333,0,158.25,420,0.0,0.0,1.0,-17668.21,0.3272
2480,15,bridge_hazard_intro,0.25,0,124.67,420,0.0,0.0,1.0,-18703.49,0.3242
2481,15,bridge_hazard_intro,0.0833,0,23.0,420,0.0,0.0,1.0,-21470.78,0.3208
2482,15,bridge_hazard_intro,0.0,0,420,420,0.0,0.0,1.0,-23851.62,0.3172
2483,15,bridge_hazard_intro,0.0,0,420,420,0.0,0.0,1.0,-23720.25,0.3136
2484,15,bridge_hazard_intro,0.0,0,420,420,0.0,0.0,1.0,-23752.39,0.31
2485,15,bridge_hazard_intro,0.0,0,420,420,0.0,0.0,1.0,-23757.99,0.3063
2486,15,bridge_hazard_intro,0.0,0,420,420,0.0,0.0,1.0,-23769.3,0.3027
2487,15,bridge_hazard_intro,0.0,0,420,420,0.0,0.0,1.0,-23797.04,0.2991
2488,15,bridge_hazard_intro,0.0833,0,13.0,420,0.0,0.0,1.0,-21823.1,0.2957
2489,15,bridge_hazard_intro,0.0833,0,38.0,420,0.0,0.0,1.0,-21921.14,0.2924
2490,15,bridge_hazard_intro,0.0833,0,161.0,420,0.0,0.0,1.0,-22385.25,0.289
2491,15,bridge_hazard_intro,0.0833,0,125.0,420,0.0,0.0,1.0,-22356.14,0.2855
2492,15,bridge_hazard_intro,0.0833,0,23.0,420,0.0,0.0,1.0,-21723.48,0.2822
2493,15,bridge_hazard_intro,0.1667,0,67.5,420,0.0,0.0,1.0,-20211.75,0.2791
2494,15,bridge_hazard_intro,0.0,0,420,420,0.0,0.0,1.0,-24066.61,0.2755
2495,15,bridge_hazard_intro,0.25,0,56.33,420,0.0,0.0,1.0,-18476.81,0.2726
2496,15,bridge_hazard_intro,0.3333,0,78.25,420,0.0,0.0,1.0,-16928.58,0.27
2497,15,bridge_hazard_intro,0.1667,0,45.0,420,0.0,0.0,1.0,-20274.53,0.2669
2498,15,bridge_hazard_intro,0.1667,0,228.0,420,0.0,0.0,1.0,-21993.97,0.2635
2499,15,bridge_hazard_intro,0.25,0,123.67,420,0.0,0.0,1.0,-19090.34,0.2605
2500,15,bridge_hazard_intro,0.25,0,71.0,420,0.0,0.0,1.0,-18351.79,0.2577
2501,15,bridge_hazard_intro,0.25,0,70.33,420,0.0,0.0,1.0,-18075.96,0.2548
2502,15,bridge_hazard_intro,0.25,0,59.67,420,0.0,0.0,1.0,-18210.12,0.2519
2503,15,bridge_hazard_intro,0.1667,0,104.5,420,0.0,0.0,1.0,-20769.61,0.2488
2504,15,bridge_hazard_intro,0.25,0,62.33,420,0.0,0.0,1.0,-18014.6,0.2459
2505,15,bridge_hazard_intro,0.1667,0,226.0,420,0.0,0.0,1.0,-21221.39,0.2426
2506,15,bridge_hazard_intro,0.0833,0,111.0,420,0.0,0.0,1.0,-21833.54,0.2392
2507,15,bridge_hazard_intro,0.0,0,420,420,0.0,0.0,1.0,-23667.46,0.2355
2508,15,bridge_hazard_intro,0.0,0,420,420,0.0,0.0,1.0,-24037.95,0.2319
2509,15,bridge_hazard_intro,0.0833,0,23.0,420,0.0,0.0,1.0,-21928.97,0.2286
2510,15,bridge_hazard_intro,0.1667,0,48.0,420,0.0,0.0,1.0,-19965.64,0.2255
2511,15,bridge_hazard_intro,0.0833,0,13.0,420,0.0,0.0,1.0,-21788.37,0.2221
2512,15,bridge_hazard_intro,0.0,0,420,420,0.0,0.0,1.0,-23965.09,0.2185
2513,15,bridge_hazard_intro,0.1667,0,70.5,420,0.0,0.0,1.0,-20166.18,0.2154
2514,15,bridge_hazard_intro,0.0833,0,21.0,420,0.0,0.0,1.0,-21767.84,0.212
2515,15,bridge_hazard_intro,0.0833,0,33.0,420,0.0,0.0,1.0,-21658.33,0.2087
2516,15,bridge_hazard_intro,0.25,0,29.33,420,0.0,0.0,1.0,-17797.27,0.2059
2517,15,bridge_hazard_intro,0.0833,0,13.0,420,0.0,0.0,1.0,-21764.95,0.2026
2518,15,bridge_hazard_intro,0.3333,0,78.0,420,0.0,0.0,1.0,-16618.94,0.1999
2519,16,bridge_multi_exit,0.25,0,205.67,420,0.1667,0.1389,1.0459,-20557.1,0.9981
2520,16,bridge_multi_exit,0.4167,0,221.2,420,0.0833,0.0764,1.025,-18471.16,0.9949
2521,16,bridge_multi_exit,0.25,0,247.0,420,0.0833,0.0764,1.025,-21560.72,0.9913
2522,16,bridge_multi_exit,0.3333,0,192.75,420,0.25,0.1875,1.0748,-19248.16,0.988
2523,16,bridge_multi_exit,0.4167,0,236.8,420,0.0833,0.0764,1.025,-19466.1,0.9848
2524,16,bridge_multi_exit,0.4167,0,202.0,420,0.0,0.0,1.0,-17876.67,0.9817
2525,16,bridge_multi_exit,0.5,0,186.5,420,0.0833,0.0764,1.025,-16895.67,0.9788
2526,16,bridge_multi_exit,0.25,0,211.0,420,0.0,0.0,1.0,-20540.34,0.9753
2527,16,bridge_multi_exit,0.25,0,155.67,420,0.07,0.0539,1.025,-19904.75,0.9719
2528,16,bridge_multi_exit,0.1667,0,167.5,420,0.0833,0.0764,1.025,-21653.21,0.9683
2529,16,bridge_multi_exit,0.25,0,218.33,420,0.0833,0.0764,1.025,-20935.2,0.9648
2530,16,bridge_multi_exit,0.3333,0,164.0,420,0.0833,0.0764,1.025,-18654.85,0.9616
2531,16,bridge_multi_exit,0.3333,0,133.0,420,0.05,0.0275,1.0205,-17843.69,0.9585
2532,16,bridge_multi_exit,0.3333,0,334.0,420,0.0833,0.0764,1.025,-21865.02,0.9548
2533,16,bridge_multi_exit,0.25,0,191.33,420,0.1333,0.0956,1.0334,-20567.86,0.9514
2534,16,bridge_multi_exit,0.5,0,254.17,420,0.0833,0.0764,1.025,-19031.18,0.9482
2535,16,bridge_multi_exit,0.3333,0,197.75,420,0.0,0.0,1.0,-18919.21,0.9449
2536,16,bridge_multi_exit,0.25,0,106.67,420,0.1083,0.0791,1.0378,-19497.5,0.9416
2537,16,bridge_multi_exit,0.3333,0,166.25,420,0.0833,0.0764,1.025,-18340.58,0.9385
2538,16,bridge_multi_exit,0.5,0,249.17,420,0.0,0.0,1.0,-18130.57,0.9353
2539,16,bridge_multi_exit,0.5,0,145.0,420,0.0,0.0,1.0,-15188.68,0.9326
2540,16,bridge_multi_exit,0.25,0,293.0,420,0.06,0.0396,1.0124,-21688.99,0.9289
2541,16,bridge_multi_exit,0.3333,0,220.25,420,0.0833,0.0764,1.0249,-19600.38,0.9255
2542,16,bridge_multi_exit,0.1667,0,176.5,420,0.1,0.0767,1.0315,-21764.2,0.9219
2543,16,bridge_multi_exit,0.3333,0,164.5,420,0.0933,0.0758,1.025,-19061.06,0.9187
2544,16,bridge_multi_exit,0.25,0,297.33,420,0.0833,0.0764,1.025,-22011.04,0.915
2545,16,bridge_multi_exit,0.3333,0,246.0,420,0.0833,0.0764,1.025,-20278.37,0.9116
2546,16,bridge_multi_exit,0.3333,0,96.25,420,0.0,0.0,1.0,-17156.68,0.9086
2547,16,bridge_multi_exit,0.3333,0,180.25,420,0.0833,0.0764,1.025,-18839.23,0.9054
2548,16,bridge_multi_exit,0.3333,0,229.0,420,0.115,0.0821,1.0382,-20185.59,0.902
2549,16,bridge_multi_exit,0.3333,0,233.25,420,0.1633,0.1047,1.06,-20321.85,0.8986
2550,16,bridge_multi_exit,0.1667,0,248.0,420,0.135,0.0877,1.0416,-22695.46,0.8949
2551,16,bridge_multi_exit,0.25,0,278.67,420,0.1667,0.1389,1.0499,-21804.74,0.8912
2552,16,bridge_multi_exit,0.1667,0,170.0,420,0.07,0.0539,1.0232,-21747.58,0.8877
2553,16,bridge_multi_exit,0.0833,0,220.0,420,0.1267,0.0898,1.0408,-23466.1,0.8838
2554,16,bridge_multi_exit,0.0833,0,297.0,420,0.0833,0.0764,1.025,-23487.02,0.8799
2555,16,bridge_multi_exit,0.1667,0,216.0,420,0.16,0.1283,1.0499,-22253.57,0.8763
2556,16,bridge_multi_exit,0.3333,0,166.25,420,0.1183,0.084,1.038,-18969.35,0.8731
2557,16,bridge_multi_exit,0.25,0,296.0,420,0.16,0.1283,1.0493,-22310.03,0.8694
2558,16,bridge_multi_exit,0.1667,0,200.0,420,0.0833,0.0764,1.025,-21790.83,0.8657
2559,16,bridge_multi_exit,0.1667,0,194.0,420,0.1008,0.075,1.0267,-21924.26,0.8621
2560,16,bridge_multi_exit,0.0833,0,100.0,420,0.0833,0.0764,1.025,-22628.61,0.8584
2561,16,bridge_multi_exit,0.1667,0,175.5,420,0.11,0.0772,1.0264,-22064.96,0.8548
2562,16,bridge_multi_exit,0.0833,0,266.0,420,0.1808,0.1364,1.0552,-23846.85,0.8509
2563,16,bridge_multi_exit,0.3333,0,239.75,420,0.1667,0.1389,1.05,-20320.33,0.8475
2564,16,bridge_multi_exit,0.3333,0,237.25,420,0.0833,0.0764,1.025,-20450.9,0.844
2565,16,bridge_multi_exit,0.0833,0,65.0,420,0.2417,0.1758,1.0745,-22647.58,0.8403
2566,16,bridge_multi_exit,0.25,0,219.67,420,0.1333,0.0956,1.0358,-20956.45,0.8368
2567,16,bridge_multi_exit,0.1667,0,215.5,420,0.2067,0.1432,1.0561,-22219.05,0.8332
2568,16,bridge_multi_exit,0.25,0,181.67,420,0.2033,0.1415,1.0638,-20764.22,0.8297
2569,16,bridge_multi_exit,0.3333,0,167.0,420,0.1667,0.1389,1.05,-19222.94,0.8265
2570,16,bridge_multi_exit,0.25,0,187.33,420,0.24,0.1736,1.075,-21184.4,0.8231
2571,16,bridge_multi_exit,0.1667,0,215.0,420,0.25,0.1875,1.0745,-22887.53,0.8194
2572,16,bridge_multi_exit,0.1667,0,145.0,420,0.25,0.1875,1.075,-22097.87,0.8159
2573,16,bridge_multi_exit,0.1667,0,202.5,420,0.2567,0.1847,1.0767,-22919.77,0.8122
2574,16,bridge_multi_exit,0.1667,0,105.5,420,0.25,0.1875,1.075,-21647.42,0.8087
2575,16,bridge_multi_exit,0.0,0,420,420,0.2717,0.1818,1.0877,-25499.59,0.8047
2576,16,bridge_multi_exit,0.1667,0,205.0,420,0.2483,0.185,1.075,-22807.05,0.8011
2577,16,bridge_multi_exit,0.0833,0,206.0,420,0.3333,0.2222,1.1,-24126.9,0.7973
2578,16,bridge_multi_exit,0.0833,0,276.0,420,0.4167,0.2431,1.125,-25164.05,0.7934
2579,16,bridge_multi_exit,0.1667,0,168.0,420,0.2583,0.1841,1.0771,-23243.93,0.7898
2580,16,bridge_multi_exit,0.1667,0,229.0,420,0.25,0.1875,1.075,-23454.6,0.7861
2581,16,bridge_multi_exit,0.1667,0,129.0,420,0.25,0.1875,1.075,-21338.77,0.7826
2582,16,bridge_multi_exit,0.0833,0,127.0,420,0.25,0.1875,1.075,-23454.49,0.7788
2583,16,bridge_multi_exit,0.1667,0,217.5,420,0.1667,0.1389,1.0502,-22450.32,0.7752
2584,16,bridge_multi_exit,0.1667,0,285.5,420,0.3333,0.2222,1.1,-23632.14,0.7714
2585,16,bridge_multi_exit,0.1667,0,355.0,420,0.4167,0.2431,1.1247,-24942.9,0.7675
2586,16,bridge_multi_exit,0.1667,0,263.5,420,0.25,0.1875,1.075,-23158.72,0.7637
2587,16,bridge_multi_exit,0.1667,0,294.0,420,0.3333,0.2222,1.1,-24242.09,0.7599
2588,16,bridge_multi_exit,0.25,0,356.0,420,0.3117,0.1985,1.09,-23322.35,0.7561
2589,16,bridge_multi_exit,0.3333,0,238.75,420,0.3333,0.2222,1.1,-21201.95,0.7527
2590,16,bridge_multi_exit,0.25,0,185.67,420,0.315,0.2015,1.1,-21805.61,0.7493
2591,16,bridge_multi_exit,0.3333,0,278.75,420,0.3333,0.2222,1.1,-22394.51,0.7457
2592,16,bridge_multi_exit,0.4167,0,171.2,420,0.1667,0.1389,1.05,-18024.79,0.7427
2593,16,bridge_multi_exit,0.3333,0,166.75,420,0.25,0.1875,1.0739,-19553.43,0.7395
2594,16,bridge_multi_exit,0.25,0,275.67,420,0.2583,0.1841,1.0771,-23525.31,0.7359
2595,16,bridge_multi_exit,0.3333,0,248.5,420,0.3117,0.1985,1.1,-21505.41,0.7324
2596,16,bridge_multi_exit,0.25,0,120.33,420,0.3333,0.2222,1.1,-20874.05,0.7291
2597,16,bridge_multi_exit,0.3333,0,235.0,420,0.1667,0.1389,1.0504,-21033.05,0.7257
2598,16,bridge_multi_exit,0.4167,0,232.2,420,0.41,0.2358,1.123,-20627.97,0.7225
2599,16,bridge_multi_exit,0.3333,0,184.25,420,0.3733,0.2132,1.1146,-20634.29,0.7192
2600,16,bridge_multi_exit,0.5,0,246.83,420,0.2533,0.186,1.075,-18703.36,0.7161
2601,16,bridge_multi_exit,0.4167,0,193.8,420,0.25,0.1875,1.075,-19032.78,0.713
2602,16,bridge_multi_exit,0.6667,0,176.62,420,0.1667,0.1389,1.05,-14103.82,0.7105
2603,16,bridge_multi_exit,0.5,0,180.0,420,0.25,0.1875,1.075,-17224.38,0.7077
2604,16,bridge_multi_exit,0.4167,0,169.4,420,0.25,0.1875,1.075,-18188.31,0.7047
2605,16,bridge_multi_exit,0.5,0,179.5,420,0.0967,0.0761,1.0292,-16382.57,0.7018
2606,16,bridge_multi_exit,0.4167,0,175.4,420,0.3317,0.22,1.0985,-18933.04,0.6988
2607,16,bridge_multi_exit,0.5,0,211.0,420,0.1681,0.1384,1.05,-17623.68,0.6958
2608,16,bridge_multi_exit,0.4167,0,192.2,420,0.4028,0.229,1.117,-19538.77,0.6927
2609,16,bridge_multi_exit,0.4167,0,194.6,420,0.3517,0.2137,1.0999,-19021.26,0.6896
2610,16,bridge_multi_exit,0.5,0,177.0,420,0.1667,0.1389,1.05,-16945.03,0.6868
2611,16,bridge_multi_exit,0.3333,0,221.75,420,0.1033,0.0775,1.0351,-19733.08,0.6834
2612,16,bridge_multi_exit,0.5,0,157.5,420,0.25,0.1875,1.075,-16907.65,0.6807
2613,16,bridge_multi_exit,0.4167,0,239.6,420,0.4167,0.2431,1.125,-21354.13,0.6774
2614,16,bridge_multi_exit,0.5833,0,152.86,420,0.2217,0.1538,1.0592,-14633.51,0.6749
2615,16,bridge_multi_exit,0.3333,0,119.5,420,0.415,0.2411,1.125,-20096.4,0.6718
2616,16,bridge_multi_exit,0.5,0,173.5,420,0.25,0.1875,1.0748,-16773.38,0.669
2617,16,bridge_multi_exit,0.5,0,166.17,420,0.3333,0.2222,1.1,-17743.22,0.6662
2618,16,bridge_multi_exit,0.5833,0,208.0,420,0.3333,0.2222,1.1,-17600.15,0.6634
2619,16,bridge_multi_exit,0.5,0,157.17,420,0.1667,0.1389,1.05,-16424.43,0.6607
2620,16,bridge_multi_exit,0.5,0,144.33,420,0.3917,0.2208,1.1094,-17142.28,0.658
2621,16,bridge_multi_exit,0.5,0,262.5,420,0.075,0.0619,1.0185,-18873.96,0.6548
2622,16,bridge_multi_exit,0.5833,0,143.14,420,0.25,0.1875,1.0748,-15036.21,0.6523
2623,16,bridge_multi_exit,0.4167,0,128.4,420,0.1667,0.1389,1.05,-16939.0,0.6495
2624,16,bridge_multi_exit,0.5,0,198.67,420,0.1667,0.1389,1.05,-17707.88,0.6465
2625,16,bridge_multi_exit,0.75,0,190.89,420,0.0833,0.0764,1.025,-13703.99,0.6442
2626,16,bridge_multi_exit,0.5833,0,225.57,420,0.0,0.0,1.0,-16422.37,0.6413
2627,16,bridge_multi_exit,0.75,0,185.67,420,0.0,0.0,1.0,-12319.79,0.6389
2628,16,bridge_multi_exit,0.5833,0,196.29,420,0.0,0.0,1.0,-15128.69,0.6362
2629,16,bridge_multi_exit,0.5833,0,157.86,420,0.0,0.0,1.0,-14076.17,0.6336
2630,16,bridge_multi_exit,0.5833,0,239.29,420,0.0,0.0,1.0,-16733.0,0.6307
2631,16,bridge_multi_exit,0.5,0,147.0,420,0.0,0.0,1.0,-14913.96,0.628
2632,16,bridge_multi_exit,0.5833,0,199.0,420,0.0,0.0,1.0,-15276.45,0.6252
2633,16,bridge_multi_exit,0.4167,0,211.8,420,0.0833,0.0764,1.025,-18297.17,0.622
2634,16,bridge_multi_exit,0.75,0,172.67,420,0.0,0.0,1.0,-11834.8,0.6198
2635,16,bridge_multi_exit,0.5,0,208.67,420,0.0,0.0,1.0,-16689.52,0.6168
2636,16,bridge_multi_exit,0.75,0,211.67,420,0.0,0.0,1.0,-13406.58,0.6143
2637,16,bridge_multi_exit,0.75,0,189.44,420,0.0,0.0,1.0,-12521.84,0.612
2638,16,bridge_multi_exit,0.8333,0,167.1,420,0.0,0.0,1.0,-10216.88,0.61
2639,16,bridge_multi_exit,0.9167,0,147.18,420,0.0,0.0,1.0,-7790.08,0.6084
2640,16,bridge_multi_exit,0.8333,0,196.0,420,0.0,0.0,1.0,-11747.0,0.6061
2641,16,bridge_multi_exit,0.8333,0,167.5,420,0.0,0.0,1.0,-10236.97,0.6041
2642,16,bridge_multi_exit,1.0,1,130.58,275,0.0,0.0,1.0,-5520.2,0.6029
2643,16,bridge_multi_exit,0.6667,0,145.0,420,0.0,0.0,1.0,-12254.74,0.6007
2644,16,bridge_multi_exit,0.6667,0,199.75,420,0.0,0.0,1.0,-14172.39,0.5981
2645,16,bridge_multi_exit,0.6667,0,203.5,420,0.0,0.0,1.0,-14140.68,0.5954
2646,16,bridge_multi_exit,0.8333,0,176.0,420,0.0,0.0,1.0,-10667.22,0.5934
2647,16,bridge_multi_exit,0.6667,0,120.12,420,0.0833,0.0764,1.025,-11795.93,0.5913
2648,16,bridge_multi_exit,0.8333,0,183.0,420,0.0833,0.0764,1.025,-11769.79,0.5892
2649,16,bridge_multi_exit,0.9167,0,204.18,420,0.0,0.0,1.0,-10904.0,0.5871
2650,16,bridge_multi_exit,0.75,0,188.11,420,0.0833,0.0764,1.025,-13184.58,0.5847
2651,16,bridge_multi_exit,0.75,0,242.22,420,0.0833,0.0764,1.025,-15702.84,0.582
2652,16,bridge_multi_exit,0.8333,0,120.5,420,0.0833,0.0764,1.025,-9087.88,0.5804
2653,16,bridge_multi_exit,0.6667,0,146.38,420,0.0833,0.0764,1.025,-12718.48,0.5781
2654,16,bridge_multi_exit,0.5833,0,155.43,420,0.0833,0.0764,1.025,-14475.99,0.5756
2655,16,bridge_multi_exit,0.75,0,114.33,420,0.0,0.0,1.0,-10023.52,0.5738
2656,16,bridge_multi_exit,0.8333,0,151.7,420,0.1667,0.1389,1.05,-10671.6,0.5719
2657,16,bridge_multi_exit,0.75,0,154.78,420,0.0,0.0,1.0,-10889.76,0.5698
2658,16,bridge_multi_exit,0.8333,0,139.3,420,0.0833,0.0764,1.025,-9579.81,0.568
2659,16,bridge_multi_exit,0.8333,0,118.3,420,0.0,0.0,1.0,-7896.18,0.5664
2660,16,bridge_multi_exit,0.8333,0,126.2,420,0.0833,0.0764,1.025,-8930.54,0.5648
2661,16,bridge_multi_exit,0.6667,0,137.75,420,0.0833,0.0764,1.025,-12221.51,0.5626
2662,16,bridge_multi_exit,0.8333,0,131.6,420,0.0,0.0,1.0,-8871.69,0.5609
2663,16,bridge_multi_exit,0.8333,0,122.8,420,0.0,0.0,1.0,-8019.99,0.5592
2664,16,bridge_multi_exit,0.8333,0,100.2,420,0.0833,0.0764,1.025,-7510.32,0.5578
2665,16,bridge_multi_exit,0.9167,0,131.82,420,0.0833,0.0764,1.025,-7607.14,0.5563
2666,16,bridge_multi_exit,0.8333,0,128.8,420,0.1667,0.1389,1.05,-9863.48,0.5546
2667,16,bridge_multi_exit,0.9167,0,122.45,420,0.0833,0.0764,1.025,-7476.34,0.5532
2668,16,bridge_multi_exit,0.9167,0,108.45,420,0.0833,0.0764,1.025,-6425.38,0.5519
2669,16,bridge_multi_exit,0.9167,0,128.09,420,0.0833,0.0764,1.025,-7640.26,0.5505
2670,16,bridge_multi_exit,0.8333,0,102.1,420,0.0833,0.0764,1.025,-7685.87,0.549
2671,16,bridge_multi_exit,0.8333,0,114.7,420,0.0833,0.0764,1.025,-8550.17,0.5474
2672,16,bridge_multi_exit,0.9167,0,138.18,420,0.0833,0.0764,1.025,-7906.56,0.5459
2673,16,bridge_multi_exit,1.0,1,116.33,269,0.0,0.0,1.0,-4669.77,0.5448
2674,16,bridge_multi_exit,0.9167,0,100.45,420,0.0833,0.0764,1.025,-5824.57,0.5436
2675,16,bridge_multi_exit,0.9167,0,110.64,420,0.0833,0.0764,1.025,-6522.43,0.5423
2676,16,bridge_multi_exit,1.0,1,136.83,282,0.0,0.0,1.0,-5858.21,0.541
2677,16,bridge_multi_exit,0.9167,0,142.45,420,0.0833,0.0764,1.025,-8201.78,0.5394
2678,16,bridge_multi_exit,1.0,1,138.83,320,0.0,0.0,1.0,-5927.08,0.5381
2679,16,bridge_multi_exit,1.0,1,150.42,323,0.0,0.0,1.0,-6548.59,0.5367
2680,16,bridge_multi_exit,0.9167,0,124.55,420,0.0833,0.0764,1.025,-7435.31,0.5352
2681,16,bridge_multi_exit,0.9167,0,91.73,420,0.0,0.0,1.0,-4973.56,0.5341
2682,16,bridge_multi_exit,0.75,0,91.0,420,0.0833,0.0764,1.025,-9024.07,0.5325
2683,16,bridge_multi_exit,0.8333,0,104.1,420,0.0833,0.0764,1.025,-7918.92,0.531
2684,16,bridge_multi_exit,0.8333,0,112.0,420,0.0833,0.0764,1.025,-8512.94,0.5294
2685,16,bridge_multi_exit,0.75,0,115.56,420,0.0833,0.0764,1.025,-10568.57,0.5276
2686,16,bridge_multi_exit,0.75,0,125.11,420,0.0617,0.0418,1.025,-10681.54,0.5257
2687,16,bridge_multi_exit,0.9167,0,122.91,420,0.0033,0.0001,1.0011,-6882.45,0.5243
2688,16,bridge_multi_exit,0.8333,0,105.4,420,0.0,0.0,1.0,-7463.29,0.5228
2689,16,bridge_multi_exit,1.0,1,144.0,400,0.0,0.0,1.0,-6309.17,0.5214
2690,16,bridge_multi_exit,0.8333,0,188.5,420,0.0,0.0,1.0,-11377.23,0.5193
2691,16,bridge_multi_exit,0.75,0,215.11,420,0.0,0.0,1.0,-13559.97,0.5168
2692,16,bridge_multi_exit,0.75,0,166.0,420,0.0,0.0,1.0,-11509.88,0.5146
2693,16,bridge_multi_exit,0.8333,0,170.6,420,0.0133,0.002,1.0042,-10599.95,0.5126
2694,16,bridge_multi_exit,0.75,0,103.22,420,0.0,0.0,1.0,-8879.43,0.5108
2695,16,bridge_multi_exit,0.9167,0,200.73,420,0.0,0.0,1.0006,-10560.45,0.5087
2696,16,bridge_multi_exit,0.6667,0,122.38,420,0.05,0.0275,1.0084,-11428.08,0.5066
2697,16,bridge_multi_exit,0.8333,0,150.3,420,0.0,0.0,1.0,-9467.48,0.5048
2698,16,bridge_multi_exit,0.8333,0,188.2,420,0.0,0.0,1.0,-11144.27,0.5026
2699,16,bridge_multi_exit,0.6667,0,152.88,420,0.0,0.0,1.0,-12284.94,0.5003
2700,16,bridge_multi_exit,0.8333,0,158.3,420,0.0,0.0,1.0,-9726.34,0.4984
2701,16,bridge_multi_exit,0.8333,0,107.3,420,0.0,0.0,1.0,-7396.6,0.4969
2702,16,bridge_multi_exit,0.6667,0,131.25,420,0.0,0.0,1.0,-11535.16,0.4947
2703,16,bridge_multi_exit,0.9167,0,156.82,420,0.0,0.0,1.0,-8351.71,0.493
2704,16,bridge_multi_exit,0.8333,0,156.3,420,0.0,0.0,1.0,-9730.4,0.4911
2705,16,bridge_multi_exit,0.8333,0,121.6,420,0.0,0.0,1.0,-8217.26,0.4895
2706,16,bridge_multi_exit,0.9167,0,132.73,420,0.0,0.0,1.0002,-7133.52,0.488
2707,16,bridge_multi_exit,0.75,0,110.22,420,0.0,0.0,1.0,-9196.72,0.4862
2708,16,bridge_multi_exit,0.8333,0,150.2,420,0.0,0.0,1.0,-9469.75,0.4844
2709,16,bridge_multi_exit,0.8333,0,166.3,420,0.0,0.0,1.0,-10606.04,0.4824
2710,16,bridge_multi_exit,0.75,0,74.22,420,0.0,0.0,1.0,-7581.51,0.4809
2711,16,bridge_multi_exit,0.9167,0,104.55,420,0.0,0.0,1.0,-5638.77,0.4796
2712,16,bridge_multi_exit,0.9167,0,97.36,420,0.0,0.0,1.0,-5284.33,0.4784
2713,16,bridge_multi_exit,1.0,1,144.58,408,0.0,0.0,1.0,-6277.5,0.4771
2714,16,bridge_multi_exit,0.8333,0,104.2,420,0.0,0.0,1.0,-7117.25,0.4756
2715,16,bridge_multi_exit,0.9167,0,110.36,420,0.0,0.0,1.0,-5951.29,0.4743
2716,16,bridge_multi_exit,1.0,1,102.42,216,0.0,0.0,1.0,-3837.16,0.4733
2717,16,bridge_multi_exit,1.0,1,92.17,164,0.0,0.0,1.0,-3220.99,0.4724
2718,16,bridge_multi_exit,0.9167,0,113.91,420,0.0,0.0,1.0,-6052.23,0.4711
2719,16,bridge_multi_exit,0.9167,0,152.82,420,0.0,0.0,1.0,-8095.18,0.4694
2720,16,bridge_multi_exit,1.0,1,140.92,349,0.0,0.0,1.0,-6143.89,0.4681
2721,16,bridge_multi_exit,1.0,1,126.67,331,0.0,0.0,1.0003,-5176.2,0.4669
2722,16,bridge_multi_exit,0.9167,0,130.0,420,0.0,0.0,1.0,-6847.33,0.4654
2723,16,bridge_multi_exit,1.0,1,139.58,345,0.0,0.0,1.0,-6034.83,0.4641
2724,16,bridge_multi_exit,1.0,1,127.0,384,0.0,0.0,1.0,-5233.35,0.4629
2725,16,bridge_multi_exit,0.9167,0,151.36,420,0.0,0.0,1.0,-8083.95,0.4612
2726,16,bridge_multi_exit,1.0,1,173.92,343,0.0,0.0,1.0,-7813.91,0.4596
2727,16,bridge_multi_exit,0.9167,0,113.18,420,0.0067,0.0005,1.0017,-6066.65,0.4583
2728,16,bridge_multi_exit,0.8333,0,133.2,420,0.0,0.0,1.0,-8391.83,0.4566
2729,16,bridge_multi_exit,0.8333,0,108.0,420,0.0,0.0,1.0,-7240.17,0.455
2730,16,bridge_multi_exit,0.9167,0,126.27,420,0.0,0.0,1.0,-6633.43,0.4536
2731,16,bridge_multi_exit,0.8333,0,107.8,420,0.0,0.0,1.0,-7350.43,0.4521
2732,16,bridge_multi_exit,0.9167,0,112.09,420,0.0,0.0,1.0,-6052.33,0.4508
2733,17,hazard_bypass_medium,0.1667,0,298.0,450,0.25,0.1875,1.0733,-25115.16,0.9972
2734,17,hazard_bypass_medium,0.25,0,181.0,450,0.1767,0.1367,1.0527,-22615.13,0.9947
2735,17,hazard_bypass_medium,0.1667,0,38.5,450,0.1983,0.1394,1.0632,-21714.38,0.9922
2736,17,hazard_bypass_medium,0.1667,0,130.5,450,0.25,0.1875,1.0687,-23405.38,0.9896
2737,17,hazard_bypass_medium,0.0833,0,254.0,450,0.0833,0.0764,1.025,-25465.63,0.9868
2738,17,hazard_bypass_medium,0.25,0,98.0,450,0.1667,0.1389,1.05,-21083.48,0.9844
2739,17,hazard_bypass_medium,0.1667,0,270.5,450,0.1533,0.1186,1.0449,-23703.87,0.9817
2740,17,hazard_bypass_medium,0.25,0,178.33,450,0.275,0.1775,1.0825,-22042.44,0.9792
2741,17,hazard_bypass_medium,0.25,0,220.33,450,0.1667,0.1389,1.0459,-22251.33,0.9766
2742,17,hazard_bypass_medium,0.25,0,116.67,450,0.1667,0.1389,1.05,-22222.39,0.9742
2743,17,hazard_bypass_medium,0.1667,0,77.5,450,0.0833,0.0764,1.025,-22301.96,0.9717
2744,17,hazard_bypass_medium,0.1667,0,177.5,450,0.2933,0.1865,1.0914,-24127.41,0.9691
2745,17,hazard_bypass_medium,0.1667,0,270.5,450,0.2967,0.1881,1.0919,-24181.31,0.9663
2746,17,hazard_bypass_medium,0.25,0,98.67,450,0.3817,0.2104,1.1185,-21551.41,0.9639
2747,17,hazard_bypass_medium,0.1667,0,178.5,450,0.25,0.1875,1.0741,-23458.86,0.9613
2748,17,hazard_bypass_medium,0.3333,0,137.25,450,0.3333,0.2222,1.1,-20345.79,0.959
2749,17,hazard_bypass_medium,0.1667,0,238.0,450,0.19,0.1371,1.0626,-24138.58,0.9563
2750,17,hazard_bypass_medium,0.3333,0,197.5,450,0.1933,0.1298,1.0633,-22057.69,0.9539
2751,17,hazard_bypass_medium,0.25,0,210.67,450,0.205,0.1423,1.0642,-22313.73,0.9514
2752,17,hazard_bypass_medium,0.3333,0,219.0,450,0.3983,0.2254,1.1149,-22046.99,0.9489
2753,17,hazard_bypass_medium,0.0833,0,247.0,450,0.32,0.2064,1.0906,-25700.49,0.9461
2754,17,hazard_bypass_medium,0.4167,0,263.8,450,0.2917,0.1767,1.0761,-20455.07,0.9437
2755,17,hazard_bypass_medium,0.3333,0,154.5,450,0.24,0.1736,1.075,-20650.02,0.9414
2756,17,hazard_bypass_medium,0.1667,0,190.5,450,0.32,0.2064,1.1,-24352.54,0.9387
2757,17,hazard_bypass_medium,0.4167,0,214.6,450,0.25,0.1875,1.0749,-20785.24,0.9364
2758,17,hazard_bypass_medium,0.4167,0,224.8,450,0.3183,0.2047,1.1,-20560.64,0.9341
2759,17,hazard_bypass_medium,0.25,0,60.67,450,0.25,0.1875,1.0746,-21030.36,0.9318
2760,17,hazard_bypass_medium,0.3333,0,139.25,450,0.1567,0.0935,1.054,-19863.46,0.9295
2761,17,hazard_bypass_medium,0.3333,0,173.0,450,0.3333,0.2222,1.1,-22025.51,0.9272
2762,17,hazard_bypass_medium,0.3333,0,223.5,450,0.25,0.1875,1.075,-21644.64,0.9247
2763,17,hazard_bypass_medium,0.1667,0,19.0,450,0.2017,0.1016,1.0744,-22331.03,0.9223
2764,17,hazard_bypass_medium,0.4167,0,246.2,450,0.25,0.1875,1.0746,-20927.44,0.9199
2765,17,hazard_bypass_medium,0.4167,0,91.0,450,0.25,0.1875,1.075,-16872.33,0.9179
2766,17,hazard_bypass_medium,0.1667,0,139.0,450,0.1667,0.1389,1.05,-24023.3,0.9153
2767,17,hazard_bypass_medium,0.3333,0,269.5,450,0.25,0.1875,1.0734,-22375.65,0.9128
2768,17,hazard_bypass_medium,0.3333,0,164.25,450,0.25,0.1875,1.0724,-20585.09,0.9105
2769,17,hazard_bypass_medium,0.4167,0,233.0,450,0.305,0.1933,1.0879,-21568.63,0.9081
2770,17,hazard_bypass_medium,0.5,0,172.0,450,0.25,0.1875,1.075,-17902.31,0.9061
2771,17,hazard_bypass_medium,0.4167,0,202.6,450,0.25,0.1875,1.075,-20337.03,0.9038
2772,17,hazard_bypass_medium,0.4167,0,130.4,450,0.4167,0.2431,1.125,-18647.34,0.9017
2773,17,hazard_bypass_medium,0.5,0,200.5,450,0.3183,0.2047,1.1,-18891.96,0.8996
2774,17,hazard_bypass_medium,0.4167,0,192.2,450,0.4483,0.208,1.1499,-19567.83,0.8974
2775,17,hazard_bypass_medium,0.5,0,190.5,450,0.4067,0.2325,1.1229,-18634.3,0.8953
2776,17,hazard_bypass_medium,0.5,0,209.5,450,0.27,0.1819,1.0752,-19020.98,0.8931
2777,17,hazard_bypass_medium,0.3333,0,263.5,450,0.3733,0.2132,1.1134,-22766.35,0.8906
2778,17,hazard_bypass_medium,0.5,0,185.33,450,0.215,0.1485,1.0689,-17872.49,0.8885
2779,17,hazard_bypass_medium,0.5,0,176.17,450,0.1667,0.1389,1.0501,-18045.77,0.8865
2780,17,hazard_bypass_medium,0.5833,0,216.86,450,0.3283,0.2158,1.0999,-17940.41,0.8844
2781,17,hazard_bypass_medium,0.5,0,163.83,450,0.38,0.2151,1.1176,-18455.65,0.8824
2782,17,hazard_bypass_medium,0.6667,0,223.75,450,0.3333,0.2222,1.1,-17872.7,0.8804
2783,17,hazard_bypass_medium,0.5833,0,223.14,450,0.4067,0.2325,1.1221,-17795.94,0.8784
2784,17,hazard_bypass_medium,0.5,0,121.67,450,0.25,0.1875,1.075,-16203.33,0.8765
2785,17,hazard_bypass_medium,0.3333,0,281.75,450,0.3333,0.2222,1.0996,-23385.38,0.8739
2786,17,hazard_bypass_medium,0.4167,0,214.8,450,0.2433,0.178,1.075,-20951.42,0.8716
2787,17,hazard_bypass_medium,0.5833,0,151.86,450,0.1183,0.084,1.0295,-15514.98,0.8698
2788,17,hazard_bypass_medium,0.5833,0,170.29,450,0.25,0.1875,1.075,-16731.78,0.8679
2789,17,hazard_bypass_medium,0.4167,0,176.6,450,0.13,0.0798,1.038,-18811.61,0.8657
2790,17,hazard_bypass_medium,0.4167,0,204.8,450,0.3333,0.2222,1.1,-21050.1,0.8635
2791,17,hazard_bypass_medium,0.4167,0,208.2,450,0.3067,0.1945,1.0888,-20138.63,0.8612
2792,17,hazard_bypass_medium,0.5,0,185.5,450,0.25,0.1875,1.0709,-17907.22,0.8591
2793,17,hazard_bypass_medium,0.5833,0,179.57,450,0.3333,0.2222,1.1,-16401.81,0.8572
2794,17,hazard_bypass_medium,0.5,0,172.33,450,0.4167,0.2431,1.1248,-18600.78,0.8552
2795,17,hazard_bypass_medium,0.5,0,240.83,450,0.3967,0.2131,1.1077,-19638.63,0.8529
2796,17,hazard_bypass_medium,0.6667,0,123.12,450,0.285,0.1835,1.0884,-12304.33,0.8514
2797,17,hazard_bypass_medium,0.4167,0,186.0,450,0.19,0.1371,1.0627,-20337.8,0.8492
2798,17,hazard_bypass_medium,0.5,0,169.0,450,0.3333,0.2222,1.1,-18874.43,0.8472
2799,17,hazard_bypass_medium,0.4167,0,176.0,450,0.25,0.1875,1.075,-19663.47,0.845
2800,17,hazard_bypass_medium,0.4167,0,184.0,450,0.4167,0.2431,1.125,-20245.07,0.8427
2801,17,hazard_bypass_medium,0.5833,0,236.57,450,0.3333,0.2222,1.0991,-18967.55,0.8406
2802,17,hazard_bypass_medium,0.5833,0,152.14,450,0.4167,0.2431,1.125,-17534.62,0.8388
2803,17,hazard_bypass_medium,0.5,0,200.67,450,0.3333,0.2222,1.0959,-19876.1,0.8367
2804,17,hazard_bypass_medium,0.5,0,229.5,450,0.3333,0.2222,1.1,-19002.49,0.8345
2805,17,hazard_bypass_medium,0.5833,0,181.29,450,0.25,0.1875,1.075,-17794.61,0.8325
2806,17,hazard_bypass_medium,0.5833,0,204.43,450,0.25,0.1875,1.075,-18048.42,0.8305
2807,17,hazard_bypass_medium,0.6667,0,214.62,450,0.4167,0.2431,1.125,-16740.05,0.8286
2808,17,hazard_bypass_medium,0.75,0,239.67,450,0.3333,0.2222,1.1,-17034.85,0.8267
2809,17,hazard_bypass_medium,0.6667,0,246.62,450,0.255,0.1853,1.075,-17487.18,0.8247
2810,17,hazard_bypass_medium,0.5833,0,170.86,450,0.49,0.2406,1.1498,-16174.65,0.8228
2811,17,hazard_bypass_medium,0.5,0,235.17,450,0.4567,0.2273,1.1391,-19841.78,0.8205
2812,17,hazard_bypass_medium,0.5,0,173.67,450,0.25,0.1875,1.075,-17718.99,0.8185
2813,17,hazard_bypass_medium,0.6667,0,160.38,450,0.2817,0.1827,1.0882,-14268.03,0.8168
2814,17,hazard_bypass_medium,0.6667,0,192.5,450,0.25,0.1875,1.075,-15652.41,0.815
2815,17,hazard_bypass_medium,0.75,0,198.22,450,0.325,0.2119,1.1,-14645.1,0.8133
2816,17,hazard_bypass_medium,0.5833,0,192.14,450,0.3333,0.2222,1.1,-17406.37,0.8113
2817,17,hazard_bypass_medium,0.5,0,224.17,450,0.4167,0.2431,1.1244,-19779.8,0.8091
2818,17,hazard_bypass_medium,0.5833,0,167.0,450,0.3333,0.2222,1.0991,-16421.36,0.8073
2819,17,hazard_bypass_medium,0.8333,0,204.6,450,0.5,0.25,1.1467,-13539.22,0.8057
2820,17,hazard_bypass_medium,0.5833,0,209.71,450,0.5,0.25,1.15,-18360.71,0.8036
2821,17,hazard_bypass_medium,0.6667,0,235.12,450,0.5,0.25,1.15,-17947.91,0.8016
2822,17,hazard_bypass_medium,0.6667,0,218.62,450,0.4883,0.2398,1.1497,-17179.83,0.7997
2823,17,hazard_bypass_medium,0.75,0,213.11,450,0.4667,0.2289,1.1335,-15794.21,0.7979
2824,17,hazard_bypass_medium,0.6667,0,213.62,450,0.5833,0.2431,1.1724,-16669.8,0.796
2825,17,hazard_bypass_medium,0.6667,0,167.88,450,0.41,0.2358,1.1233,-14806.74,0.7943
2826,17,hazard_bypass_medium,0.8333,0,182.0,450,0.5,0.25,1.15,-12346.73,0.7928
2827,17,hazard_bypass_medium,0.75,0,181.78,450,0.4567,0.2273,1.1393,-13691.9,0.7912
2828,17,hazard_bypass_medium,0.75,0,158.67,450,0.4867,0.2386,1.1419,-12913.76,0.7897
2829,17,hazard_bypass_medium,0.75,0,198.89,450,0.4167,0.2431,1.125,-14352.97,0.788
2830,17,hazard_bypass_medium,0.75,0,196.56,450,0.3333,0.2222,1.0983,-14592.57,0.7863
2831,17,hazard_bypass_medium,0.75,0,225.33,450,0.41,0.2358,1.1247,-15643.58,0.7844
2832,17,hazard_bypass_medium,0.6667,0,155.62,450,0.3333,0.2222,1.0998,-14015.98,0.7828
2833,17,hazard_bypass_medium,0.6667,0,167.75,450,0.3333,0.2222,1.1,-14959.21,0.7811
2834,17,hazard_bypass_medium,0.6667,0,175.75,450,0.5,0.25,1.1474,-14994.07,0.7793
2835,17,hazard_bypass_medium,0.75,0,203.11,450,0.5,0.25,1.1428,-14960.45,0.7776
2836,17,hazard_bypass_medium,0.75,0,123.56,450,0.25,0.1875,1.075,-11200.19,0.7762
2837,17,hazard_bypass_medium,0.75,0,148.22,450,0.4167,0.2431,1.1245,-12598.84,0.7748
2838,17,hazard_bypass_medium,0.6667,0,215.38,450,0.31,0.1971,1.1,-17531.61,0.7729
2839,17,hazard_bypass_medium,0.6667,0,186.38,450,0.475,0.2319,1.1382,-15394.39,0.7711
2840,17,hazard_bypass_medium,0.5833,0,213.14,450,0.4167,0.2431,1.125,-18336.5,0.769
2841,17,hazard_bypass_medium,0.6667,0,164.0,450,0.3333,0.2222,1.1,-14408.79,0.7673
2842,17,hazard_bypass_medium,0.5833,0,159.86,450,0.5,0.25,1.15,-16563.62,0.7655
2843,17,hazard_bypass_medium,0.4167,0,205.8,450,0.405,0.2141,1.1148,-21748.52,0.7632
2844,17,hazard_bypass_medium,0.5833,0,169.29,450,0.5,0.25,1.15,-17266.51,0.7614
2845,17,hazard_bypass_medium,0.5833,0,146.0,450,0.4167,0.2431,1.125,-16260.46,0.7596
2846,17,hazard_bypass_medium,0.5833,0,169.14,450,0.3333,0.2222,1.1,-17600.81,0.7577
2847,17,hazard_bypass_medium,0.4167,0,135.2,450,0.2267,0.1585,1.075,-18919.8,0.7556
2848,17,hazard_bypass_medium,0.5833,0,165.0,450,0.4133,0.2393,1.1198,-15809.15,0.7538
2849,17,hazard_bypass_medium,0.6667,0,297.5,450,0.4033,0.2295,1.125,-20499.03,0.7515
2850,17,hazard_bypass_medium,0.5833,0,148.43,450,0.4167,0.2431,1.1198,-15946.57,0.7497
2851,17,hazard_bypass_medium,0.75,0,168.11,450,0.4967,0.2468,1.15,-14054.4,0.7481
2852,17,hazard_bypass_medium,0.75,0,175.78,450,0.3533,0.2133,1.1,-13591.59,0.7465
2853,17,hazard_bypass_medium,0.5833,0,251.71,450,0.3333,0.2222,1.1,-18932.43,0.7444
2854,17,hazard_bypass_medium,0.8333,0,169.9,450,0.5,0.25,1.15,-12934.67,0.7429
2855,17,hazard_bypass_medium,0.75,0,176.56,450,0.4167,0.2431,1.125,-14800.02,0.7413
2856,17,hazard_bypass_medium,0.5,0,147.5,450,0.4167,0.2431,1.125,-18488.92,0.7394
2857,17,hazard_bypass_medium,0.6667,0,140.38,450,0.4167,0.2431,1.1236,-13756.86,0.7378
2858,17,hazard_bypass_medium,0.5833,0,196.29,450,0.3333,0.2222,1.1,-18496.82,0.7358
2859,17,hazard_bypass_medium,0.5833,0,197.43,450,0.4167,0.2431,1.125,-18854.78,0.7338
2860,17,hazard_bypass_medium,0.75,0,206.67,450,0.5833,0.2431,1.175,-15696.0,0.7321
2861,17,hazard_bypass_medium,0.6667,0,199.62,450,0.5833,0.2431,1.175,-17674.57,0.7302
2862,17,hazard_bypass_medium,0.75,0,247.78,450,0.4983,0.2484,1.15,-17458.81,0.7283
2863,17,hazard_bypass_medium,0.75,0,211.44,450,0.5833,0.2431,1.175,-15892.42,0.7265
2864,17,hazard_bypass_medium,0.8333,0,191.3,450,0.5833,0.2431,1.175,-14104.73,0.725
2865,17,hazard_bypass_medium,0.8333,0,207.9,450,0.8333,0.1389,1.248,-14719.36,0.7234
2866,17,hazard_bypass_medium,1.0,1,197.92,432,0.5833,0.2431,1.175,-10691.14,0.7221
2867,17,hazard_bypass_medium,0.9167,0,191.09,450,0.745,0.1853,1.2236,-12258.05,0.7207
2868,17,hazard_bypass_medium,0.8333,0,205.0,450,0.6592,0.2178,1.1919,-14502.21,0.7191
2869,17,hazard_bypass_medium,0.8333,0,186.6,450,0.4367,0.2308,1.125,-12239.14,0.7176
2870,17,hazard_bypass_medium,1.0,1,219.75,434,0.6167,0.2145,1.1879,-12083.37,0.7161
2871,17,hazard_bypass_medium,0.8333,0,175.0,450,0.4933,0.2096,1.1264,-12412.88,0.7147
2872,17,hazard_bypass_medium,0.9167,0,161.36,450,0.5,0.25,1.1499,-9744.27,0.7135
2873,17,hazard_bypass_medium,1.0,1,196.25,442,0.5833,0.2431,1.1747,-9941.05,0.7122
2874,17,hazard_bypass_medium,0.8333,0,193.6,450,0.715,0.1763,1.225,-14093.93,0.7107
2875,17,hazard_bypass_medium,0.8333,0,232.6,450,0.4483,0.2277,1.1382,-14876.59,0.7089
2876,17,hazard_bypass_medium,0.8333,0,184.9,450,0.58,0.2037,1.18,-13078.81,0.7074
2877,17,hazard_bypass_medium,0.5833,0,240.29,450,0.7183,0.1827,1.2212,-19616.44,0.7053
2878,17,hazard_bypass_medium,0.5,0,198.33,450,0.4583,0.2218,1.1386,-19679.43,0.7031
2879,17,hazard_bypass_medium,0.6667,0,154.5,450,0.495,0.2453,1.15,-14620.62,0.7015
2880,17,hazard_bypass_medium,0.5,0,200.33,450,0.385,0.2171,1.1225,-18481.99,0.6994
2881,17,hazard_bypass_medium,0.6667,0,254.38,450,0.4967,0.1983,1.1485,-18681.44,0.6973
2882,17,hazard_bypass_medium,0.5833,0,169.43,450,0.3017,0.1696,1.0794,-16417.6,0.6954
2883,17,hazard_bypass_medium,0.75,0,265.44,450,0.6467,0.1706,1.2125,-18202.81,0.6934
2884,17,hazard_bypass_medium,0.6667,0,166.75,450,0.2733,0.1572,1.0835,-14645.61,0.6917
2885,17,hazard_bypass_medium,0.8333,0,182.1,450,0.2917,0.1426,1.0849,-12584.78,0.6902
2886,17,hazard_bypass_medium,0.5833,0,190.0,450,0.695,0.1433,1.2189,-17863.15,0.6882
2887,17,hazard_bypass_medium,0.5833,0,209.86,450,0.5833,0.2431,1.175,-18595.14,0.6862
2888,17,hazard_bypass_medium,0.5833,0,181.43,450,0.4083,0.2341,1.125,-17981.6,0.6843
2889,17,hazard_bypass_medium,0.9167,0,221.91,450,0.485,0.2095,1.1421,-14009.24,0.6827
2890,17,hazard_bypass_medium,0.8333,0,226.9,450,0.3467,0.194,1.1125,-15354.69,0.681
2891,17,hazard_bypass_medium,0.6667,0,201.5,450,0.3367,0.1404,1.1091,-15876.63,0.6791
2892,17,hazard_bypass_medium,0.5833,0,167.29,450,0.5967,0.1787,1.183,-16602.53,0.6773
2893,17,hazard_bypass_medium,0.75,0,237.22,450,0.5033,0.2001,1.1501,-16778.6,0.6754
2894,17,hazard_bypass_medium,0.75,0,129.56,450,0.415,0.1947,1.1118,-11373.4,0.674
2895,17,hazard_bypass_medium,0.5833,0,97.86,450,0.4033,0.183,1.1211,-13721.44,0.6724
2896,17,hazard_bypass_medium,0.5833,0,166.86,450,0.4883,0.2398,1.1496,-16642.49,0.6705
2897,17,hazard_bypass_medium,0.8333,0,189.6,450,0.3583,0.2,1.1002,-12953.33,0.669
2898,17,hazard_bypass_medium,0.6667,0,150.0,450,0.3485,0.1881,1.1044,-13885.57,0.6674
2899,17,hazard_bypass_medium,0.25,0,142.0,450,0.4167,0.2431,1.1248,-23742.93,0.6649
2900,17,hazard_bypass_medium,0.25,0,85.67,450,0.4767,0.2297,1.1346,-22438.99,0.6626
2901,17,hazard_bypass_medium,0.1667,0,211.5,450,0.4417,0.2255,1.1301,-25219.88,0.6599
2902,17,hazard_bypass_medium,0.25,0,96.67,450,0.3267,0.2108,1.0985,-22141.15,0.6575
2903,17,hazard_bypass_medium,0.25,0,159.67,450,0.5033,0.1737,1.1475,-24248.46,0.6551
2904,17,hazard_bypass_medium,0.3333,0,44.25,450,0.4517,0.2274,1.1349,-18910.01,0.653
2905,17,hazard_bypass_medium,0.3333,0,111.0,450,0.275,0.1616,1.0883,-20558.04,0.6508
2906,17,hazard_bypass_medium,0.6667,0,135.38,450,0.3867,0.218,1.125,-13880.55,0.6493
2907,17,hazard_bypass_medium,0.8333,0,211.7,450,0.4267,0.1702,1.1405,-14205.53,0.6476
2908,17,hazard_bypass_medium,0.6667,0,164.0,450,0.25,0.1875,1.0754,-15006.57,0.6459
2909,17,hazard_bypass_medium,0.6667,0,108.38,450,0.365,0.2035,1.1062,-12837.1,0.6445
2910,17,hazard_bypass_medium,0.6667,0,183.62,450,0.5083,0.2017,1.1574,-15652.57,0.6427
2911,17,hazard_bypass_medium,0.6667,0,204.25,450,0.495,0.2211,1.1414,-16487.42,0.6408
2912,17,hazard_bypass_medium,0.75,0,186.11,450,0.45,0.2117,1.1471,-13820.12,0.6392
2913,17,hazard_bypass_medium,0.5,0,212.67,450,0.2933,0.1786,1.0875,-19459.47,0.637
2914,17,hazard_bypass_medium,0.8333,0,233.9,450,0.325,0.2119,1.1003,-14707.02,0.6352
2915,17,hazard_bypass_medium,0.5833,0,151.29,450,0.5,0.25,1.15,-16377.06,0.6334
2916,17,hazard_bypass_medium,0.75,0,190.78,450,0.495,0.2089,1.1453,-14077.18,0.6318
2917,17,hazard_bypass_medium,0.75,0,181.0,450,0.4767,0.23,1.15,-14246.12,0.6301
2918,17,hazard_bypass_medium,0.6667,0,192.88,450,0.4083,0.2341,1.125,-16168.75,0.6283
2919,17,hazard_bypass_medium,0.5833,0,146.57,450,0.4783,0.2307,1.1479,-15680.39,0.6265
2920,17,hazard_bypass_medium,0.8333,0,146.1,450,0.3433,0.2167,1.1027,-11033.35,0.6252
2921,17,hazard_bypass_medium,0.5,0,186.67,450,0.2983,0.183,1.0964,-17860.95,0.6232
2922,17,hazard_bypass_medium,0.6667,0,132.5,450,0.4533,0.2273,1.1362,-13481.77,0.6216
2923,17,hazard_bypass_medium,0.5,0,254.33,450,0.345,0.2159,1.1007,-20180.47,0.6193
2924,17,hazard_bypass_medium,0.6667,0,175.88,450,0.25,0.1875,1.075,-14600.15,0.6176
2925,17,hazard_bypass_medium,0.5833,0,200.43,450,0.3267,0.2138,1.1002,-16679.52,0.6156
2926,17,hazard_bypass_medium,0.5833,0,116.43,450,0.0367,0.0148,1.0138,-13438.05,0.6139
2927,17,hazard_bypass_medium,0.5,0,142.5,450,0.0,0.0,1.0,-16578.89,0.612
2928,17,hazard_bypass_medium,0.5,0,215.67,450,0.03,0.0099,1.013,-18469.21,0.6098
2929,17,hazard_bypass_medium,0.4167,0,124.4,450,0.1583,0.1258,1.0499,-18319.25,0.6077
2930,17,hazard_bypass_medium,0.5,0,213.5,450,0.0,0.0,1.0,-17797.95,0.6056
2931,17,hazard_bypass_medium,0.4167,0,198.4,450,0.0117,0.0015,1.0033,-18747.43,0.6033
2932,17,hazard_bypass_medium,0.5833,0,170.86,450,0.0633,0.0225,1.0278,-15132.7,0.6014
2933,17,hazard_bypass_medium,0.5833,0,230.86,450,0.0,0.0,1.0,-16930.02,0.5993
2934,17,hazard_bypass_medium,0.4167,0,119.4,450,0.2233,0.1543,1.075,-17114.22,0.5973
2935,17,hazard_bypass_medium,0.4167,0,187.2,450,0.13,0.0899,1.0319,-19032.98,0.5951
2936,17,hazard_bypass_medium,0.3333,0,236.25,450,0.1667,0.1389,1.05,-21815.3,0.5926
2937,17,hazard_bypass_medium,0.5833,0,243.43,450,0.0283,0.0088,1.0129,-17805.77,0.5904
2938,17,hazard_bypass_medium,0.5,0,152.5,450,0.0,0.0,1.0,-16119.99,0.5885
2939,17,hazard_bypass_medium,0.5,0,158.0,450,0.025,0.0069,1.0,-16336.44,0.5865
2940,17,hazard_bypass_medium,0.4167,0,191.4,450,0.0,0.0,1.0,-18840.79,0.5842
2941,17,hazard_bypass_medium,0.5,0,133.83,450,0.0,0.0,1.0005,-15688.27,0.5823
2942,17,hazard_bypass_medium,0.4167,0,150.6,450,0.0,0.0,1.0,-17754.79,0.5802
2943,17,hazard_bypass_medium,0.25,0,306.33,450,0.0,0.0,1.0,-23102.83,0.5775
2944,17,hazard_bypass_medium,0.6667,0,236.25,450,0.0,0.0,1.0,-16243.9,0.5755
2945,17,hazard_bypass_medium,0.5833,0,218.57,450,0.0,0.0,1.0,-16417.59,0.5734
2946,17,hazard_bypass_medium,0.4167,0,121.2,450,0.0,0.0,1.0,-16893.5,0.5714
2947,17,hazard_bypass_medium,0.3333,0,93.25,450,0.0833,0.0764,1.025,-18487.16,0.5692
2948,17,hazard_bypass_medium,0.5,0,99.33,450,0.065,0.0465,1.025,-14661.76,0.5674
2949,17,hazard_bypass_medium,0.5,0,158.83,450,0.0,0.0,1.0,-16142.33,0.5654
2950,17,hazard_bypass_medium,0.5,0,152.17,450,0.0,0.0,1.0,-15909.66,0.5635
2951,17,hazard_bypass_medium,0.5833,0,142.71,450,0.075,0.0619,1.025,-14363.92,0.5617
2952,17,hazard_bypass_medium,0.5,0,137.33,450,0.0,0.0,1.0,-15564.63,0.5598
2953,17,hazard_bypass_medium,0.4167,0,103.0,450,0.0917,0.0758,1.0271,-16503.97,0.5578
2954,17,hazard_bypass_medium,0.4167,0,105.8,450,0.0,0.0,1.0,-17058.37,0.5558
2955,17,hazard_bypass_medium,0.5,0,108.0,450,0.0,0.0,1.0,-14558.61,0.554
2956,17,hazard_bypass_medium,0.5,0,180.17,450,0.065,0.0465,1.0249,-16721.17,0.5519
2957,17,hazard_bypass_medium,0.5,0,170.33,450,0.0833,0.0764,1.025,-16477.67,0.5499
2958,17,hazard_bypass_medium,0.4167,0,179.4,450,0.0,0.0,1.0,-18224.99,0.5477
2959,17,hazard_bypass_medium,0.25,0,250.67,450,0.0,0.0,1.0,-22101.28,0.545
2960,17,hazard_bypass_medium,0.3333,0,178.5,450,0.0433,0.0207,1.0158,-19492.68,0.5427
2961,17,hazard_bypass_medium,0.5,0,169.17,450,0.0,0.0,1.0,-16405.64,0.5407
2962,17,hazard_bypass_medium,0.4167,0,143.8,450,0.1667,0.1389,1.05,-18200.78,0.5386
2963,17,hazard_bypass_medium,0.4167,0,168.2,450,0.0833,0.0764,1.025,-18258.59,0.5364
2964,17,hazard_bypass_medium,0.3333,0,191.75,450,0.1417,0.1041,1.05,-20365.0,0.534
2965,17,hazard_bypass_medium,0.25,0,92.0,450,0.1583,0.1258,1.05,-20126.3,0.5317
2966,17,hazard_bypass_medium,0.5,0,214.5,450,0.0,0.0,1.0,-18167.95,0.5295
2967,17,hazard_bypass_medium,0.5833,0,165.57,450,0.0,0.0,1.0,-14819.41,0.5276
2968,17,hazard_bypass_medium,0.5833,0,145.57,450,0.0,0.0,1.0,-14331.98,0.5258
2969,17,hazard_bypass_medium,0.5,0,220.33,450,0.0,0.0,1.0,-18272.43,0.5237
2970,17,hazard_bypass_medium,0.3333,0,139.25,450,0.0,0.0,1.0,-18854.32,0.5214
2971,17,hazard_bypass_medium,0.25,0,169.33,450,0.0817,0.0734,1.0256,-21222.99,0.5189
2972,17,hazard_bypass_medium,0.5833,0,199.0,450,0.0,0.0,1.0,-16506.04,0.5169
2973,17,hazard_bypass_medium,0.5,0,78.33,450,0.0,0.0,1.0001,-14057.08,0.5152
2974,17,hazard_bypass_medium,0.5833,0,170.0,450,0.1067,0.0602,1.0401,-15430.9,0.5133
2975,17,hazard_bypass_medium,0.1667,0,199.0,450,0.1417,0.1041,1.0496,-23170.38,0.5107
2976,17,hazard_bypass_medium,0.5,0,156.83,450,0.0,0.0,1.0,-16522.64,0.5087
2977,17,hazard_bypass_medium,0.5,0,185.67,450,0.0,0.0,1.0,-17285.65,0.5066
2978,17,hazard_bypass_medium,0.5833,0,194.0,450,0.0,0.0,1.0,-16280.55,0.5046
2979,17,hazard_bypass_medium,0.25,0,197.33,450,0.09,0.0758,1.0267,-21788.35,0.5021
2980,17,hazard_bypass_medium,0.5833,0,150.71,450,0.1,0.0494,1.0295,-14678.66,0.5003
2981,17,hazard_bypass_medium,0.6667,0,222.12,450,0.1267,0.0898,1.036,-15502.66,0.4984
2982,17,hazard_bypass_medium,0.75,0,254.67,450,0.0517,0.0294,1.0225,-16922.47,0.4964
2983,17,hazard_bypass_medium,0.6667,0,171.5,450,0.1667,0.1389,1.0501,-14187.09,0.4946
2984,17,hazard_bypass_medium,0.5833,0,148.71,450,0.2383,0.1442,1.0781,-14360.22,0.4929
2985,17,hazard_bypass_medium,0.6667,0,169.5,450,0.3217,0.2082,1.0998,-14301.04,0.4911
2986,17,hazard_bypass_medium,0.6667,0,171.38,450,0.2883,0.1845,1.089,-14825.52,0.4894
2987,17,hazard_bypass_medium,0.8333,0,213.4,450,0.4883,0.2294,1.1415,-14255.89,0.4878
2988,17,hazard_bypass_medium,0.8333,0,152.9,450,0.4883,0.2398,1.144,-11403.48,0.4864
2989,17,hazard_bypass_medium,0.75,0,156.44,450,0.4167,0.2431,1.1247,-12927.35,0.4849
2990,17,hazard_bypass_medium,0.5,0,114.83,450,0.2463,0.1821,1.0695,-16827.39,0.4831
2991,17,hazard_bypass_medium,0.8333,0,262.6,450,0.565,0.2315,1.175,-18752.49,0.4812
2992,17,hazard_bypass_medium,0.5,0,128.33,450,0.3667,0.2122,1.1126,-17542.91,0.4793
2993,17,hazard_bypass_medium,0.5833,0,136.43,450,0.2467,0.1826,1.0698,-14912.71,0.4775
2994,17,hazard_bypass_medium,0.4167,0,123.8,450,0.4267,0.2358,1.1277,-20352.47,0.4755
2995,17,hazard_bypass_medium,0.6667,0,147.12,450,0.3067,0.1945,1.0986,-14668.42,0.4739
2996,17,hazard_bypass_medium,0.75,0,190.56,450,0.5,0.25,1.15,-16546.97,0.4722
2997,17,hazard_bypass_medium,0.8333,0,199.9,450,0.5,0.25,1.1459,-14853.92,0.4706
2998,17,hazard_bypass_medium,0.75,0,111.11,450,0.3333,0.2222,1.1,-11983.71,0.4693
2999,17,hazard_bypass_medium,0.8333,0,180.5,450,0.25,0.1875,1.075,-11956.93,0.4679
3000,17,hazard_bypass_medium,0.8333,0,180.7,450,0.6483,0.2137,1.1899,-13872.85,0.4664
3001,17,hazard_bypass_medium,0.6667,0,143.88,450,0.3783,0.2065,1.125,-15060.49,0.4648
3002,17,hazard_bypass_medium,0.6667,0,161.0,450,0.6483,0.2137,1.1899,-17225.47,0.4631
3003,17,hazard_bypass_medium,0.75,0,126.67,450,0.5833,0.2431,1.1706,-14078.47,0.4617
3004,17,hazard_bypass_medium,0.9167,0,175.18,450,0.57,0.2339,1.1668,-12386.92,0.4604
3005,17,hazard_bypass_medium,0.8333,0,113.5,450,0.515,0.2375,1.1498,-10728.95,0.4593
3006,17,hazard_bypass_medium,0.5833,0,100.29,450,0.575,0.2369,1.1685,-15094.11,0.4577
3007,17,hazard_bypass_medium,0.5,0,133.17,450,0.4617,0.2194,1.1295,-20154.38,0.4558
3008,17,hazard_bypass_medium,0.6667,0,114.88,450,0.5,0.25,1.1499,-15722.74,0.4543
3009,17,hazard_bypass_medium,0.4167,0,97.8,450,0.4567,0.2131,1.1279,-20873.84,0.4524
3010,17,hazard_bypass_medium,0.75,0,106.44,450,0.4167,0.2431,1.1229,-11637.09,0.4511
3011,17,hazard_bypass_medium,0.75,0,162.56,450,0.6083,0.2208,1.1815,-14833.41,0.4496
3012,17,hazard_bypass_medium,0.4167,0,133.2,450,0.4933,0.2438,1.1394,-20854.0,0.4475
3013,17,hazard_bypass_medium,0.6667,0,71.5,450,0.4817,0.2336,1.1364,-10804.99,0.4462
3014,17,hazard_bypass_medium,0.5,0,109.0,450,0.3867,0.218,1.1176,-18230.81,0.4444
3015,17,hazard_bypass_medium,0.8333,0,146.4,450,0.225,0.1569,1.072,-10967.92,0.4431
3016,17,hazard_bypass_medium,0.6667,0,126.62,450,0.325,0.2119,1.0935,-14923.71,0.4415
3017,17,hazard_bypass_medium,0.8333,0,110.6,450,0.25,0.1875,1.0732,-9780.14,0.4405
3018,17,hazard_bypass_medium,0.3333,0,108.5,450,0.6224,0.2143,1.1868,-22227.21,0.4383
3019,17,hazard_bypass_medium,0.5833,0,165.43,450,0.5833,0.2431,1.1707,-18460.39,0.4364
3020,17,hazard_bypass_medium,0.5833,0,118.43,450,0.5183,0.2354,1.1577,-17722.38,0.4347
3021,17,hazard_bypass_medium,0.6667,0,163.0,450,0.5717,0.2348,1.1685,-17749.89,0.433
3022,17,hazard_bypass_medium,0.6667,0,151.25,450,0.6533,0.2153,1.1908,-18041.34,0.4314
3023,17,hazard_bypass_medium,0.5833,0,80.57,450,0.4906,0.2168,1.1474,-16344.25,0.4299
3024,17,hazard_bypass_medium,0.75,0,84.22,450,0.565,0.2315,1.1567,-11253.63,0.4287
3025,17,hazard_bypass_medium,0.75,0,115.22,450,0.5,0.25,1.1477,-13187.31,0.4274
3026,17,hazard_bypass_medium,0.8333,0,126.4,450,0.6667,0.2222,1.1883,-11354.38,0.4262
3027,17,hazard_bypass_medium,0.8333,0,132.1,450,0.6533,0.2153,1.1902,-12531.61,0.425
3028,17,hazard_bypass_medium,0.75,0,90.56,450,0.6667,0.2222,1.1949,-11555.48,0.4238
3029,17,hazard_bypass_medium,0.8333,0,100.1,450,0.4967,0.2468,1.1435,-10170.84,0.4228
3030,17,hazard_bypass_medium,0.75,0,138.56,450,0.52,0.2234,1.148,-13979.81,0.4214
3031,17,hazard_bypass_medium,0.75,0,124.67,450,0.5,0.25,1.1442,-12822.04,0.4201
3032,17,hazard_bypass_medium,1.0,1,140.33,348,0.3333,0.2222,1.1,-7282.32,0.4191
3033,17,hazard_bypass_medium,0.8333,0,106.4,450,0.6433,0.2127,1.1874,-10214.82,0.4181
3034,17,hazard_bypass_medium,0.75,0,106.67,450,0.6667,0.2222,1.2,-12286.29,0.4168
3035,17,hazard_bypass_medium,0.6667,0,144.25,450,0.5333,0.197,1.1771,-14264.64,0.4152
3036,17,hazard_bypass_medium,0.75,0,155.67,450,0.5,0.25,1.1503,-13754.99,0.4137
3037,17,hazard_bypass_medium,0.6667,0,99.75,450,0.395,0.2015,1.1268,-12200.91,0.4123
3038,17,hazard_bypass_medium,0.5833,0,147.86,450,0.5667,0.2322,1.1736,-16545.37,0.4105
3039,17,hazard_bypass_medium,0.75,0,171.78,450,0.495,0.2453,1.15,-14858.11,0.4089
3040,17,hazard_bypass_medium,0.8333,0,165.3,450,0.4674,0.2177,1.1425,-12872.28,0.4075
3041,17,hazard_bypass_medium,0.6667,0,171.12,450,0.5583,0.2258,1.1749,-15211.88,0.4058
3042,17,hazard_bypass_medium,0.5,0,158.67,450,0.1923,0.1269,1.062,-16386.95,0.4038
3043,17,hazard_bypass_medium,0.5,0,184.33,450,0.3144,0.1623,1.0979,-17097.65,0.4017
3044,17,hazard_bypass_medium,0.4167,0,115.4,450,0.2967,0.1142,1.1008,-17577.18,0.3997
3045,17,hazard_bypass_medium,0.4167,0,216.8,450,0.2785,0.1443,1.0877,-19714.72,0.3974
3046,17,hazard_bypass_medium,0.5,0,58.33,450,0.2511,0.1416,1.0824,-13545.15,0.3957
3047,17,hazard_bypass_medium,0.3333,0,52.25,450,0.3708,0.2,1.1033,-17593.46,0.3937
3048,17,hazard_bypass_medium,0.5,0,182.5,450,0.3314,0.1671,1.1094,-17251.48,0.3916
3049,17,hazard_bypass_medium,0.5,0,134.33,450,0.3717,0.1974,1.1209,-15909.63,0.3897
3050,17,hazard_bypass_medium,0.5833,0,161.43,450,0.265,0.1451,1.0922,-15184.08,0.3878
3051,17,hazard_bypass_medium,0.5833,0,109.0,450,0.2882,0.1451,1.0906,-13304.64,0.3862
3052,17,hazard_bypass_medium,0.75,0,187.33,450,0.3833,0.2164,1.1189,-13571.31,0.3846
3053,17,hazard_bypass_medium,0.6667,0,181.25,450,0.3717,0.2128,1.1132,-15083.88,0.3828
3054,17,hazard_bypass_medium,0.8333,0,119.4,450,0.295,0.1873,1.0922,-8448.69,0.3816
3055,17,hazard_bypass_medium,0.8333,0,166.9,450,0.47,0.2299,1.15,-12349.67,0.3802
3056,17,hazard_bypass_medium,0.9167,0,145.09,450,0.3467,0.2153,1.1042,-8692.1,0.3791
3057,17,hazard_bypass_medium,0.9167,0,174.91,450,0.0917,0.0758,1.0269,-9601.74,0.3778
3058,17,hazard_bypass_medium,1.0,1,177.42,429,0.0117,0.0008,1.0034,-7920.09,0.3767
3059,17,hazard_bypass_medium,0.8333,0,138.4,450,0.0783,0.0675,1.0239,-8894.59,0.3754
3060,17,hazard_bypass_medium,0.9167,0,128.91,450,0.0,0.0,1.0,-6982.97,0.3744
3061,17,hazard_bypass_medium,0.75,0,103.0,450,0.0467,0.024,1.0176,-8934.93,0.3732
3062,17,hazard_bypass_medium,0.1667,0,87.5,450,0.1583,0.0994,1.0594,-21845.0,0.3706
3063,17,hazard_bypass_medium,0.4167,0,334.2,450,0.065,0.0153,1.0152,-21277.35,0.368
3064,17,hazard_bypass_medium,0.5833,0,174.0,450,0.0505,0.0143,1.02,-14903.47,0.3661
3065,17,hazard_bypass_medium,0.75,0,172.56,450,0.0,0.0,1.0,-11947.57,0.3645
3066,17,hazard_bypass_medium,0.6667,0,231.12,450,0.0233,0.006,1.0118,-15730.35,0.3625
3067,17,hazard_bypass_medium,0.6667,0,137.62,450,0.0,0.0,1.0003,-12293.39,0.361
3068,17,hazard_bypass_medium,0.5,0,133.33,450,0.0,0.0,1.0008,-15337.45,0.3591
3069,17,hazard_bypass_medium,0.3333,0,189.25,450,0.1001,0.0761,1.0248,-19761.98,0.3567
3070,17,hazard_bypass_medium,0.4167,0,80.2,450,0.0,0.0,1.0,-16065.04,0.3548
3071,17,hazard_bypass_medium,0.25,0,71.67,450,0.05,0.0275,1.0088,-19492.88,0.3524
3072,17,hazard_bypass_medium,0.0833,0,142.0,450,0.0767,0.0297,1.0165,-23666.31,0.3497
3073,17,hazard_bypass_medium,0.25,0,321.0,450,0.0,0.0,1.0,-22975.41,0.3469
3074,17,hazard_bypass_medium,0.0833,0,316.0,450,0.1529,0.0644,1.0528,-24447.68,0.3441
3075,17,hazard_bypass_medium,0.1667,0,410.5,450,0.205,0.1119,1.0529,-24464.05,0.3412
3076,17,hazard_bypass_medium,0.0,0,450,450,0.235,0.1675,1.0746,-25121.66,0.3382
3077,17,hazard_bypass_medium,0.0833,0,194.0,450,0.015,0.0025,1.0,-23738.43,0.3354
3078,17,hazard_bypass_medium,0.25,0,216.67,450,0.4167,0.2431,1.1235,-22140.34,0.3329
3079,17,hazard_bypass_medium,0.0833,0,72.0,450,0.0,0.0,1.0,-24072.96,0.3301
3080,17,hazard_bypass_medium,0.0833,0,77.0,450,0.3617,0.1964,1.1124,-23661.25,0.3274
3081,17,hazard_bypass_medium,0.1667,0,88.0,450,0.2933,0.174,1.0942,-22189.46,0.3248
3082,17,hazard_bypass_medium,0.0833,0,59.0,450,0.0,0.0,1.0,-23822.83,0.3221
3083,17,hazard_bypass_medium,0.1667,0,146.5,450,0.0467,0.024,1.0176,-22240.82,0.3195
3084,17,hazard_bypass_medium,0.0,0,450,450,0.4332,0.1802,1.1401,-25542.87,0.3166
3085,17,hazard_bypass_medium,0.0,0,450,450,0.1965,0.0926,1.0524,-25680.79,0.3136
3086,17,hazard_bypass_medium,0.0,0,450,450,0.36,0.1947,1.1076,-25872.73,0.3107
3087,17,hazard_bypass_medium,0.0833,0,300.0,450,0.3567,0.1873,1.1064,-24768.62,0.3078
3088,17,hazard_bypass_medium,0.0833,0,314.0,450,0.3797,0.1774,1.1162,-24609.71,0.3049
3089,17,hazard_bypass_medium,0.25,0,282.33,450,0.3683,0.1388,1.1211,-22488.57,0.3023
3090,17,hazard_bypass_medium,0.0,0,450,450,0.4385,0.138,1.1234,-25757.99,0.2993
3091,17,hazard_bypass_medium,0.0833,0,224.0,450,0.5283,0.2245,1.1633,-24390.22,0.2965
3092,17,hazard_bypass_medium,0.0833,0,169.0,450,0.3973,0.1453,1.1321,-24004.82,0.2937
3093,17,hazard_bypass_medium,0.0,0,450,450,0.5251,0.2114,1.1377,-25196.18,0.2908
3094,17,hazard_bypass_medium,0.0833,0,123.0,450,0.2699,0.114,1.089,-23203.2,0.288
3095,17,hazard_bypass_medium,0.0833,0,31.0,450,0.2718,0.1601,1.0885,-22964.57,0.2853
3096,17,hazard_bypass_medium,0.1667,0,223.5,450,0.1733,0.1003,1.0586,-22946.91,0.2826
3097,17,hazard_bypass_medium,0.1667,0,209.5,450,0.4413,0.2014,1.1366,-23578.01,0.2799
3098,17,hazard_bypass_medium,0.3333,0,287.0,450,0.1217,0.0828,1.0355,-21569.78,0.2774
3099,17,hazard_bypass_medium,0.1667,0,143.0,450,0.4567,0.2273,1.1294,-23057.41,0.2747
3100,17,hazard_bypass_medium,0.25,0,358.33,450,0.8533,0.11,1.25,-27094.35,0.272
3101,17,hazard_bypass_medium,0.5,0,99.33,450,0.9333,0.0372,1.2718,-17943.37,0.2702
3102,17,hazard_bypass_medium,0.3333,0,213.5,450,0.7417,0.1841,1.2185,-25350.83,0.2677
3103,17,hazard_bypass_medium,0.75,0,160.33,450,0.9483,0.0255,1.2742,-15186.17,0.2662
3104,17,hazard_bypass_medium,0.4167,0,126.2,450,0.7867,0.118,1.2262,-20125.03,0.2642
3105,17,hazard_bypass_medium,0.5,0,78.33,450,0.8117,0.1342,1.2208,-16600.56,0.2624
3106,17,hazard_bypass_medium,0.5,0,133.5,450,0.6667,0.2222,1.1942,-19169.03,0.2605
3107,17,hazard_bypass_medium,0.3333,0,70.75,450,0.6517,0.2142,1.1825,-21007.49,0.2584
3108,17,hazard_bypass_medium,0.3333,0,164.75,450,0.5617,0.2287,1.1578,-22736.68,0.2561
3109,17,hazard_bypass_medium,0.5,0,92.33,450,0.685,0.1679,1.1897,-18626.06,0.2543
3110,17,hazard_bypass_medium,0.4167,0,136.4,450,0.5,0.25,1.15,-20799.22,0.2522
3111,17,hazard_bypass_medium,0.3333,0,93.25,450,0.7258,0.1793,1.2043,-22498.88,0.2501
3112,17,hazard_bypass_medium,0.3333,0,138.0,450,0.5867,0.2009,1.1613,-23540.59,0.2478
3113,17,hazard_bypass_medium,0.5,0,151.0,450,0.83,0.1379,1.2376,-21757.08,0.2458
3114,17,hazard_bypass_medium,0.75,0,182.56,450,0.7317,0.182,1.2149,-17526.87,0.2442
3115,17,hazard_bypass_medium,0.6667,0,146.62,450,0.845,0.0831,1.2431,-16326.79,0.2426
3116,17,hazard_bypass_medium,0.9167,0,180.09,450,0.9367,0.0441,1.2745,-13581.49,0.2413
3117,17,hazard_bypass_medium,0.6667,0,226.5,450,0.8683,0.094,1.2634,-20675.99,0.2393
3118,17,hazard_bypass_medium,0.9167,0,158.27,450,0.9617,0.0162,1.2858,-11753.56,0.2381
3119,17,hazard_bypass_medium,1.0,1,125.67,251,0.7117,0.1845,1.2065,-6755.83,0.2373
3120,17,hazard_bypass_medium,1.0,1,131.75,270,0.8333,0.1389,1.247,-7109.18,0.2364
3121,17,hazard_bypass_medium,0.8333,0,94.5,450,0.75,0.1875,1.2238,-9311.84,0.2354
3122,17,hazard_bypass_medium,0.8333,0,138.7,450,0.9167,0.0764,1.2735,-11581.72,0.2342
3123,17,hazard_bypass_medium,0.6667,0,88.25,450,0.805,0.1383,1.2331,-13343.77,0.2328
3124,17,hazard_bypass_medium,1.0,1,154.83,434,0.6767,0.21,1.1999,-8849.07,0.2318
3125,17,hazard_bypass_medium,0.6667,0,70.75,450,0.7841,0.1385,1.2142,-13772.6,0.2305
3126,17,hazard_bypass_medium,0.5833,0,73.14,450,0.5983,0.228,1.175,-16642.79,0.229
3127,17,hazard_bypass_medium,0.4167,0,112.0,450,0.6817,0.2047,1.1959,-23829.79,0.227
3128,17,hazard_bypass_medium,0.9167,0,162.09,450,0.5,0.25,1.1472,-11557.69,0.2258
3129,17,hazard_bypass_medium,0.9167,0,107.27,450,0.48,0.212,1.1326,-6625.36,0.2249
3130,17,hazard_bypass_medium,0.8333,0,179.9,450,0.625,0.1877,1.1851,-12748.19,0.2234
3131,17,hazard_bypass_medium,0.6667,0,131.88,450,0.5112,0.1896,1.1476,-12720.53,0.2218
3132,17,hazard_bypass_medium,0.6667,0,128.75,450,0.4817,0.2098,1.1288,-12901.13,0.2203
3133,17,hazard_bypass_medium,0.5833,0,99.86,450,0.4561,0.1783,1.1281,-12936.66,0.2187
3134,17,hazard_bypass_medium,0.4167,0,104.2,450,0.4067,0.1836,1.1351,-17125.19,0.2167
3135,17,hazard_bypass_medium,0.6667,0,198.38,450,0.6683,0.1982,1.2,-15995.25,0.2149
3136,17,hazard_bypass_medium,0.5833,0,135.71,450,0.5117,0.2048,1.1492,-14671.57,0.2131
3137,17,hazard_bypass_medium,0.6667,0,202.5,450,0.5017,0.2013,1.1349,-15761.21,0.2113
3138,17,hazard_bypass_medium,0.75,0,86.78,450,0.3267,0.1786,1.095,-9217.12,0.2101
3139,17,hazard_bypass_medium,0.9167,0,142.18,450,0.7233,0.1329,1.2243,-8631.04,0.209
3140,17,hazard_bypass_medium,0.8333,0,153.7,450,0.3862,0.1494,1.1152,-10076.07,0.2077
3141,17,hazard_bypass_medium,0.8333,0,136.0,450,0.5133,0.2173,1.1612,-11315.42,0.2064
3142,17,hazard_bypass_medium,0.6667,0,138.38,450,0.5933,0.2325,1.1749,-17026.13,0.2049
3143,17,hazard_bypass_medium,0.5,0,133.0,450,0.7,0.1881,1.2043,-20735.37,0.2029
3144,17,hazard_bypass_medium,0.75,0,83.44,450,0.3783,0.2145,1.1021,-10844.81,0.2018
3145,17,hazard_bypass_medium,0.8333,0,136.8,450,0.5,0.25,1.1462,-12506.05,0.2006
3146,17,hazard_bypass_medium,0.8333,0,72.7,450,0.365,0.1963,1.0965,-8428.14,0.1997
3147,17,hazard_bypass_medium,0.6667,0,84.0,450,0.5833,0.2431,1.1746,-15075.34,0.1983
3148,17,hazard_bypass_medium,0.6667,0,105.62,450,0.5,0.25,1.1492,-16124.32,0.1969
3149,17,hazard_bypass_medium,0.9167,0,66.27,450,0.55,0.2275,1.1563,-5094.51,0.1963
3150,17,hazard_bypass_medium,0.9167,0,97.91,450,0.6383,0.2122,1.1981,-7498.09,0.1954
3151,17,hazard_bypass_medium,1.0,1,107.75,379,0.54,0.2276,1.1643,-6105.71,0.1947
3152,17,hazard_bypass_medium,0.9167,0,124.82,450,0.6483,0.2137,1.188,-9334.26,0.1937
3153,17,hazard_bypass_medium,0.9167,0,120.27,450,0.4867,0.2386,1.1409,-8684.4,0.1928
3154,17,hazard_bypass_medium,1.0,1,171.83,338,0.75,0.1875,1.2238,-10873.21,0.1916
3155,17,hazard_bypass_medium,0.9167,0,82.55,450,0.6733,0.181,1.187,-5379.47,0.1909
3156,17,hazard_bypass_medium,0.5,0,203.67,450,0.3933,0.2218,1.1124,-19529.32,0.1888
3157,17,hazard_bypass_medium,0.5,0,71.33,450,0.37,0.2049,1.1009,-15800.11,0.1871
3158,17,hazard_bypass_medium,0.8333,0,207.4,450,0.5833,0.2255,1.1748,-14654.34,0.1854
3159,17,hazard_bypass_medium,1.0,1,164.25,401,0.75,0.1875,1.2193,-9408.61,0.1844
3160,17,hazard_bypass_medium,1.0,1,122.75,266,0.7117,0.133,1.2118,-6149.92,0.1836
3161,17,hazard_bypass_medium,0.9167,0,100.64,450,0.6667,0.2222,1.1899,-6460.01,0.1827
3162,17,hazard_bypass_medium,0.9167,0,180.36,450,0.6333,0.2122,1.1781,-9890.85,0.1814
3163,17,hazard_bypass_medium,0.8333,0,163.1,450,0.6333,0.2122,1.1797,-12718.13,0.18
3164,17,hazard_bypass_medium,0.75,0,94.56,450,0.5017,0.1953,1.1347,-11350.88,0.1788
3165,17,hazard_bypass_medium,0.8333,0,109.1,450,0.5117,0.2008,1.1296,-8680.04,0.1777
3166,17,hazard_bypass_medium,0.9167,0,174.82,450,0.6147,0.1823,1.1716,-11710.95,0.1764
3167,17,hazard_bypass_medium,0.4167,0,141.2,450,0.2417,0.129,1.076,-17684.21,0.1743
3168,17,hazard_bypass_medium,0.6667,0,169.5,450,0.4367,0.1993,1.13,-14508.26,0.1726
3169,17,hazard_bypass_medium,0.1667,0,216.5,450,0.1943,0.1252,1.0622,-23922.68,0.1699
3170,17,hazard_bypass_medium,0.0833,0,349.0,450,0.1721,0.0578,1.0556,-24864.6,0.167
3171,17,hazard_bypass_medium,0.25,0,163.0,450,0.085,0.0399,1.0242,-20832.92,0.1646
3172,17,hazard_bypass_medium,0.3333,0,62.0,450,0.2522,0.0813,1.0837,-17791.34,0.1625
3173,17,hazard_bypass_medium,0.1667,0,163.0,450,0.0733,0.0592,1.0246,-22487.68,0.1598
3174,17,hazard_bypass_medium,0.25,0,94.33,450,0.208,0.1372,1.0516,-19736.43,0.1575
3175,17,hazard_bypass_medium,0.25,0,131.67,450,0.2359,0.0673,1.0778,-20168.13,0.1551
3176,17,hazard_bypass_medium,0.0833,0,56.0,450,0.2917,0.1354,1.0861,-23074.41,0.1523
3177,17,hazard_bypass_medium,0.0833,0,226.0,450,0.3599,0.1871,1.117,-24042.05,0.1495
3178,17,hazard_bypass_medium,0.1667,0,78.5,450,0.379,0.1323,1.1114,-21520.05,0.147
3179,17,hazard_bypass_medium,0.1667,0,82.5,450,0.2013,0.0585,1.0606,-21430.47,0.1444
3180,17,hazard_bypass_medium,0.1667,0,154.5,450,0.2771,0.0916,1.0882,-22064.91,0.1418
3181,17,hazard_bypass_medium,0.1667,0,50.0,450,0.0901,0.0111,1.0151,-20614.77,0.1393
3182,17,hazard_bypass_medium,0.25,0,54.33,450,0.115,0.0661,1.0315,-18831.21,0.137
3183,17,hazard_bypass_medium,0.5833,0,117.86,450,0.125,0.0556,1.045,-13110.23,0.1353
3184,17,hazard_bypass_medium,0.1667,0,144.5,450,0.1504,0.0585,1.0452,-21663.62,0.1327
3185,17,hazard_bypass_medium,0.25,0,314.67,450,0.2722,0.0941,1.1005,-22883.26,0.13
3186,17,hazard_bypass_medium,0.4167,0,234.6,450,0.3923,0.1835,1.1374,-19287.31,0.1277
3187,17,hazard_bypass_medium,0.25,0,160.0,450,0.64,0.2077,1.1949,-20619.04,0.1252
3188,17,hazard_bypass_medium,0.4167,0,175.4,450,0.507,0.2106,1.1482,-18451.39,0.123
3189,17,hazard_bypass_medium,0.5833,0,125.57,450,0.3462,0.1579,1.1129,-13713.51,0.1213
3190,17,hazard_bypass_medium,0.5,0,206.17,450,0.295,0.171,1.0993,-17530.04,0.1192
3191,17,hazard_bypass_medium,0.25,0,231.0,450,0.4646,0.179,1.1397,-21973.74,0.1166
3192,17,hazard_bypass_medium,0.4167,0,194.4,450,0.5169,0.16,1.1641,-19071.92,0.1143
3193,17,hazard_bypass_medium,0.3333,0,179.75,450,0.6847,0.1509,1.203,-21067.09,0.112
3194,17,hazard_bypass_medium,0.5833,0,169.57,450,0.505,0.1803,1.1711,-15286.96,0.1101
3195,17,hazard_bypass_medium,0.5833,0,141.43,450,0.5333,0.1398,1.1798,-14196.6,0.1083
3196,17,hazard_bypass_medium,0.9167,0,260.45,450,0.5975,0.142,1.199,-15050.71,0.1065
3197,17,hazard_bypass_medium,0.9167,0,162.36,450,0.385,0.1133,1.1274,-9186.24,0.1053
3198,17,hazard_bypass_medium,0.6667,0,162.12,450,0.5317,0.176,1.1798,-14659.98,0.1036
3199,17,hazard_bypass_medium,0.5833,0,99.86,450,0.53,0.1873,1.1673,-13473.85,0.102
3200,17,hazard_bypass_medium,0.5,0,105.17,450,0.4408,0.1789,1.1435,-16071.82,0.1002
3201,17,hazard_bypass_medium,0.5833,0,91.29,450,0.4283,0.2139,1.1379,-13118.6,0.0986
3202,17,hazard_bypass_medium,0.5833,0,87.43,450,0.3775,0.1466,1.129,-12892.93,0.0971
3203,17,hazard_bypass_medium,0.4167,0,92.8,450,0.549,0.1998,1.175,-16881.86,0.0951
3204,17,hazard_bypass_medium,0.4167,0,166.2,450,0.3982,0.1555,1.142,-18150.39,0.0929
3205,17,hazard_bypass_medium,0.0833,0,20.0,450,0.68,0.1683,1.2046,-23633.02,0.0902
3206,17,hazard_bypass_medium,0.1667,0,69.5,450,0.7,0.1751,1.225,-22157.08,0.0877
3207,17,hazard_bypass_medium,0.0833,0,82.0,450,0.6967,0.1726,1.225,-23723.73,0.085
3208,17,hazard_bypass_medium,0.0833,0,113.0,450,0.6617,0.1738,1.2092,-24089.99,0.0822
3209,17,hazard_bypass_medium,0.25,0,156.33,450,0.6863,0.1973,1.1981,-21014.08,0.0797
3210,17,hazard_bypass_medium,0.0,0,450,450,0.8187,0.0792,1.2706,-25601.17,0.0768
3211,17,hazard_bypass_medium,0.1667,0,376.0,450,0.2919,0.1527,1.0816,-23729.57,0.0739
3212,17,hazard_bypass_medium,0.25,0,187.67,450,0.4333,0.2168,1.1373,-21151.16,0.0714
3213,17,hazard_bypass_medium,0.0833,0,187.0,450,0.1848,0.07,1.0504,-23297.18,0.0686
3214,17,hazard_bypass_medium,0.25,0,307.67,450,0.3983,0.1766,1.1185,-22442.47,0.0659
3215,17,hazard_bypass_medium,0.0,0,450,450,0.4571,0.1721,1.1437,-25363.05,0.063
3216,17,hazard_bypass_medium,0.0833,0,85.0,450,0.6133,0.11,1.2221,-23651.75,0.0602
3217,17,hazard_bypass_medium,0.0,0,450,450,0.5431,0.1622,1.1664,-25167.89,0.0573
3218,17,hazard_bypass_medium,0.0,0,450,450,0.6963,0.1319,1.2247,-25591.85,0.0544
3219,17,hazard_bypass_medium,0.0833,0,58.0,450,0.6051,0.1804,1.1891,-23713.18,0.0516
3220,17,hazard_bypass_medium,0.0,0,450,450,0.4704,0.1587,1.1377,-25363.24,0.05
3221,17,hazard_bypass_medium,0.0,0,450,450,0.5957,0.2126,1.1853,-24951.01,0.05
3222,17,hazard_bypass_medium,0.0833,0,108.0,450,0.6331,0.1681,1.2128,-23884.59,0.05
3223,17,hazard_bypass_medium,0.0,0,450,450,0.4793,0.1572,1.1564,-25147.2,0.05
3224,17,hazard_bypass_medium,0.0,0,450,450,0.7325,0.1645,1.2139,-25261.7,0.05
3225,17,hazard_bypass_medium,0.0833,0,303.0,450,0.6447,0.164,1.1988,-24620.22,0.05
3226,17,hazard_bypass_medium,0.25,0,107.67,450,0.3267,0.1786,1.096,-20833.89,0.05
3227,17,hazard_bypass_medium,0.0,0,450,450,0.5891,0.2254,1.1769,-25849.95,0.05
3228,17,hazard_bypass_medium,0.0833,0,86.0,450,0.6633,0.1818,1.1992,-24212.0,0.05
3229,17,hazard_bypass_medium,0.3333,0,85.0,450,0.3483,0.18,1.115,-18813.57,0.05
3230,17,hazard_bypass_medium,0.3333,0,84.5,450,0.4567,0.2111,1.1418,-18257.34,0.05
3231,17,hazard_bypass_medium,0.1667,0,163.0,450,0.4911,0.1898,1.1535,-22560.21,0.05
3232,18,mall_medium,0.25,0,112.33,450,0.0,0.0,1.0,-20351.38,0.9985
3233,18,mall_medium,0.25,0,136.67,450,0.0833,0.0764,1.025,-21128.18,0.9956
3234,18,mall_medium,0.25,0,76.0,450,0.0833,0.0764,1.025,-19857.93,0.9928
3235,18,mall_medium,0.25,0,62.67,450,0.0833,0.0764,1.025,-19757.55,0.9901
3236,18,mall_medium,0.25,0,40.67,450,0.1383,0.1005,1.0376,-19985.68,0.9874
3237,18,mall_medium,0.0833,0,7.0,450,0.0833,0.0764,1.025,-23685.18,0.9842
3238,18,mall_medium,0.1667,0,64.5,450,0.0833,0.0764,1.025,-21406.31,0.9812
3239,18,mall_medium,0.1667,0,334.0,450,0.0933,0.0758,1.0251,-24219.12,0.9778
3240,18,mall_medium,0.3333,0,199.0,450,0.0,0.0,1.0,-19796.05,0.975
3241,18,mall_medium,0.25,0,17.33,450,0.0,0.0,1.0,-18811.2,0.9723
3242,18,mall_medium,0.1667,0,31.0,450,0.0,0.0,1.0,-20957.95,0.9694
3243,18,mall_medium,0.25,0,46.0,450,0.0,0.0,1.0,-19242.97,0.9667
3244,18,mall_medium,0.3333,0,128.75,450,0.0,0.0,1.0,-19146.32,0.964
3245,18,mall_medium,0.25,0,26.33,450,0.0833,0.0764,1.025,-19025.21,0.9613
3246,18,mall_medium,0.25,0,64.0,450,0.0833,0.0764,1.025,-19788.78,0.9586
3247,18,mall_medium,0.1667,0,37.5,450,0.0833,0.0764,1.025,-21235.21,0.9556
3248,18,mall_medium,0.1667,0,29.5,450,0.065,0.0465,1.0224,-21079.57,0.9527
3249,18,mall_medium,0.3333,0,85.5,450,0.0,0.0,1.0,-17833.54,0.9501
3250,18,mall_medium,0.25,0,17.0,450,0.0833,0.0764,1.025,-19105.01,0.9475
3251,18,mall_medium,0.1667,0,27.5,450,0.0,0.0,1.0,-20905.03,0.9445
3252,18,mall_medium,0.1667,0,77.5,450,0.0,0.0,1.0,-21646.11,0.9415
3253,18,mall_medium,0.4167,0,128.8,450,0.0,0.0,1.0,-16988.43,0.9391
3254,18,mall_medium,0.1667,0,226.5,450,0.0833,0.0764,1.025,-23050.11,0.9359
3255,18,mall_medium,0.25,0,59.67,450,0.0517,0.0294,1.0225,-19463.41,0.9331
3256,18,mall_medium,0.1667,0,47.0,450,0.08,0.0704,1.025,-21473.96,0.9302
3257,18,mall_medium,0.25,0,29.33,450,0.0,0.0,1.0,-19227.82,0.9275
3258,18,mall_medium,0.25,0,31.33,450,0.0833,0.0764,1.025,-19787.42,0.9248
3259,18,mall_medium,0.25,0,97.33,450,0.0833,0.0764,1.025,-19864.61,0.922
3260,18,mall_medium,0.1667,0,123.0,450,0.0833,0.0764,1.025,-22101.51,0.9189
3261,18,mall_medium,0.1667,0,11.0,450,0.0,0.0,1.0,-21045.41,0.916
3262,18,mall_medium,0.1667,0,9.5,450,0.0,0.0,1.0,-21009.35,0.9131
3263,18,mall_medium,0.3333,0,71.75,450,0.0683,0.0514,1.025,-17899.58,0.9106
3264,18,mall_medium,0.3333,0,94.25,450,0.0833,0.0764,1.0249,-18341.33,0.908
3265,18,mall_medium,0.4167,0,123.6,450,0.06,0.0396,1.0124,-17149.55,0.9056
3266,18,mall_medium,0.3333,0,52.0,450,0.0833,0.0764,1.025,-17436.13,0.9031
3267,18,mall_medium,0.4167,0,191.6,450,0.0,0.0,1.0,-18382.78,0.9004
3268,18,mall_medium,0.1667,0,14.0,450,0.0,0.0,1.0002,-21213.15,0.8975
3269,18,mall_medium,0.25,0,60.33,450,0.0783,0.0307,1.0183,-20034.62,0.8948
3270,18,mall_medium,0.25,0,117.67,450,0.0,0.0,1.0,-20310.59,0.8919
3271,18,mall_medium,0.1667,0,17.0,450,0.0833,0.0764,1.025,-21191.42,0.889
3272,18,mall_medium,0.1667,0,5.5,450,0.0233,0.006,1.0127,-21419.24,0.8861
3273,18,mall_medium,0.0833,0,15.0,450,0.0833,0.0764,1.025,-23233.19,0.8829
3274,18,mall_medium,0.1667,0,5.5,450,0.0483,0.0257,1.0179,-21164.45,0.8799
3275,18,mall_medium,0.1667,0,115.5,450,0.0,0.0,1.0,-22099.09,0.8769
3276,18,mall_medium,0.25,0,211.0,450,0.1667,0.1389,1.0453,-22506.96,0.8739
3277,18,mall_medium,0.25,0,123.0,450,0.0,0.0,1.0,-20645.61,0.871
3278,18,mall_medium,0.3333,0,86.25,450,0.0117,0.0015,1.0006,-18285.37,0.8684
3279,18,mall_medium,0.25,0,112.67,450,0.025,0.0069,1.0128,-20503.04,0.8656
3280,18,mall_medium,0.3333,0,132.0,450,0.0,0.0,1.0,-18629.76,0.8629
3281,18,mall_medium,0.25,0,187.67,450,0.0,0.0,1.0,-21306.01,0.86
3282,18,mall_medium,0.1667,0,92.5,450,0.0833,0.0764,1.025,-22084.07,0.8569
3283,18,mall_medium,0.3333,0,93.0,450,0.0217,0.0052,1.0127,-19136.52,0.8544
3284,18,mall_medium,0.3333,0,134.25,450,0.0,0.0,1.0,-19035.17,0.8517
3285,18,mall_medium,0.25,0,63.67,450,0.0069,0.0005,1.0017,-20099.32,0.8489
3286,18,mall_medium,0.25,0,148.33,450,0.065,0.0465,1.025,-21182.54,0.846
3287,18,mall_medium,0.0833,0,8.0,450,0.0,0.0,1.0,-23419.48,0.8428
3288,18,mall_medium,0.0833,0,11.0,450,0.0833,0.0764,1.025,-23718.3,0.8396
3289,18,mall_medium,0.3333,0,120.5,450,0.0083,0.0008,1.0021,-18767.61,0.837
3290,18,mall_medium,0.3333,0,135.25,450,0.0,0.0,1.0,-19021.13,0.8343
3291,18,mall_medium,0.3333,0,218.25,450,0.0767,0.0647,1.025,-20873.46,0.8314
3292,18,mall_medium,0.3333,0,130.0,450,0.05,0.0275,1.0205,-18882.28,0.8287
3293,18,mall_medium,0.3333,0,119.25,450,0.11,0.0798,1.0325,-18452.71,0.8261
3294,18,mall_medium,0.4167,0,203.0,450,0.055,0.0333,1.025,-19126.1,0.8234
3295,18,mall_medium,0.1667,0,156.5,450,0.0,0.0,1.0,-22361.86,0.8203
3296,18,mall_medium,0.3333,0,133.75,450,0.0833,0.0764,1.0233,-18986.62,0.8176
3297,18,mall_medium,0.25,0,144.33,450,0.0833,0.0764,1.025,-21397.34,0.8147
3298,18,mall_medium,0.1667,0,224.0,450,0.1517,0.1164,1.05,-23501.06,0.8115
3299,18,mall_medium,0.25,0,141.0,450,0.0,0.0,1.0,-20697.7,0.8086
3300,18,mall_medium,0.1667,0,191.5,450,0.06,0.0396,1.025,-22980.25,0.8055
3301,18,mall_medium,0.25,0,100.33,450,0.0833,0.0764,1.025,-20439.52,0.8027
3302,18,mall_medium,0.1667,0,95.0,450,0.0,0.0,1.0,-21696.04,0.7996
3303,18,mall_medium,0.4167,0,196.0,450,0.0,0.0,1.0,-18704.7,0.7969
3304,18,mall_medium,0.25,0,108.67,450,0.0,0.0,1.0,-20366.2,0.7941
3305,18,mall_medium,0.3333,0,152.0,450,0.0,0.0,1.0,-19586.37,0.7914
3306,18,mall_medium,0.3333,0,126.5,450,0.0833,0.0764,1.0249,-19085.8,0.7887
3307,18,mall_medium,0.25,0,114.0,450,0.0,0.0,1.0,-20179.3,0.7859
3308,18,mall_medium,0.25,0,226.33,450,0.1067,0.065,1.0379,-22199.55,0.7828
3309,18,mall_medium,0.25,0,134.33,450,0.0,0.0,1.0,-20523.34,0.78
3310,18,mall_medium,0.3333,0,143.25,450,0.01,0.0011,1.0,-19798.91,0.7773
3311,18,mall_medium,0.4167,0,125.4,450,0.0,0.0,1.0,-17200.14,0.7748
3312,18,mall_medium,0.25,0,182.67,450,0.0,0.0,1.0,-21273.31,0.7718
3313,18,mall_medium,0.25,0,194.0,450,0.075,0.0619,1.025,-21379.54,0.7688
3314,18,mall_medium,0.3333,0,107.0,450,0.0,0.0,1.0,-18502.8,0.7662
3315,18,mall_medium,0.4167,0,78.6,450,0.0,0.0,1.0003,-16165.68,0.764
3316,18,mall_medium,0.4167,0,180.8,450,0.0,0.0,1.0,-18558.27,0.7613
3317,18,mall_medium,0.3333,0,129.25,450,0.0733,0.0592,1.0249,-19085.47,0.7587
3318,18,mall_medium,0.25,0,100.67,450,0.105,0.0625,1.0362,-20344.47,0.7559
3319,18,mall_medium,0.3333,0,96.25,450,0.0,0.0,1.0006,-18237.65,0.7533
3320,18,mall_medium,0.4167,0,125.2,450,0.015,0.0025,1.0,-16830.2,0.7508
3321,18,mall_medium,0.4167,0,154.4,450,0.1733,0.103,1.0617,-18013.53,0.7483
3322,18,mall_medium,0.5,0,203.83,450,0.0833,0.0764,1.025,-17518.67,0.7458
3323,18,mall_medium,0.3333,0,162.25,450,0.0833,0.0764,1.0243,-19842.81,0.743
3324,18,mall_medium,0.3333,0,100.75,450,0.0,0.0,1.0,-18226.84,0.7404
3325,18,mall_medium,0.3333,0,194.75,450,0.0833,0.0764,1.025,-20224.7,0.7376
3326,18,mall_medium,0.25,0,74.0,450,0.0833,0.0764,1.025,-19897.32,0.7348
3327,18,mall_medium,0.1667,0,166.0,450,0.0833,0.0764,1.0248,-22366.65,0.7317
3328,18,mall_medium,0.3333,0,144.75,450,0.1667,0.1389,1.05,-19569.57,0.729
3329,18,mall_medium,0.4167,0,197.4,450,0.0833,0.0764,1.025,-18824.28,0.7263
3330,18,mall_medium,0.5,0,173.0,450,0.1033,0.0775,1.033,-16729.77,0.7239
3331,18,mall_medium,0.3333,0,133.0,450,0.266,0.1748,1.075,-19264.24,0.7212
3332,18,mall_medium,0.4167,0,80.0,450,0.075,0.0619,1.0249,-16184.55,0.7189
3333,18,mall_medium,0.4167,0,141.2,450,0.1333,0.0956,1.0455,-17308.97,0.7164
3334,18,mall_medium,0.4167,0,181.0,450,0.0833,0.0764,1.025,-18271.08,0.7138
3335,18,mall_medium,0.5,0,159.5,450,0.22,0.1487,1.075,-16792.28,0.7115
3336,18,mall_medium,0.3333,0,88.75,450,0.0833,0.0764,1.025,-18670.15,0.7089
3337,18,mall_medium,0.3333,0,79.25,450,0.19,0.1172,1.0666,-19049.86,0.7064
3338,18,mall_medium,0.3333,0,103.75,450,0.225,0.1535,1.075,-18945.28,0.7038
3339,18,mall_medium,0.3333,0,178.25,450,0.25,0.1875,1.075,-20412.74,0.701
3340,18,mall_medium,0.3333,0,123.0,450,0.015,0.0025,1.0,-19005.03,0.6983
3341,18,mall_medium,0.3333,0,193.75,450,0.1383,0.1005,1.05,-20203.94,0.6955
3342,18,mall_medium,0.3333,0,143.0,450,0.2483,0.147,1.0658,-19927.38,0.6928
3343,18,mall_medium,0.4167,0,143.6,450,0.13,0.0878,1.0376,-17992.23,0.6903
3344,18,mall_medium,0.5833,0,151.71,450,0.0833,0.0764,1.025,-14524.18,0.6882
3345,18,mall_medium,0.6667,0,214.5,450,0.0,0.0,1.0,-15044.44,0.6859
3346,18,mall_medium,0.5833,0,225.29,450,0.015,0.0025,1.0038,-16768.14,0.6834
3347,18,mall_medium,0.5,0,143.83,450,0.0783,0.0675,1.025,-15760.96,0.6811
3348,18,mall_medium,0.6667,0,140.25,450,0.1333,0.0956,1.0455,-12729.72,0.6792
3349,18,mall_medium,0.5,0,201.83,450,0.1667,0.1389,1.05,-17672.06,0.6767
3350,18,mall_medium,0.6667,0,146.88,450,0.0833,0.0764,1.025,-13143.52,0.6748
3351,18,mall_medium,0.6667,0,198.25,450,0.0917,0.0758,1.0271,-14824.62,0.6726
3352,18,mall_medium,0.5,0,136.5,450,0.0,0.0,1.0,-15221.27,0.6703
3353,18,mall_medium,0.4167,0,74.2,450,0.0,0.0,1.0003,-15414.95,0.668
3354,18,mall_medium,0.8333,0,193.9,450,0.0833,0.0764,1.025,-11594.0,0.6662
3355,18,mall_medium,0.6667,0,159.88,450,0.0833,0.0764,1.0251,-13509.95,0.6642
3356,18,mall_medium,0.3333,0,108.5,450,0.1583,0.1258,1.05,-18533.62,0.6616
3357,18,mall_medium,0.6667,0,142.5,450,0.0,0.0,1.0,-12466.63,0.6597
3358,18,mall_medium,0.5,0,67.33,450,0.0833,0.0764,1.025,-13670.44,0.6577
3359,18,mall_medium,0.4167,0,137.4,450,0.1667,0.1389,1.05,-17304.69,0.6552
3360,18,mall_medium,0.5,0,104.17,450,0.0067,0.0005,1.0017,-14741.73,0.653
3361,18,mall_medium,0.5833,0,155.43,450,0.25,0.1875,1.075,-15179.73,0.6509
3362,18,mall_medium,0.75,0,161.78,450,0.1667,0.1389,1.05,-12482.0,0.6491
3363,18,mall_medium,0.5,0,112.5,450,0.23,0.1619,1.075,-15391.99,0.6469
3364,18,mall_medium,0.4167,0,93.0,450,0.0833,0.0764,1.025,-16529.08,0.6445
3365,18,mall_medium,0.5,0,63.83,450,0.0833,0.0764,1.025,-13682.56,0.6425
3366,18,mall_medium,0.5833,0,153.57,450,0.0367,0.0148,1.0138,-14662.04,0.6404
3367,18,mall_medium,0.6667,0,192.75,450,0.0,0.0,1.0,-14280.94,0.6382
3368,18,mall_medium,0.5,0,177.5,450,0.0667,0.0489,1.025,-16879.69,0.6358
3369,18,mall_medium,0.6667,0,155.0,450,0.0483,0.0257,1.0137,-12971.33,0.6338
3370,18,mall_medium,0.75,0,151.67,450,0.0583,0.0374,1.0132,-11333.63,0.6321
3371,18,mall_medium,0.5,0,102.33,450,0.25,0.1875,1.075,-14958.69,0.6299
3372,18,mall_medium,0.5833,0,193.0,450,0.0833,0.0764,1.025,-15614.61,0.6276
3373,18,mall_medium,0.6667,0,157.62,450,0.0833,0.0764,1.025,-13030.12,0.6256
3374,18,mall_medium,0.5833,0,124.57,450,0.0833,0.0764,1.025,-13442.11,0.6236
3375,18,mall_medium,0.75,0,176.11,450,0.0317,0.011,1.0132,-12296.61,0.6217
3376,18,mall_medium,0.8333,0,180.4,450,0.0,0.0,1.0,-10830.04,0.62
3377,18,mall_medium,0.5,0,209.17,450,0.1567,0.1233,1.049,-18013.05,0.6174
3378,18,mall_medium,0.4167,0,128.2,450,0.0833,0.0764,1.025,-17475.61,0.6149
3379,18,mall_medium,0.3333,0,197.0,450,0.0667,0.0489,1.025,-19828.12,0.6121
3380,18,mall_medium,0.4167,0,134.6,450,0.0,0.0,1.0,-16824.51,0.6096
3381,18,mall_medium,0.5833,0,186.29,450,0.0583,0.0374,1.0097,-15598.33,0.6073
3382,18,mall_medium,0.5833,0,149.71,450,0.0,0.0,1.0,-13985.61,0.6052
3383,18,mall_medium,0.5833,0,113.57,450,0.0217,0.0052,1.0127,-13187.75,0.6032
3384,18,mall_medium,0.6667,0,135.88,450,0.0,0.0,1.0,-12272.16,0.6014
3385,18,mall_medium,0.5,0,184.67,450,0.0,0.0,1.0,-16826.83,0.5989
3386,18,mall_medium,0.4167,0,107.2,450,0.0,0.0,1.0007,-16281.4,0.5965
3387,18,mall_medium,0.4167,0,162.2,450,0.1567,0.1233,1.05,-17969.27,0.594
3388,18,mall_medium,0.4167,0,159.6,450,0.105,0.0779,1.0377,-18123.82,0.5914
3389,18,mall_medium,0.4167,0,159.0,450,0.13,0.0926,1.0426,-18280.33,0.5889
3390,18,mall_medium,0.3333,0,110.25,450,0.0667,0.0489,1.025,-18296.35,0.5862
3391,18,mall_medium,0.5,0,185.5,450,0.0,0.0,1.0,-16525.56,0.5838
3392,18,mall_medium,0.5,0,163.83,450,0.0833,0.0764,1.025,-16075.44,0.5814
3393,18,mall_medium,0.6667,0,119.88,450,0.0,0.0,1.0,-11393.65,0.5796
3394,18,mall_medium,0.5,0,222.83,450,0.145,0.1079,1.05,-18374.81,0.577
3395,18,mall_medium,0.5,0,166.67,450,0.2467,0.1826,1.072,-16643.84,0.5746
3396,18,mall_medium,0.5833,0,170.14,450,0.1667,0.1389,1.0499,-15226.97,0.5724
3397,18,mall_medium,0.3333,0,172.75,450,0.1045,0.0315,1.0417,-19575.06,0.5696
3398,18,mall_medium,0.1667,0,38.5,450,0.0489,0.0152,1.013,-21282.6,0.5666
3399,18,mall_medium,0.6667,0,171.62,450,0.0833,0.0764,1.025,-13636.6,0.5646
3400,18,mall_medium,0.5833,0,181.57,450,0.1667,0.1389,1.0496,-15425.05,0.5623
3401,18,mall_medium,0.4167,0,153.2,450,0.1083,0.0791,1.0378,-17556.08,0.5598
3402,18,mall_medium,0.5,0,111.5,450,0.0433,0.0207,1.0158,-14764.39,0.5576
3403,18,mall_medium,0.25,0,95.67,450,0.2233,0.1553,1.075,-20452.21,0.5548
3404,18,mall_medium,0.4167,0,104.4,450,0.2433,0.178,1.075,-17076.66,0.5524
3405,18,mall_medium,0.1667,0,98.5,450,0.1767,0.1367,1.05,-22093.63,0.5494
3406,18,mall_medium,0.0833,0,5.0,450,0.25,0.1875,1.075,-24148.15,0.5462
3407,18,mall_medium,0.3333,0,155.5,450,0.4167,0.2431,1.1249,-20294.57,0.5434
3408,18,mall_medium,0.4167,0,144.6,450,0.25,0.1875,1.075,-17950.46,0.5409
3409,18,mall_medium,0.5,0,109.17,450,0.0833,0.0764,1.025,-15120.9,0.5388
3410,18,mall_medium,0.25,0,80.33,450,0.25,0.1875,1.075,-20373.73,0.536
3411,18,mall_medium,0.0833,0,6.0,450,0.1667,0.1389,1.05,-23956.54,0.5328
3412,18,mall_medium,0.1667,0,15.0,450,0.1667,0.1389,1.05,-21759.41,0.5299
3413,18,mall_medium,0.0833,0,4.0,450,0.26,0.1836,1.0717,-23901.98,0.5267
3414,18,mall_medium,0.0833,0,230.0,450,0.3967,0.2241,1.117,-25154.05,0.5233
3415,18,mall_medium,0.0833,0,8.0,450,0.2267,0.1465,1.0652,-24139.54,0.5201
3416,18,mall_medium,0.3333,0,191.75,450,0.25,0.1875,1.0753,-21218.71,0.5173
3417,18,mall_medium,0.75,0,222.22,450,0.0,0.0,1.0,-14107.61,0.5151
3418,18,mall_medium,0.3333,0,196.5,450,0.0667,0.0489,1.0249,-19636.84,0.5123
3419,18,mall_medium,0.4167,0,258.4,450,0.0,0.0,1.0,-19960.76,0.5094
3420,18,mall_medium,0.25,0,86.33,450,0.0833,0.0764,1.025,-20018.4,0.5066
3421,18,mall_medium,0.25,0,196.33,450,0.0,0.0,1.0,-20762.66,0.5036
3422,18,mall_medium,0.3333,0,111.0,450,0.16,0.1283,1.0489,-18688.96,0.501
3423,18,mall_medium,0.1667,0,92.5,450,0.0833,0.0764,1.025,-22257.93,0.498
3424,18,mall_medium,0.4167,0,82.8,450,0.0833,0.0764,1.025,-16219.59,0.4957
3425,18,mall_medium,0.4167,0,234.0,450,0.0,0.0,1.0001,-19214.77,0.4929
3426,18,mall_medium,0.4167,0,288.8,450,0.0,0.0,1.0,-20564.61,0.4899
3427,18,mall_medium,0.5,0,151.67,450,0.0,0.0,1.0,-15526.23,0.4876
3428,18,mall_medium,0.5833,0,116.14,450,0.1583,0.1258,1.0486,-13379.68,0.4856
3429,18,mall_medium,0.1667,0,92.0,450,0.3333,0.2222,1.0996,-22411.91,0.4826
3430,18,mall_medium,0.4167,0,117.6,450,0.1333,0.0956,1.0375,-17123.05,0.4801
3431,18,mall_medium,0.3333,0,93.25,450,0.1667,0.1389,1.05,-18193.28,0.4776
3432,18,mall_medium,0.4167,0,103.2,450,0.0833,0.0764,1.025,-16142.44,0.4752
3433,18,mall_medium,0.3333,0,192.5,450,0.2483,0.185,1.075,-21037.69,0.4724
3434,18,mall_medium,0.25,0,109.0,450,0.25,0.1875,1.075,-20717.12,0.4695
3435,18,mall_medium,0.4167,0,71.8,450,0.0833,0.0764,1.025,-16053.95,0.4673
3436,18,mall_medium,0.4167,0,217.4,450,0.0,0.0,1.0,-19276.77,0.4645
3437,18,mall_medium,0.1667,0,101.0,450,0.1202,0.0852,1.0392,-22185.5,0.4615
3438,18,mall_medium,0.5,0,129.5,450,0.0,0.0,1.0,-15020.06,0.4592
3439,18,mall_medium,0.3333,0,155.75,450,0.0,0.0,1.0,-19142.22,0.4565
3440,18,mall_medium,0.6667,0,138.25,450,0.0,0.0,1.0,-12167.68,0.4546
3441,18,mall_medium,0.5,0,138.17,450,0.0,0.0,1.0,-15256.87,0.4523
3442,18,mall_medium,0.6667,0,129.88,450,0.1293,0.092,1.0374,-11769.35,0.4505
3443,18,mall_medium,0.5833,0,125.29,450,0.07,0.0539,1.025,-13365.3,0.4485
3444,18,mall_medium,0.5,0,135.67,450,0.0783,0.0675,1.0249,-15226.9,0.4462
3445,18,mall_medium,0.75,0,177.89,450,0.1667,0.1389,1.05,-12635.94,0.4443
3446,18,mall_medium,0.75,0,170.89,450,0.0,0.0,1.0,-11696.36,0.4424
3447,18,mall_medium,0.5833,0,124.86,450,0.0833,0.0764,1.0248,-13362.14,0.4404
3448,18,mall_medium,0.6667,0,105.0,450,0.0833,0.0764,1.025,-11200.44,0.4387
3449,18,mall_medium,0.4167,0,131.0,450,0.1667,0.1389,1.05,-17638.77,0.4362
3450,18,mall_medium,0.25,0,250.67,450,0.245,0.1803,1.075,-22508.07,0.4331
3451,18,mall_medium,0.5,0,173.0,450,0.1667,0.1389,1.05,-16329.03,0.4307
3452,18,mall_medium,0.5,0,207.5,450,0.25,0.1875,1.075,-17873.78,0.4282
3453,18,mall_medium,0.5,0,91.67,450,0.3333,0.2222,1.1,-14945.8,0.4261
3454,18,mall_medium,0.75,0,172.22,450,0.0833,0.0764,1.025,-12012.92,0.4242
3455,18,mall_medium,0.4167,0,87.4,450,0.0,0.0,1.0,-15662.46,0.4219
3456,18,mall_medium,0.8333,0,151.4,450,0.0,0.0,1.0,-9434.23,0.4203
3457,18,mall_medium,0.8333,0,130.8,450,0.055,0.0333,1.0094,-8843.07,0.4189
3458,18,mall_medium,0.5,0,188.5,450,0.0,0.0,1.0,-16884.3,0.4164
3459,18,mall_medium,0.5833,0,131.0,450,0.0717,0.0565,1.025,-13663.94,0.4144
3460,18,mall_medium,0.5,0,167.5,450,0.0,0.0,1.0,-15917.3,0.412
3461,18,mall_medium,0.8333,0,189.3,450,0.0,0.0,1.0,-11274.5,0.4102
3462,18,mall_medium,0.5833,0,126.0,450,0.04,0.0176,1.0146,-13308.76,0.4081
3463,18,mall_medium,0.4167,0,49.2,450,0.0833,0.0764,1.025,-14919.91,0.4059
3464,18,mall_medium,0.4167,0,119.6,450,0.0,0.0,1.0,-16340.65,0.4035
3465,18,mall_medium,0.4167,0,198.0,450,0.0,0.0,1.0,-18355.92,0.4008
3466,18,mall_medium,0.75,0,170.22,450,0.0017,0.0,1.0009,-12044.21,0.399
3467,18,mall_medium,0.75,0,201.89,450,0.0,0.0,1.0,-13040.9,0.3969
3468,18,mall_medium,0.5,0,133.83,450,0.0,0.0,1.0,-15169.92,0.3947
3469,18,mall_medium,0.4167,0,169.4,450,0.1667,0.1389,1.05,-17971.72,0.3921
3470,18,mall_medium,0.5,0,75.0,450,0.1667,0.1389,1.05,-13955.27,0.39
3471,18,mall_medium,0.8333,0,146.7,450,0.0,0.0,1.0,-9184.74,0.3885
3472,18,mall_medium,0.8333,0,111.0,450,0.0,0.0,1.0,-7626.92,0.3872
3473,18,mall_medium,0.5833,0,88.43,450,0.0,0.0,1.0,-12081.15,0.3853
3474,18,mall_medium,0.75,0,154.78,450,0.0,0.0,1.0,-11098.25,0.3836
3475,18,mall_medium,0.6667,0,90.62,450,0.0833,0.0764,1.025,-10487.98,0.3819
3476,18,mall_medium,0.5,0,169.0,450,0.0,0.0,1.0,-16095.72,0.3795
3477,18,mall_medium,0.8333,0,153.7,450,0.0,0.0,1.0,-9550.46,0.378
3478,18,mall_medium,0.8333,0,122.4,450,0.0,0.0,1.0,-8185.43,0.3766
3479,18,mall_medium,0.5833,0,113.0,450,0.0,0.0,1.0,-12706.93,0.3746
3480,18,mall_medium,0.75,0,127.56,450,0.0,0.0,1.0,-10154.57,0.373
3481,18,mall_medium,0.9167,0,119.36,450,0.0,0.0,1.0,-6316.67,0.3719
3482,18,mall_medium,0.5833,0,162.71,450,0.0,0.0,1.0,-14583.04,0.3697
3483,18,mall_medium,0.5,0,85.17,450,0.0,0.0,1.0,-13959.73,0.3676
3484,18,mall_medium,0.6667,0,101.38,450,0.0,0.0,1.0,-10694.57,0.3659
3485,18,mall_medium,0.75,0,160.0,450,0.0,0.0,1.0,-11198.13,0.3641
3486,18,mall_medium,0.75,0,95.67,450,0.0,0.0,1.0,-8779.11,0.3627
3487,18,mall_medium,0.6667,0,108.25,450,0.0,0.0,1.0,-10832.35,0.3609
3488,18,mall_medium,0.9167,0,88.82,450,0.0,0.0,1.0,-4765.09,0.36
3489,18,mall_medium,0.75,0,134.78,450,0.0,0.0,1.0,-9896.74,0.3584
3490,18,mall_medium,1.0,1,148.67,390,0.0,0.0,1.0,-6272.69,0.3572
3491,18,mall_medium,1.0,1,139.25,436,0.0,0.0,1.0,-5638.12,0.3561
3492,18,mall_medium,1.0,1,120.75,269,0.0,0.0,1.0,-4600.62,0.3552
3493,18,mall_medium,0.9167,0,122.0,450,0.0,0.0,1.0,-6280.26,0.354
3494,18,mall_medium,0.5833,0,98.29,450,0.0,0.0,1.0,-12360.04,0.3521
3495,18,mall_medium,0.8333,0,118.7,450,0.0,0.0,1.0,-7916.95,0.3508
3496,18,mall_medium,0.75,0,142.78,450,0.0,0.0,1.0,-10430.03,0.3491
3497,18,mall_medium,0.75,0,100.67,450,0.0,0.0,1.0,-8969.76,0.3476
3498,18,mall_medium,1.0,1,125.83,293,0.0,0.0,1.0,-4894.75,0.3466
3499,18,mall_medium,0.9167,0,171.45,450,0.0,0.0,1.0,-8746.09,0.3451
3500,18,mall_medium,0.9167,0,155.55,450,0.0,0.0,1.0,-8205.95,0.3437
3501,18,mall_medium,0.9167,0,169.27,450,0.0,0.0,1.0,-8796.41,0.3422
3502,18,mall_medium,0.8333,0,121.1,450,0.0,0.0,1.0,-8000.76,0.3409
3503,18,mall_medium,1.0,1,160.5,374,0.0,0.0,1.0,-6848.34,0.3396
3504,18,mall_medium,0.8333,0,124.6,450,0.0,0.0,1.0,-8069.38,0.3382
3505,18,mall_medium,0.8333,0,110.8,450,0.0,0.0,1.0,-7522.17,0.3369
3506,18,mall_medium,0.6667,0,79.62,450,0.0,0.0,1.0,-10081.12,0.3354
3507,18,mall_medium,0.75,0,148.0,450,0.0,0.0,1.0,-10830.57,0.3336
3508,18,mall_medium,0.8333,0,118.9,450,0.0,0.0,1.0,-8110.0,0.3323
3509,18,mall_medium,0.9167,0,156.09,450,0.0,0.0,1.0,-8059.28,0.3309
3510,18,mall_medium,0.75,0,76.22,450,0.0,0.0,1.0,-7754.26,0.3296
3511,18,mall_medium,0.6667,0,223.5,450,0.0,0.0,1.0,-14937.8,0.3272
3512,18,mall_medium,0.8333,0,137.0,450,0.0,0.0,1.0,-8820.91,0.3258
3513,18,mall_medium,0.8333,0,111.9,450,0.0,0.0,1.0,-7692.14,0.3245
3514,18,mall_medium,1.0,1,87.58,206,0.0,0.0,1.0,-2818.78,0.3238
3515,18,mall_medium,0.9167,0,115.36,450,0.0,0.0,1.0,-6124.83,0.3227
3516,18,mall_medium,0.9167,0,99.0,450,0.0,0.0,1.0,-5186.27,0.3217
3517,18,mall_medium,1.0,1,116.0,340,0.0,0.0,1.0,-4394.8,0.3208
3518,18,mall_medium,0.9167,0,111.91,450,0.0,0.0,1.0,-6013.6,0.3197
3519,18,mall_medium,0.6667,0,125.38,450,0.0,0.0,1.0,-11576.36,0.3179
3520,18,mall_medium,0.6667,0,171.5,450,0.0,0.0,1.0,-13760.58,0.3158
3521,18,mall_medium,0.8333,0,154.4,450,0.0,0.0,1.0,-9620.33,0.3142
3522,18,mall_medium,0.9167,0,133.18,450,0.01,0.0011,1.0027,-6971.9,0.313
3523,18,mall_medium,1.0,1,137.75,381,0.0,0.0,1.0,-5595.3,0.3119
3524,18,mall_medium,1.0,1,105.92,345,0.0,0.0,1.0,-3786.53,0.3111
3525,18,mall_medium,1.0,1,101.42,220,0.0,0.0,1.0,-3598.03,0.3103
3526,18,mall_medium,0.9167,0,110.73,450,0.0,0.0,1.0,-6069.62,0.3093
3527,18,mall_medium,1.0,1,124.58,354,0.0217,0.0052,1.0127,-4904.77,0.3083
3528,18,mall_medium,0.9167,0,93.91,450,0.0,0.0,1.0,-4842.87,0.3073
3529,18,mall_medium,0.8333,0,125.2,450,0.0,0.0,1.0,-8254.38,0.3059
3530,18,mall_medium,0.6667,0,72.75,450,0.0,0.0,1.0,-9676.14,0.3044
3531,18,mall_medium,0.8333,0,143.7,450,0.0,0.0,1.0,-8866.08,0.3029
3532,18,mall_medium,0.5833,0,106.14,450,0.0,0.0,1.0,-12682.38,0.3009
3533,18,mall_medium,0.6667,0,121.88,450,0.0,0.0,1.0,-11281.93,0.2991
3534,18,mall_medium,0.75,0,95.67,450,0.0,0.0,1.0,-8856.42,0.2977
3535,18,mall_medium,0.9167,0,156.82,450,0.0,0.0,1.0,-8016.64,0.2963
3536,18,mall_medium,0.9167,0,91.0,450,0.0,0.0,1.0,-4727.8,0.2954
3537,18,mall_medium,0.8333,0,142.0,450,0.0,0.0,1.0,-8858.93,0.2939
3538,18,mall_medium,0.75,0,94.22,450,0.02,0.0044,1.0101,-8770.5,0.2925
3539,18,mall_medium,0.8333,0,115.0,450,0.0,0.0,1.0,-7717.26,0.2911
3540,18,mall_medium,0.5,0,113.17,450,0.0,0.0,1.0,-15111.11,0.2889
3541,18,mall_medium,0.75,0,130.89,450,0.0,0.0,1.0,-10131.47,0.2873
3542,18,mall_medium,0.75,0,147.67,450,0.0,0.0,1.0,-10826.46,0.2856
3543,18,mall_medium,0.8333,0,92.4,450,0.0,0.0,1.0,-6646.66,0.2844
3544,18,mall_medium,0.9167,0,169.09,450,0.0,0.0,1.0,-8575.7,0.2829
3545,18,mall_medium,0.8333,0,126.6,450,0.0,0.0,1.0,-8118.89,0.2815
3546,18,mall_medium,0.6667,0,84.12,450,0.0,0.0,1.0,-9972.67,0.2799
3547,18,mall_medium,0.5833,0,107.71,450,0.0,0.0,1.0,-12539.71,0.278
3548,18,mall_medium,0.5833,0,58.29,450,0.0,0.0,1.0,-11089.92,0.2762
3549,18,mall_medium,0.75,0,111.56,450,0.0,0.0,1.0,-9406.66,0.2747
3550,18,mall_medium,0.3333,0,104.0,450,0.0133,0.002,1.004,-17681.41,0.2721
3551,18,mall_medium,0.5833,0,86.71,450,0.0,0.0,1.0,-12106.95,0.2703
3552,18,mall_medium,0.3333,0,62.5,450,0.0,0.0,1.0,-17033.65,0.2678
3553,18,mall_medium,0.5833,0,112.29,450,0.0,0.0,1.0,-12702.4,0.2658
3554,18,mall_medium,0.8333,0,117.0,450,0.0,0.0,1.0,-7856.56,0.2645
3555,18,mall_medium,0.75,0,127.0,450,0.0,0.0,1.0,-10186.19,0.2629
3556,18,mall_medium,0.8333,0,147.1,450,0.0,0.0,1.0,-9187.98,0.2613
3557,18,mall_medium,0.9167,0,100.64,450,0.0,0.0,1.0,-5342.75,0.2603
3558,18,mall_medium,0.9167,0,96.18,450,0.0,0.0,1.0,-5124.34,0.2593
3559,18,mall_medium,1.0,1,93.17,194,0.0,0.0,1.0,-3076.4,0.2586
3560,18,mall_medium,0.9167,0,100.27,450,0.0,0.0,1.0,-5270.76,0.2576
3561,18,mall_medium,1.0,1,102.92,355,0.0,0.0,1.0,-3786.98,0.2568
3562,18,mall_medium,1.0,1,107.17,283,0.0,0.0,1.0,-3901.44,0.256
3563,18,mall_medium,0.9167,0,118.09,450,0.0,0.0,1.0,-6158.94,0.2549
3564,18,mall_medium,0.8333,0,127.2,450,0.0,0.0,1.0,-8247.35,0.2535
3565,18,mall_medium,0.9167,0,159.36,450,0.0,0.0,1.0,-8197.66,0.252
3566,18,mall_medium,1.0,1,86.83,262,0.0,0.0,1.0,-2688.5,0.2514
3567,18,mall_medium,0.9167,0,112.0,450,0.0,0.0,1.0,-5777.49,0.2503
3568,18,mall_medium,0.9167,0,77.18,450,0.0,0.0,1.0,-4197.38,0.2494
3569,18,mall_medium,0.9167,0,69.18,450,0.0,0.0,1.0,-3755.87,0.2486
3570,18,mall_medium,1.0,1,116.67,310,0.0,0.0,1.0,-4308.41,0.2477
3571,18,mall_medium,0.9167,0,77.82,450,0.0,0.0,1.0,-4222.81,0.2469
3572,18,mall_medium,1.0,1,103.92,227,0.0,0.0,1.0,-3779.51,0.2461
3573,18,mall_medium,1.0,1,104.17,358,0.0,0.0,1.0,-3804.33,0.2453
3574,18,mall_medium,0.8333,0,99.9,450,0.0,0.0,1.0,-6887.97,0.244
3575,18,mall_medium,0.8333,0,96.5,450,0.0,0.0,1.0,-6787.28,0.2428
3576,18,mall_medium,1.0,1,120.0,344,0.0,0.0,1.0,-4614.92,0.2419
3577,18,mall_medium,0.9167,0,173.45,450,0.0,0.0,1.0,-8863.48,0.2404
3578,18,mall_medium,1.0,1,102.92,309,0.0,0.0,1.0,-3537.89,0.2396
3579,18,mall_medium,1.0,1,127.5,354,0.0,0.0,1.0,-5079.35,0.2386
3580,18,mall_medium,0.8333,0,88.7,450,0.0,0.0,1.0,-6612.67,0.2374
3581,18,mall_medium,0.75,0,63.78,450,0.0,0.0,1.0,-7495.93,0.2362
3582,18,mall_medium,0.6667,0,98.5,450,0.0,0.0,1.0,-10448.18,0.2345
3583,18,mall_medium,0.5833,0,103.57,450,0.0,0.0,1.0,-12517.97,0.2326
3584,18,mall_medium,0.75,0,61.44,450,0.0,0.0,1.0,-7335.36,0.2314
3585,18,mall_medium,1.0,1,111.25,270,0.0,0.0,1.0,-4126.12,0.2305
3586,19,hazard_dense_office,0.25,0,237.0,450,0.25,0.1875,1.075,-23249.92,0.9974
3587,19,hazard_dense_office,0.0833,0,62.0,450,0.275,0.1819,1.075,-25788.63,0.9947
3588,19,hazard_dense_office,0.1667,0,192.5,450,0.25,0.1875,1.0745,-24604.44,0.992
3589,19,hazard_dense_office,0.1667,0,295.0,450,0.2967,0.1775,1.0895,-25652.32,0.9892
3590,19,hazard_dense_office,0.0833,0,72.0,450,0.1167,0.0831,1.0384,-24127.94,0.9865
3591,19,hazard_dense_office,0.1667,0,179.5,450,0.385,0.2171,1.1225,-24074.48,0.9839
3592,19,hazard_dense_office,0.25,0,162.0,450,0.1867,0.1366,1.0601,-22652.86,0.9814
3593,19,hazard_dense_office,0.1667,0,230.0,450,0.39,0.1912,1.1331,-25224.39,0.9787
3594,19,hazard_dense_office,0.25,0,379.67,450,0.3933,0.2218,1.125,-27496.04,0.9759
3595,19,hazard_dense_office,0.25,0,185.67,450,0.3683,0.2124,1.1044,-23870.46,0.9734
3596,19,hazard_dense_office,0.3333,0,304.25,450,0.415,0.2411,1.1199,-25512.92,0.9707
3597,19,hazard_dense_office,0.1667,0,218.5,450,0.4167,0.2431,1.1248,-26084.96,0.968
3598,19,hazard_dense_office,0.1667,0,188.0,450,0.3633,0.2121,1.1025,-24006.17,0.9654
3599,19,hazard_dense_office,0.1667,0,148.0,450,0.3633,0.2121,1.1029,-25311.66,0.9628
3600,19,hazard_dense_office,0.3333,0,132.0,450,0.4167,0.2431,1.125,-21152.03,0.9605
3601,19,hazard_dense_office,0.1667,0,227.0,450,0.3517,0.1906,1.1125,-25209.33,0.9578
3602,19,hazard_dense_office,0.1667,0,231.5,450,0.3333,0.2222,1.1,-25017.33,0.9551
3603,19,hazard_dense_office,0.1667,0,110.5,450,0.3967,0.2241,1.1236,-24003.8,0.9526
3604,19,hazard_dense_office,0.1667,0,149.0,450,0.3333,0.2222,1.0973,-24569.6,0.9499
3605,19,hazard_dense_office,0.0,0,450,450,0.45,0.2211,1.1381,-28931.8,0.947
3606,19,hazard_dense_office,0.25,0,193.33,450,0.3783,0.2145,1.1076,-24503.93,0.9445
3607,19,hazard_dense_office,0.25,0,282.0,450,0.3333,0.2222,1.1,-25347.35,0.9418
3608,19,hazard_dense_office,0.4167,0,188.2,450,0.4333,0.2322,1.125,-21141.93,0.9396
3609,19,hazard_dense_office,0.0833,0,23.0,450,0.38,0.2151,1.1176,-25735.62,0.9369
3610,19,hazard_dense_office,0.1667,0,338.5,450,0.6667,0.2222,1.1999,-28232.45,0.9341
3611,19,hazard_dense_office,0.25,0,111.67,450,0.4167,0.2431,1.125,-22952.14,0.9317
3612,19,hazard_dense_office,0.25,0,268.33,450,0.3333,0.2222,1.1,-25166.21,0.929
3613,19,hazard_dense_office,0.25,0,285.33,450,0.29,0.1851,1.0876,-24335.65,0.9263
3614,19,hazard_dense_office,0.3333,0,283.5,450,0.5,0.25,1.15,-25597.35,0.9238
3615,19,hazard_dense_office,0.0833,0,144.0,450,0.6667,0.2222,1.1998,-27374.42,0.921
3616,19,hazard_dense_office,0.3333,0,261.75,450,0.3333,0.2222,1.1,-23119.15,0.9185
3617,19,hazard_dense_office,0.25,0,108.0,450,0.4,0.2267,1.125,-22949.11,0.9161
3618,19,hazard_dense_office,0.25,0,239.67,450,0.4167,0.2431,1.1243,-24375.93,0.9135
3619,19,hazard_dense_office,0.25,0,214.0,450,0.3333,0.2222,1.1,-24128.28,0.9109
3620,19,hazard_dense_office,0.3333,0,163.0,450,0.53,0.2299,1.1511,-21986.01,0.9086
3621,19,hazard_dense_office,0.1667,0,170.5,450,0.54,0.2276,1.1605,-25210.74,0.906
3622,19,hazard_dense_office,0.25,0,174.0,450,0.3333,0.2222,1.1,-23397.26,0.9035
3623,19,hazard_dense_office,0.25,0,272.0,450,0.3567,0.2127,1.1119,-25119.18,0.9008
3624,19,hazard_dense_office,0.4167,0,154.4,450,0.3883,0.2188,1.1092,-19648.28,0.8987
3625,19,hazard_dense_office,0.25,0,263.33,450,0.5,0.25,1.15,-24713.26,0.8961
3626,19,hazard_dense_office,0.4167,0,241.2,450,0.5,0.25,1.1496,-22050.86,0.8937
3627,19,hazard_dense_office,0.3333,0,228.25,450,0.4167,0.2431,1.1249,-22249.15,0.8912
3628,19,hazard_dense_office,0.4167,0,210.4,450,0.4167,0.2431,1.125,-20648.88,0.8889
3629,19,hazard_dense_office,0.1667,0,116.0,450,0.5,0.25,1.15,-24999.92,0.8864
3630,19,hazard_dense_office,0.3333,0,193.0,450,0.3333,0.2222,1.1,-21743.01,0.884
3631,19,hazard_dense_office,0.1667,0,187.0,450,0.4167,0.2431,1.1246,-25885.48,0.8813
3632,19,hazard_dense_office,0.1667,0,159.0,450,0.5083,0.2424,1.1519,-24818.26,0.8787
3633,19,hazard_dense_office,0.25,0,287.0,450,0.5,0.25,1.15,-25171.45,0.876
3634,19,hazard_dense_office,0.25,0,134.67,450,0.3333,0.2222,1.1,-22270.41,0.8736
3635,19,hazard_dense_office,0.25,0,268.33,450,0.3333,0.2222,1.1,-25115.73,0.871
3636,19,hazard_dense_office,0.3333,0,203.0,450,0.25,0.1875,1.075,-21935.47,0.8686
3637,19,hazard_dense_office,0.3333,0,121.0,450,0.4167,0.2431,1.1232,-20441.77,0.8663
3638,19,hazard_dense_office,0.4167,0,195.6,450,0.25,0.1875,1.075,-19865.1,0.8641
3639,19,hazard_dense_office,0.1667,0,278.5,450,0.3333,0.2222,1.1,-25330.45,0.8613
3640,19,hazard_dense_office,0.1667,0,44.5,450,0.4167,0.2431,1.1256,-23855.55,0.8588
3641,19,hazard_dense_office,0.25,0,135.33,450,0.5833,0.2431,1.1747,-23644.13,0.8564
3642,19,hazard_dense_office,0.1667,0,289.0,450,0.5,0.25,1.15,-26465.96,0.8536
3643,19,hazard_dense_office,0.3333,0,266.0,450,0.4167,0.2431,1.125,-24078.42,0.8511
3644,19,hazard_dense_office,0.25,0,89.67,450,0.4167,0.2431,1.125,-22762.51,0.8487
3645,19,hazard_dense_office,0.25,0,126.0,450,0.5833,0.2431,1.175,-23942.88,0.8463
3646,19,hazard_dense_office,0.25,0,149.0,450,0.4167,0.2431,1.125,-24057.54,0.8439
3647,19,hazard_dense_office,0.3333,0,105.5,450,0.0933,0.0758,1.025,-19509.55,0.8417
3648,19,hazard_dense_office,0.3333,0,134.0,450,0.3333,0.2222,1.1,-21292.36,0.8394
3649,19,hazard_dense_office,0.4167,0,126.2,450,0.5,0.25,1.15,-19230.06,0.8374
3650,19,hazard_dense_office,0.25,0,178.67,450,0.5833,0.2431,1.175,-24048.37,0.8349
3651,19,hazard_dense_office,0.25,0,144.0,450,0.5617,0.2302,1.175,-24085.44,0.8324
3652,19,hazard_dense_office,0.3333,0,157.75,450,0.4167,0.2431,1.125,-21944.37,0.8301
3653,19,hazard_dense_office,0.3333,0,114.75,450,0.6667,0.2222,1.1999,-21337.14,0.8279
3654,19,hazard_dense_office,0.25,0,270.0,450,0.3333,0.2222,1.1,-24126.9,0.8253
3655,19,hazard_dense_office,0.25,0,168.0,450,0.5833,0.2431,1.175,-24552.26,0.8228
3656,19,hazard_dense_office,0.25,0,105.33,450,0.5,0.25,1.15,-23022.78,0.8204
3657,19,hazard_dense_office,0.3333,0,149.75,450,0.5,0.25,1.15,-21553.25,0.8181
3658,19,hazard_dense_office,0.1667,0,285.0,450,0.6717,0.1669,1.1874,-27120.36,0.8154
3659,19,hazard_dense_office,0.3333,0,107.75,450,0.4967,0.2468,1.15,-20534.03,0.8132
3660,19,hazard_dense_office,0.25,0,186.33,450,0.5,0.25,1.15,-23911.18,0.8107
3661,19,hazard_dense_office,0.3333,0,96.25,450,0.5,0.25,1.1504,-21128.97,0.8085
3662,19,hazard_dense_office,0.1667,0,280.5,450,0.6667,0.2222,1.2,-27453.88,0.8057
3663,19,hazard_dense_office,0.25,0,110.0,450,0.5833,0.2431,1.1738,-23775.62,0.8034
3664,19,hazard_dense_office,0.25,0,108.0,450,0.6667,0.2222,1.2,-23626.33,0.801
3665,19,hazard_dense_office,0.25,0,222.33,450,0.5833,0.2431,1.175,-26594.69,0.7984
3666,19,hazard_dense_office,0.0833,0,259.0,450,0.8183,0.1354,1.25,-30012.36,0.7956
3667,19,hazard_dense_office,0.25,0,133.67,450,0.5833,0.2431,1.175,-24113.03,0.7931
3668,19,hazard_dense_office,0.1667,0,223.5,450,0.5833,0.2431,1.1751,-26700.73,0.7904
3669,19,hazard_dense_office,0.1667,0,75.0,450,0.5833,0.2431,1.174,-24178.96,0.7879
3670,19,hazard_dense_office,0.3333,0,188.75,450,0.4167,0.2431,1.125,-21862.21,0.7855
3671,19,hazard_dense_office,0.25,0,115.0,450,0.6667,0.2222,1.2,-24595.86,0.7832
3672,19,hazard_dense_office,0.25,0,165.67,450,0.4167,0.2431,1.125,-23721.56,0.7807
3673,19,hazard_dense_office,0.4167,0,114.6,450,0.5,0.25,1.15,-19643.8,0.7786
3674,19,hazard_dense_office,0.0833,0,21.0,450,0.6667,0.2222,1.2,-27381.31,0.7759
3675,19,hazard_dense_office,0.1667,0,136.5,450,0.5,0.25,1.15,-26178.53,0.7733
3676,19,hazard_dense_office,0.1667,0,312.5,450,0.5833,0.2431,1.1748,-26842.21,0.7705
3677,19,hazard_dense_office,0.3333,0,229.75,450,0.5,0.25,1.15,-22316.94,0.7681
3678,19,hazard_dense_office,0.4167,0,109.8,450,0.5,0.25,1.1467,-18604.32,0.7661
3679,19,hazard_dense_office,0.25,0,100.67,450,0.6667,0.2222,1.2,-24393.44,0.7637
3680,19,hazard_dense_office,0.25,0,240.67,450,0.6667,0.2222,1.2,-26818.15,0.7611
3681,19,hazard_dense_office,0.3333,0,188.5,450,0.5,0.25,1.15,-23050.08,0.7587
3682,19,hazard_dense_office,0.25,0,251.0,450,0.6667,0.2222,1.2,-27364.98,0.7561
3683,19,hazard_dense_office,0.25,0,171.33,450,0.4617,0.2198,1.15,-24374.94,0.7536
3684,19,hazard_dense_office,0.25,0,168.0,450,0.4167,0.2431,1.125,-25116.7,0.7511
3685,19,hazard_dense_office,0.3333,0,225.75,450,0.4167,0.2431,1.1251,-22552.19,0.7487
3686,19,hazard_dense_office,0.3333,0,124.75,450,0.4167,0.2431,1.125,-19990.87,0.7465
3687,19,hazard_dense_office,0.4167,0,198.6,450,0.3883,0.2188,1.1085,-20262.01,0.7442
3688,19,hazard_dense_office,0.3333,0,180.5,450,0.3333,0.2222,1.1,-21497.14,0.7419
3689,19,hazard_dense_office,0.5,0,198.17,450,0.58,0.2404,1.1749,-20698.33,0.7397
3690,19,hazard_dense_office,0.4167,0,140.0,450,0.5,0.25,1.15,-19179.55,0.7376
3691,19,hazard_dense_office,0.3333,0,84.25,450,0.5,0.25,1.15,-19592.3,0.7355
3692,19,hazard_dense_office,0.4167,0,198.8,450,0.6667,0.2222,1.2,-21551.49,0.7332
3693,19,hazard_dense_office,0.5833,0,173.71,450,0.3483,0.2147,1.1052,-17775.64,0.7313
3694,19,hazard_dense_office,0.5833,0,139.86,450,0.5833,0.2431,1.175,-16164.76,0.7296
3695,19,hazard_dense_office,0.5,0,183.0,450,0.3133,0.2,1.0988,-19284.87,0.7275
3696,19,hazard_dense_office,0.5,0,229.33,450,0.4167,0.2431,1.125,-20787.97,0.7253
3697,19,hazard_dense_office,0.25,0,170.67,450,0.5833,0.2431,1.175,-23986.78,0.7228
3698,19,hazard_dense_office,0.3333,0,275.75,450,0.5833,0.2431,1.175,-25855.98,0.7203
3699,19,hazard_dense_office,0.1667,0,176.5,450,0.31,0.1971,1.1,-24020.07,0.7176
3700,19,hazard_dense_office,0.0833,0,18.0,450,0.38,0.2037,1.1133,-24966.57,0.7149
3701,19,hazard_dense_office,0.0833,0,340.0,450,0.5,0.25,1.15,-27259.69,0.712
3702,19,hazard_dense_office,0.3333,0,185.25,450,0.49,0.2411,1.15,-22831.87,0.7097
3703,19,hazard_dense_office,0.25,0,186.67,450,0.2983,0.189,1.0901,-22601.92,0.7072
3704,19,hazard_dense_office,0.3333,0,126.25,450,0.5,0.25,1.15,-21008.91,0.7049
3705,19,hazard_dense_office,0.1667,0,206.0,450,0.5,0.25,1.15,-25361.82,0.7022
3706,19,hazard_dense_office,0.25,0,191.0,450,0.4433,0.2287,1.1379,-24629.42,0.6997
3707,19,hazard_dense_office,0.3333,0,127.0,450,0.4167,0.2431,1.1248,-20525.55,0.6975
3708,19,hazard_dense_office,0.1667,0,220.5,450,0.2933,0.1865,1.0908,-24184.36,0.6948
3709,19,hazard_dense_office,0.0833,0,56.0,450,0.5517,0.2277,1.1706,-25283.58,0.6921
3710,19,hazard_dense_office,0.1667,0,72.5,450,0.4417,0.2291,1.1378,-23582.55,0.6895
3711,19,hazard_dense_office,0.0833,0,53.0,450,0.25,0.1054,1.088,-25398.02,0.6868
3712,19,hazard_dense_office,0.3333,0,109.0,450,0.455,0.2233,1.1397,-20389.06,0.6846
3713,19,hazard_dense_office,0.4167,0,139.4,450,0.1533,0.1186,1.0465,-17523.79,0.6825
3714,19,hazard_dense_office,0.1667,0,124.5,450,0.3406,0.1925,1.1021,-22983.56,0.6799
3715,19,hazard_dense_office,0.25,0,136.33,450,0.2133,0.1473,1.0676,-21061.24,0.6775
3716,19,hazard_dense_office,0.25,0,126.0,450,0.425,0.2153,1.137,-21632.6,0.6751
3717,19,hazard_dense_office,0.3333,0,184.5,450,0.3333,0.2222,1.0998,-21272.73,0.6727
3718,19,hazard_dense_office,0.25,0,70.67,450,0.3283,0.2158,1.0956,-20479.5,0.6704
3719,19,hazard_dense_office,0.3333,0,145.0,450,0.155,0.1203,1.0503,-20225.49,0.6681
3720,19,hazard_dense_office,0.1667,0,32.5,450,0.3533,0.1815,1.125,-21751.55,0.6656
3721,19,hazard_dense_office,0.25,0,166.0,450,0.1552,0.1136,1.05,-21991.86,0.6632
3722,19,hazard_dense_office,0.3333,0,184.5,450,0.1667,0.1389,1.0489,-20323.09,0.6608
3723,19,hazard_dense_office,0.25,0,107.0,450,0.3383,0.153,1.0979,-21047.49,0.6584
3724,19,hazard_dense_office,0.1667,0,303.5,450,0.1917,0.1374,1.0529,-24082.94,0.6556
3725,19,hazard_dense_office,0.25,0,62.33,450,0.1667,0.1389,1.0474,-20214.37,0.6533
3726,19,hazard_dense_office,0.1667,0,83.0,450,0.3477,0.1844,1.1125,-22879.51,0.6508
3727,19,hazard_dense_office,0.3333,0,141.0,450,0.3333,0.2222,1.0995,-19718.69,0.6485
3728,19,hazard_dense_office,0.1667,0,198.5,450,0.2033,0.1303,1.0658,-23962.26,0.6459
3729,19,hazard_dense_office,0.0833,0,116.0,450,0.3917,0.2208,1.125,-24746.63,0.6431
3730,19,hazard_dense_office,0.1667,0,240.0,450,0.4167,0.2431,1.125,-24038.02,0.6404
3731,19,hazard_dense_office,0.25,0,106.33,450,0.6367,0.2121,1.1991,-22031.07,0.638
3732,19,hazard_dense_office,0.25,0,218.33,450,0.525,0.2101,1.1527,-23121.11,0.6354
3733,19,hazard_dense_office,0.3333,0,204.25,450,0.4017,0.228,1.1225,-22056.8,0.633
3734,19,hazard_dense_office,0.4167,0,112.4,450,0.3533,0.1935,1.1048,-17882.72,0.631
3735,19,hazard_dense_office,0.4167,0,172.6,450,0.0817,0.0642,1.0263,-18501.66,0.6288
3736,19,hazard_dense_office,0.25,0,100.67,450,0.2733,0.1645,1.0896,-20402.43,0.6265
3737,19,hazard_dense_office,0.4167,0,188.4,450,0.0833,0.0764,1.025,-18495.31,0.6242
3738,19,hazard_dense_office,0.25,0,53.67,450,0.4883,0.2398,1.1494,-21453.41,0.6219
3739,19,hazard_dense_office,0.4167,0,117.8,450,0.315,0.2015,1.0999,-18401.93,0.6199
3740,19,hazard_dense_office,0.3333,0,165.75,450,0.5,0.25,1.15,-21191.28,0.6176
3741,19,hazard_dense_office,0.25,0,57.0,450,0.165,0.1361,1.05,-19586.58,0.6153
3742,19,hazard_dense_office,0.1667,0,92.0,450,0.2133,0.1473,1.0553,-22369.91,0.6127
3743,19,hazard_dense_office,0.4167,0,229.4,450,0.1067,0.0763,1.0331,-20069.42,0.6104
3744,19,hazard_dense_office,0.5,0,140.5,450,0.1617,0.0882,1.0401,-16462.54,0.6085
3745,19,hazard_dense_office,0.3333,0,142.75,450,0.3333,0.2222,1.1,-20305.85,0.6062
3746,19,hazard_dense_office,0.0833,0,132.0,450,0.3281,0.1928,1.1033,-26885.76,0.6034
3747,19,hazard_dense_office,0.3333,0,173.0,450,0.0833,0.0764,1.025,-19925.95,0.6011
3748,19,hazard_dense_office,0.3333,0,217.5,450,0.1583,0.092,1.0518,-20889.91,0.5986
3749,19,hazard_dense_office,0.25,0,91.0,450,0.2464,0.1102,1.0892,-20519.38,0.5963
3750,19,hazard_dense_office,0.3333,0,100.0,450,0.2383,0.1715,1.0746,-19116.96,0.5941
3751,19,hazard_dense_office,0.4167,0,226.6,450,0.09,0.0758,1.025,-19587.98,0.5918
3752,19,hazard_dense_office,0.25,0,119.0,450,0.4717,0.2305,1.1505,-22183.11,0.5894
3753,19,hazard_dense_office,0.25,0,119.67,450,0.1242,0.0653,1.0501,-21478.41,0.587
3754,19,hazard_dense_office,0.5833,0,132.0,450,0.005,0.0003,1.0014,-13990.08,0.5852
3755,19,hazard_dense_office,0.4167,0,134.8,450,0.171,0.0917,1.0593,-17618.92,0.5832
3756,19,hazard_dense_office,0.25,0,71.33,450,0.14,0.0943,1.0472,-19905.85,0.5808
3757,19,hazard_dense_office,0.5,0,214.67,450,0.0883,0.0758,1.026,-18040.13,0.5787
3758,19,hazard_dense_office,0.4167,0,168.8,450,0.1167,0.0831,1.038,-17926.82,0.5765
3759,19,hazard_dense_office,0.3333,0,120.5,450,0.2109,0.1227,1.0699,-19585.81,0.5743
3760,19,hazard_dense_office,0.25,0,85.0,450,0.0833,0.0764,1.025,-20241.05,0.5719
3761,19,hazard_dense_office,0.25,0,118.33,450,0.2583,0.145,1.0894,-20511.15,0.5695
3762,19,hazard_dense_office,0.3333,0,176.0,450,0.1961,0.1219,1.0603,-20372.68,0.5672
3763,19,hazard_dense_office,0.4167,0,191.2,450,0.1667,0.1389,1.0501,-19024.17,0.5649
3764,19,hazard_dense_office,0.3333,0,289.5,450,0.1733,0.126,1.0541,-22441.79,0.5624
3765,19,hazard_dense_office,0.4167,0,115.6,450,0.0867,0.0506,1.0348,-17276.97,0.5603
3766,19,hazard_dense_office,0.1667,0,64.0,450,0.0833,0.0764,1.025,-22146.23,0.5578
3767,19,hazard_dense_office,0.25,0,270.33,450,0.145,0.1079,1.05,-22823.33,0.5552
3768,19,hazard_dense_office,0.3333,0,95.75,450,0.185,0.1159,1.0638,-18570.25,0.553
3769,19,hazard_dense_office,0.25,0,60.33,450,0.0833,0.0764,1.025,-19993.35,0.5507
3770,19,hazard_dense_office,0.25,0,74.67,450,0.2367,0.1695,1.075,-20246.72,0.5484
3771,19,hazard_dense_office,0.25,0,176.67,450,0.18,0.1263,1.0601,-21475.29,0.5459
3772,19,hazard_dense_office,0.25,0,174.67,450,0.1533,0.1178,1.05,-21468.34,0.5434
3773,19,hazard_dense_office,0.4167,0,109.6,450,0.1233,0.0873,1.0396,-16782.84,0.5414
3774,19,hazard_dense_office,0.1667,0,30.5,450,0.2183,0.1406,1.075,-21630.47,0.5389
3775,19,hazard_dense_office,0.0833,0,22.0,450,0.2233,0.1527,1.075,-24193.58,0.5362
3776,19,hazard_dense_office,0.25,0,183.33,450,0.2217,0.1488,1.075,-21489.14,0.5337
3777,19,hazard_dense_office,0.3333,0,145.5,450,0.3633,0.1951,1.1248,-19512.38,0.5314
3778,19,hazard_dense_office,0.4167,0,108.2,450,0.3083,0.1922,1.1,-17302.08,0.5294
3779,19,hazard_dense_office,0.1667,0,52.5,450,0.5117,0.1838,1.1712,-22127.76,0.5269
3780,19,hazard_dense_office,0.4167,0,294.6,450,0.4833,0.2364,1.1498,-22605.25,0.5243
3781,19,hazard_dense_office,0.4167,0,104.2,450,0.175,0.1119,1.06,-16731.68,0.5223
3782,19,hazard_dense_office,0.4167,0,96.6,450,0.1483,0.112,1.05,-16512.06,0.5204
3783,19,hazard_dense_office,0.5,0,125.33,450,0.1667,0.1389,1.05,-15417.03,0.5185
3784,19,hazard_dense_office,0.5,0,144.0,450,0.0,0.0,1.0,-15752.67,0.5165
3785,19,hazard_dense_office,0.5,0,208.5,450,0.1667,0.1389,1.05,-18165.93,0.5144
3786,19,hazard_dense_office,0.3333,0,54.5,450,0.0067,0.0005,1.0017,-17745.54,0.5123
3787,19,hazard_dense_office,0.0833,0,25.0,450,0.16,0.1283,1.0499,-23801.05,0.5096
3788,19,hazard_dense_office,0.4167,0,231.2,450,0.0883,0.0758,1.0247,-19676.35,0.5073
3789,19,hazard_dense_office,0.5833,0,149.43,450,0.1633,0.1335,1.0448,-14615.35,0.5055
3790,19,hazard_dense_office,0.25,0,137.33,450,0.25,0.1875,1.075,-20683.56,0.503
3791,19,hazard_dense_office,0.25,0,38.33,450,0.6417,0.2092,1.1999,-20044.05,0.5008
3792,19,hazard_dense_office,0.3333,0,136.5,450,0.3867,0.218,1.125,-19886.93,0.4985
3793,19,hazard_dense_office,0.0833,0,98.0,450,0.5883,0.2006,1.1877,-24483.06,0.4958
3794,19,hazard_dense_office,0.25,0,319.33,450,0.5567,0.2247,1.175,-24262.36,0.493
3795,19,hazard_dense_office,0.4167,0,87.2,450,0.5,0.25,1.15,-17949.84,0.4911
3796,19,hazard_dense_office,0.1667,0,28.0,450,0.655,0.2159,1.2,-23024.39,0.4886
3797,19,hazard_dense_office,0.1667,0,97.5,450,0.6883,0.1697,1.2083,-24795.37,0.486
3798,19,hazard_dense_office,0.5,0,152.5,450,0.4,0.2267,1.1195,-16830.69,0.4841
3799,19,hazard_dense_office,0.3333,0,206.5,450,0.3267,0.2138,1.1,-21537.39,0.4817
3800,19,hazard_dense_office,0.3333,0,38.5,450,0.4383,0.2302,1.1377,-17602.53,0.4796
3801,19,hazard_dense_office,0.5,0,141.33,450,0.2367,0.1695,1.07,-16196.0,0.4777
3802,19,hazard_dense_office,0.25,0,91.33,450,0.4483,0.2076,1.1494,-20930.24,0.4753
3803,19,hazard_dense_office,0.1667,0,221.0,450,0.3133,0.1978,1.0951,-23820.59,0.4726
3804,19,hazard_dense_office,0.1667,0,130.5,450,0.5,0.25,1.15,-22691.42,0.47
3805,19,hazard_dense_office,0.1667,0,86.0,450,0.5267,0.204,1.1739,-22300.83,0.4675
3806,19,hazard_dense_office,0.3333,0,113.5,450,0.3983,0.2254,1.1247,-19157.5,0.4653
3807,19,hazard_dense_office,0.25,0,93.0,450,0.455,0.2111,1.1479,-20655.0,0.4629
3808,19,hazard_dense_office,0.5,0,156.5,450,0.3,0.1866,1.0844,-16457.78,0.4609
3809,19,hazard_dense_office,0.4167,0,140.4,450,0.0117,0.0015,1.0033,-17623.74,0.4588
3810,19,hazard_dense_office,0.3333,0,201.5,450,0.4117,0.223,1.125,-21097.65,0.4564
3811,19,hazard_dense_office,0.4167,0,173.0,450,0.125,0.0869,1.0408,-18255.64,0.4543
3812,19,hazard_dense_office,0.6667,0,206.75,450,0.0833,0.0764,1.025,-15613.77,0.4524
3813,19,hazard_dense_office,0.5833,0,151.29,450,0.195,0.1175,1.0724,-15226.95,0.4506
3814,19,hazard_dense_office,0.4167,0,205.2,450,0.22,0.1476,1.0745,-19177.79,0.4483
3815,19,hazard_dense_office,0.4167,0,205.4,450,0.2867,0.1428,1.1006,-19406.09,0.446
3816,19,hazard_dense_office,0.25,0,120.0,450,0.3267,0.2044,1.1011,-21281.58,0.4436
3817,19,hazard_dense_office,0.5,0,265.0,450,0.19,0.1182,1.0626,-19848.71,0.4413
3818,19,hazard_dense_office,0.4167,0,130.8,450,0.1517,0.1154,1.0501,-18060.77,0.4392
3819,19,hazard_dense_office,0.4167,0,189.4,450,0.3333,0.2222,1.1003,-18739.83,0.437
3820,19,hazard_dense_office,0.5833,0,101.57,450,0.2167,0.1412,1.0742,-13522.88,0.4354
3821,19,hazard_dense_office,0.3333,0,108.0,450,0.25,0.1875,1.075,-19118.68,0.4332
3822,19,hazard_dense_office,0.4167,0,79.4,450,0.2183,0.143,1.075,-16661.28,0.4312
3823,19,hazard_dense_office,0.4167,0,138.8,450,0.2283,0.1594,1.0665,-17925.43,0.4292
3824,19,hazard_dense_office,0.3333,0,89.25,450,0.295,0.1831,1.0954,-19023.19,0.427
3825,19,hazard_dense_office,0.3333,0,160.5,450,0.215,0.1389,1.075,-20134.93,0.4247
3826,19,hazard_dense_office,0.5,0,64.33,450,0.3283,0.2158,1.0977,-14413.06,0.423
3827,19,hazard_dense_office,0.3333,0,110.75,450,0.3496,0.1844,1.1153,-19594.55,0.4208
3828,19,hazard_dense_office,0.25,0,78.67,450,0.25,0.1875,1.0751,-21005.06,0.4185
3829,19,hazard_dense_office,0.25,0,72.0,450,0.3467,0.2153,1.1041,-20566.44,0.4161
3830,19,hazard_dense_office,0.25,0,76.33,450,0.1717,0.1162,1.0571,-20280.31,0.4138
3831,19,hazard_dense_office,0.3333,0,82.5,450,0.2133,0.1473,1.0676,-18327.63,0.4117
3832,19,hazard_dense_office,0.1667,0,20.5,450,0.22,0.1503,1.0725,-22240.75,0.4092
3833,19,hazard_dense_office,0.5833,0,122.0,450,0.1667,0.1389,1.05,-13809.61,0.4075
3834,19,hazard_dense_office,0.25,0,105.33,450,0.2233,0.1513,1.075,-20825.66,0.4051
3835,19,hazard_dense_office,0.3333,0,236.0,450,0.0767,0.0647,1.025,-21290.17,0.4027
3836,19,hazard_dense_office,0.1667,0,24.5,450,0.645,0.2105,1.1999,-22674.41,0.4002
3837,19,hazard_dense_office,0.25,0,180.67,450,0.3033,0.1497,1.1086,-21983.9,0.3977
3838,19,hazard_dense_office,0.3333,0,112.0,450,0.5283,0.2305,1.1629,-19337.75,0.3955
3839,19,hazard_dense_office,0.4167,0,155.0,450,0.4983,0.2484,1.15,-19176.57,0.3933
3840,19,hazard_dense_office,0.5,0,160.83,450,0.3333,0.2222,1.1001,-17368.36,0.3913
3841,19,hazard_dense_office,0.5,0,104.17,450,0.21,0.1451,1.0658,-15320.59,0.3895
3842,19,hazard_dense_office,0.5833,0,173.71,450,0.3483,0.2147,1.1,-16796.84,0.3876
3843,19,hazard_dense_office,0.5833,0,139.86,450,0.1483,0.0734,1.0587,-14738.73,0.3859
3844,19,hazard_dense_office,0.3333,0,59.5,450,0.14,0.0793,1.049,-17591.07,0.3838
3845,19,hazard_dense_office,0.4167,0,141.4,450,0.1667,0.1389,1.0503,-18044.18,0.3817
3846,19,hazard_dense_office,0.5,0,143.17,450,0.235,0.1657,1.075,-16243.93,0.3798
3847,19,hazard_dense_office,0.6667,0,131.88,450,0.075,0.0619,1.025,-12590.66,0.3782
3848,19,hazard_dense_office,0.25,0,116.33,450,0.4217,0.2124,1.1377,-21313.7,0.3758
3849,19,hazard_dense_office,0.3333,0,58.0,450,0.4867,0.2386,1.15,-18499.68,0.3737
3850,19,hazard_dense_office,0.3333,0,168.0,450,0.4033,0.2051,1.1266,-20849.24,0.3714
3851,19,hazard_dense_office,0.4167,0,102.4,450,0.325,0.2119,1.1001,-17684.09,0.3694
3852,19,hazard_dense_office,0.3333,0,109.5,450,0.4067,0.232,1.125,-19287.43,0.3672
3853,19,hazard_dense_office,0.25,0,25.33,450,0.39,0.2198,1.1241,-20265.52,0.3649
3854,19,hazard_dense_office,0.3333,0,176.75,450,0.485,0.2361,1.1478,-21070.77,0.3626
3855,19,hazard_dense_office,0.1667,0,40.0,450,0.4748,0.1873,1.1452,-23304.99,0.3601
3856,19,hazard_dense_office,0.3333,0,126.25,450,0.3233,0.21,1.1,-19972.07,0.3579
3857,19,hazard_dense_office,0.25,0,151.67,450,0.5842,0.2031,1.17,-21424.99,0.3554
3858,19,hazard_dense_office,0.3333,0,142.75,450,0.2935,0.1865,1.0916,-19808.84,0.3531
3859,19,hazard_dense_office,0.25,0,247.33,450,0.3348,0.19,1.1,-23192.22,0.3505
3860,19,hazard_dense_office,0.0833,0,97.0,450,0.595,0.2115,1.1876,-25171.89,0.3478
3861,19,hazard_dense_office,0.4167,0,142.2,450,0.3767,0.2045,1.1233,-18676.56,0.3457
3862,19,hazard_dense_office,0.25,0,43.67,450,0.4533,0.2196,1.1416,-20976.6,0.3434
3863,19,hazard_dense_office,0.4167,0,49.2,450,0.3,0.1804,1.0896,-15989.91,0.3416
3864,19,hazard_dense_office,0.4167,0,111.8,450,0.4504,0.2275,1.1311,-18125.1,0.3395
3865,19,hazard_dense_office,0.3333,0,203.0,450,0.55,0.219,1.1751,-21462.55,0.3371
3866,19,hazard_dense_office,0.4167,0,180.8,450,0.2733,0.1724,1.0854,-20150.87,0.3349
3867,19,hazard_dense_office,0.5,0,96.83,450,0.3076,0.1753,1.0987,-14959.32,0.3331
3868,19,hazard_dense_office,0.5,0,206.33,450,0.0833,0.0764,1.025,-17521.77,0.331
3869,19,hazard_dense_office,0.4167,0,99.2,450,0.1816,0.1141,1.0627,-17067.74,0.329
3870,19,hazard_dense_office,0.4167,0,107.6,450,0.365,0.1989,1.1163,-17115.91,0.327
3871,19,hazard_dense_office,0.5833,0,135.29,450,0.3433,0.2167,1.1,-15079.82,0.3253
3872,19,hazard_dense_office,0.4167,0,128.0,450,0.4167,0.2431,1.125,-18329.88,0.3232
3873,19,hazard_dense_office,0.5,0,154.5,450,0.2317,0.1308,1.0851,-16342.71,0.3212
3874,19,hazard_dense_office,0.25,0,146.0,450,0.439,0.1986,1.1375,-21354.01,0.3188
3875,19,hazard_dense_office,0.4167,0,96.8,450,0.1667,0.1389,1.05,-17291.76,0.3168
3876,19,hazard_dense_office,0.6667,0,189.88,450,0.0533,0.0313,1.0147,-14966.39,0.315
3877,19,hazard_dense_office,0.4167,0,124.8,450,0.2948,0.1215,1.0848,-17393.44,0.3129
3878,19,hazard_dense_office,0.4167,0,165.6,450,0.305,0.1913,1.1002,-18726.75,0.3108
3879,19,hazard_dense_office,0.5,0,195.67,450,0.2533,0.1418,1.0892,-17825.17,0.3087
3880,19,hazard_dense_office,0.25,0,415.0,450,0.28,0.1622,1.1001,-25059.75,0.3058
3881,19,hazard_dense_office,0.1667,0,107.0,450,0.1183,0.07,1.0461,-22190.46,0.3032
3882,19,hazard_dense_office,0.25,0,114.0,450,0.5533,0.2212,1.1743,-20984.58,0.3008
3883,19,hazard_dense_office,0.1667,0,15.5,450,0.3167,0.1414,1.1144,-22069.9,0.2983
3884,19,hazard_dense_office,0.3333,0,191.75,450,0.4167,0.2431,1.1251,-20671.16,0.296
3885,19,hazard_dense_office,0.3333,0,208.75,450,0.3933,0.1838,1.1259,-20865.46,0.2935
3886,19,hazard_dense_office,0.0833,0,14.0,450,0.67,0.1657,1.2192,-23808.62,0.2908
3887,19,hazard_dense_office,0.3333,0,220.75,450,0.4585,0.215,1.1429,-21195.84,0.2884
3888,19,hazard_dense_office,0.25,0,91.67,450,0.5367,0.2113,1.1719,-20440.86,0.286
3889,19,hazard_dense_office,0.1667,0,16.5,450,0.587,0.1606,1.197,-22113.69,0.2836
3890,19,hazard_dense_office,0.4167,0,52.0,450,0.4683,0.2247,1.1338,-15986.67,0.2817
3891,19,hazard_dense_office,0.25,0,38.0,450,0.575,0.1917,1.1872,-20136.82,0.2795
3892,19,hazard_dense_office,0.3333,0,40.25,450,0.3683,0.1794,1.1184,-17685.55,0.2774
3893,19,hazard_dense_office,0.5,0,265.33,450,0.2933,0.1798,1.0979,-19576.65,0.2751
3894,19,hazard_dense_office,0.25,0,283.0,450,0.3683,0.1483,1.1281,-23033.64,0.2724
3895,19,hazard_dense_office,0.25,0,97.0,450,0.495,0.2247,1.1514,-20912.53,0.27
3896,19,hazard_dense_office,0.5,0,174.17,450,0.1926,0.1267,1.0616,-17142.3,0.268
3897,19,hazard_dense_office,0.3333,0,53.25,450,0.2885,0.1763,1.0937,-18374.83,0.2659
3898,19,hazard_dense_office,0.25,0,137.0,450,0.4533,0.2137,1.148,-21301.22,0.2635
3899,19,hazard_dense_office,0.5,0,184.33,450,0.2533,0.186,1.0761,-18182.29,0.2614
3900,19,hazard_dense_office,0.25,0,111.33,450,0.375,0.2104,1.1129,-20790.46,0.259
3901,19,hazard_dense_office,0.1667,0,34.0,450,0.2701,0.1647,1.0884,-21152.75,0.2565
3902,19,hazard_dense_office,0.25,0,63.0,450,0.1467,0.1082,1.0476,-19819.86,0.2542
3903,19,hazard_dense_office,0.1667,0,20.5,450,0.2683,0.1568,1.0811,-22087.67,0.2518
3904,19,hazard_dense_office,0.1667,0,64.0,450,0.4017,0.1966,1.1135,-21965.48,0.2492
3905,19,hazard_dense_office,0.3333,0,49.75,450,0.2383,0.1565,1.0771,-17569.31,0.2472
3906,19,hazard_dense_office,0.3333,0,54.75,450,0.2417,0.119,1.0838,-17601.77,0.2451
3907,19,hazard_dense_office,0.25,0,90.67,450,0.4843,0.2354,1.1494,-19833.93,0.2427
3908,19,hazard_dense_office,0.3333,0,58.75,450,0.3666,0.193,1.1249,-17805.03,0.2406
3909,19,hazard_dense_office,0.0833,0,49.0,450,0.5853,0.1865,1.1835,-25229.41,0.2379
3910,19,hazard_dense_office,0.25,0,90.33,450,0.45,0.1649,1.1482,-20144.15,0.2356
3911,19,hazard_dense_office,0.4167,0,100.8,450,0.3559,0.169,1.1136,-16615.41,0.2336
3912,19,hazard_dense_office,0.25,0,97.67,450,0.2849,0.1625,1.0987,-20748.99,0.2312
3913,19,hazard_dense_office,0.25,0,54.67,450,0.4694,0.1729,1.1467,-19816.8,0.2289
3914,19,hazard_dense_office,0.25,0,158.67,450,0.2799,0.1269,1.0939,-20931.27,0.2265
3915,19,hazard_dense_office,0.3333,0,95.0,450,0.2383,0.1435,1.0802,-18702.38,0.2243
3916,19,hazard_dense_office,0.4167,0,112.2,450,0.2383,0.1172,1.0694,-17309.9,0.2223
3917,19,hazard_dense_office,0.1667,0,198.0,450,0.525,0.1668,1.1754,-22934.01,0.2196
3918,19,hazard_dense_office,0.25,0,145.0,450,0.405,0.1905,1.132,-21211.5,0.2172
3919,19,hazard_dense_office,0.4167,0,126.8,450,0.355,0.1791,1.1016,-17315.22,0.2151
3920,19,hazard_dense_office,0.1667,0,112.0,450,0.4231,0.1882,1.1378,-22303.18,0.2125
3921,19,hazard_dense_office,0.25,0,52.33,450,0.2833,0.1284,1.0974,-19538.72,0.2102
3922,19,hazard_dense_office,0.25,0,31.67,450,0.5548,0.224,1.1662,-19326.08,0.208
3923,19,hazard_dense_office,0.3333,0,33.5,450,0.4533,0.1679,1.1421,-17343.15,0.2059
3924,19,hazard_dense_office,0.1667,0,44.5,450,0.3225,0.1531,1.1073,-21795.91,0.2034
3925,19,hazard_dense_office,0.25,0,163.33,450,0.5649,0.2294,1.1654,-21515.13,0.201
3926,19,hazard_dense_office,0.25,0,28.67,450,0.4,0.1842,1.1377,-19515.62,0.1987
3927,19,hazard_dense_office,0.0833,0,22.0,450,0.7067,0.1756,1.2196,-24222.14,0.196
3928,19,hazard_dense_office,0.1667,0,29.0,450,0.7017,0.1753,1.2218,-22325.34,0.1935
3929,19,hazard_dense_office,0.25,0,32.0,450,0.64,0.2086,1.2,-19425.75,0.1913
3930,19,hazard_dense_office,0.3333,0,217.5,450,0.6467,0.2126,1.1989,-21969.35,0.1888
3931,19,hazard_dense_office,0.1667,0,21.0,450,0.6133,0.2122,1.1879,-22762.44,0.1864
3932,19,hazard_dense_office,0.25,0,125.0,450,0.6133,0.2102,1.1888,-21951.82,0.1839
3933,19,hazard_dense_office,0.25,0,76.33,450,0.6083,0.2208,1.1752,-20727.2,0.1816
3934,19,hazard_dense_office,0.3333,0,214.5,450,0.53,0.2195,1.1646,-21818.86,0.1792
3935,19,hazard_dense_office,0.25,0,158.33,450,0.6833,0.1782,1.2128,-22091.11,0.1767
3936,19,hazard_dense_office,0.3333,0,27.0,450,0.725,0.1788,1.2247,-18381.53,0.1747
3937,19,hazard_dense_office,0.25,0,196.0,450,0.6867,0.177,1.2148,-22361.09,0.1722
3938,19,hazard_dense_office,0.1667,0,93.5,450,0.4933,0.2438,1.1482,-22457.68,0.1696
3939,19,hazard_dense_office,0.1667,0,48.5,450,0.465,0.2195,1.1453,-22657.81,0.1671
3940,19,hazard_dense_office,0.25,0,36.33,450,0.4683,0.2294,1.1411,-20323.05,0.1649
3941,19,hazard_dense_office,0.3333,0,101.5,450,0.6083,0.197,1.1871,-18549.31,0.1627
3942,19,hazard_dense_office,0.4167,0,70.8,450,0.35,0.1781,1.1203,-16335.33,0.1608
3943,19,hazard_dense_office,0.25,0,58.67,450,0.1867,0.1366,1.05,-20459.22,0.1585
3944,19,hazard_dense_office,0.1667,0,104.0,450,0.59,0.1644,1.1983,-23006.14,0.1559
3945,19,hazard_dense_office,0.0833,0,19.0,450,0.4717,0.2276,1.1448,-24807.79,0.1532
3946,19,hazard_dense_office,0.0833,0,225.0,450,0.685,0.1643,1.2204,-25024.79,0.1504
3947,19,hazard_dense_office,0.25,0,76.0,450,0.3817,0.2078,1.1175,-20697.41,0.148
3948,19,hazard_dense_office,0.1667,0,46.5,450,0.61,0.2007,1.1879,-22882.37,0.1455
3949,19,hazard_dense_office,0.1667,0,158.5,450,0.565,0.2073,1.1785,-23567.08,0.1429
3950,19,hazard_dense_office,0.25,0,103.67,450,0.4667,0.2255,1.15,-21093.11,0.1405
3951,19,hazard_dense_office,0.25,0,34.67,450,0.555,0.2218,1.175,-19470.41,0.1383
3952,19,hazard_dense_office,0.5,0,149.5,450,0.3333,0.2222,1.1,-16871.96,0.1363
3953,19,hazard_dense_office,0.1667,0,42.5,450,0.6283,0.2044,1.1916,-22125.63,0.1338
3954,19,hazard_dense_office,0.3333,0,153.25,450,0.4517,0.2222,1.126,-19642.78,0.1315
3955,19,hazard_dense_office,0.25,0,36.67,450,0.435,0.1699,1.1396,-19113.87,0.1293
3956,19,hazard_dense_office,0.0833,0,24.0,450,0.4117,0.1844,1.1261,-23846.54,0.1266
3957,19,hazard_dense_office,0.25,0,178.0,450,0.1917,0.0608,1.0606,-21373.76,0.1241
3958,19,hazard_dense_office,0.25,0,40.67,450,0.4417,0.1891,1.1396,-19685.15,0.1218
3959,19,hazard_dense_office,0.1667,0,92.5,450,0.5906,0.1458,1.2017,-22897.62,0.1192
3960,19,hazard_dense_office,0.1667,0,47.5,450,0.4255,0.1863,1.1396,-22067.24,0.1167
3961,19,hazard_dense_office,0.1667,0,40.0,450,0.4817,0.2354,1.1414,-22108.27,0.1142
3962,19,hazard_dense_office,0.3333,0,39.25,450,0.2967,0.1465,1.0851,-17678.11,0.1122
3963,19,hazard_dense_office,0.3333,0,44.75,450,0.1631,0.1047,1.0451,-17833.57,0.1101
3964,19,hazard_dense_office,0.3333,0,115.5,450,0.2783,0.1604,1.0882,-19182.99,0.1079
3965,19,hazard_dense_office,0.3333,0,164.0,450,0.3135,0.1466,1.1111,-19905.76,0.1056
3966,19,hazard_dense_office,0.0833,0,23.0,450,0.4283,0.2078,1.1298,-24732.77,0.1029
3967,19,hazard_dense_office,0.25,0,61.67,450,0.26,0.1556,1.0812,-20582.42,0.1006
3968,19,hazard_dense_office,0.25,0,92.67,450,0.3183,0.2035,1.1,-20477.07,0.0982
3969,19,hazard_dense_office,0.1667,0,65.0,450,0.4433,0.2225,1.1316,-22054.29,0.0957
3970,19,hazard_dense_office,0.1667,0,127.5,450,0.5025,0.1641,1.1625,-22842.65,0.0931
3971,19,hazard_dense_office,0.25,0,118.67,450,0.4183,0.1904,1.1412,-20753.97,0.0907
3972,19,hazard_dense_office,0.25,0,45.33,450,0.66,0.1789,1.2008,-19738.21,0.0884
3973,19,hazard_dense_office,0.25,0,63.67,450,0.6161,0.1963,1.1997,-19915.35,0.0861
3974,19,hazard_dense_office,0.1667,0,146.0,450,0.64,0.1786,1.2127,-23604.22,0.0835
3975,19,hazard_dense_office,0.3333,0,45.75,450,0.4133,0.2393,1.1247,-17377.54,0.0815
3976,19,hazard_dense_office,0.1667,0,65.5,450,0.7167,0.134,1.2212,-21910.16,0.0789
3977,19,hazard_dense_office,0.1667,0,107.5,450,0.343,0.1775,1.1103,-22211.63,0.0764
3978,19,hazard_dense_office,0.3333,0,74.25,450,0.5382,0.2121,1.1672,-18673.15,0.0742
3979,19,hazard_dense_office,0.3333,0,142.25,450,0.3334,0.1801,1.1042,-19361.12,0.072
3980,19,hazard_dense_office,0.25,0,49.67,450,0.5231,0.2301,1.1511,-19883.53,0.0697
3981,19,hazard_dense_office,0.1667,0,49.5,450,0.2617,0.1528,1.0861,-20972.51,0.0672
3982,19,hazard_dense_office,0.3333,0,59.5,450,0.2454,0.1517,1.0746,-17954.81,0.0651
3983,19,hazard_dense_office,0.0833,0,63.0,450,0.3474,0.1403,1.1133,-24168.77,0.0624
3984,19,hazard_dense_office,0.1667,0,45.0,450,0.1475,0.0336,1.0476,-21495.56,0.0599
3985,19,hazard_dense_office,0.1667,0,134.5,450,0.468,0.1888,1.1455,-22767.02,0.0573
3986,19,hazard_dense_office,0.1667,0,80.0,450,0.3816,0.1814,1.1153,-22106.78,0.0547
3987,19,hazard_dense_office,0.25,0,44.67,450,0.3609,0.1711,1.1222,-20061.75,0.0524
3988,19,hazard_dense_office,0.3333,0,97.75,450,0.3626,0.1723,1.1055,-18651.81,0.0503
3989,19,hazard_dense_office,0.3333,0,57.25,450,0.3233,0.2063,1.1009,-18012.88,0.05
3990,19,hazard_dense_office,0.1667,0,135.0,450,0.5243,0.2225,1.1518,-26152.45,0.05
3991,19,hazard_dense_office,0.3333,0,32.5,450,0.4605,0.1917,1.1408,-18526.02,0.05
3992,19,hazard_dense_office,0.1667,0,39.0,450,0.5091,0.1862,1.1562,-22881.05,0.05
3993,19,hazard_dense_office,0.1667,0,132.0,450,0.4798,0.2343,1.1496,-23451.66,0.05
3994,19,hazard_dense_office,0.3333,0,81.25,450,0.3754,0.1943,1.1232,-19310.65,0.05
3995,19,hazard_dense_office,0.25,0,34.0,450,0.515,0.2299,1.1601,-20319.17,0.05
3996,19,hazard_dense_office,0.1667,0,21.5,450,0.5396,0.2165,1.1733,-22306.38,0.05
3997,19,hazard_dense_office,0.3333,0,32.0,450,0.4901,0.206,1.1624,-18886.04,0.05
3998,19,hazard_dense_office,0.25,0,32.67,450,0.6049,0.1965,1.1813,-20143.34,0.05
3999,19,hazard_dense_office,0.3333,0,51.5,450,0.4217,0.1694,1.1439,-18266.47,0.05
4000,19,hazard_dense_office,0.1667,0,32.0,450,0.6281,0.1986,1.1966,-21881.09,0.05
4001,19,hazard_dense_office,0.25,0,44.67,450,0.6762,0.1638,1.225,-19777.8,0.05
4002,19,hazard_dense_office,0.25,0,36.67,450,0.5277,0.1668,1.1541,-20236.7,0.05
4003,19,hazard_dense_office,0.25,0,37.67,450,0.5938,0.1527,1.1976,-20249.97,0.05
4004,19,hazard_dense_office,0.0833,0,37.0,450,0.6623,0.1439,1.2142,-23775.99,0.05
4005,19,hazard_dense_office,0.25,0,22.67,450,0.5734,0.2358,1.1737,-20142.95,0.05
4006,19,hazard_dense_office,0.3333,0,34.0,450,0.6,0.2,1.1878,-17496.1,0.05
4007,19,hazard_dense_office,0.0833,0,64.0,450,0.5095,0.1763,1.1632,-23800.73,0.05
4008,19,hazard_dense_office,0.25,0,98.67,450,0.5111,0.2129,1.153,-20226.61,0.05
4009,19,hazard_dense_office,0.4167,0,95.2,450,0.2719,0.1318,1.0726,-17002.83,0.05
4010,19,hazard_dense_office,0.25,0,53.0,450,0.37,0.1679,1.1257,-19979.4,0.05
4011,19,hazard_dense_office,0.3333,0,72.75,450,0.3317,0.22,1.0986,-18346.36,0.05
4012,19,hazard_dense_office,0.3333,0,67.0,450,0.415,0.1926,1.1281,-18518.97,0.05
4013,19,hazard_dense_office,0.3333,0,63.0,450,0.5028,0.2042,1.1585,-17896.74,0.05
4014,19,hazard_dense_office,0.25,0,40.67,450,0.5743,0.1808,1.1756,-19742.57,0.05
4015,19,hazard_dense_office,0.25,0,140.0,450,0.3383,0.1984,1.1062,-21346.01,0.05
4016,19,hazard_dense_office,0.25,0,70.33,450,0.4317,0.1937,1.1348,-20404.46,0.05
4017,19,hazard_dense_office,0.3333,0,98.25,450,0.2467,0.1826,1.075,-19353.94,0.05
4018,19,hazard_dense_office,0.3333,0,48.5,450,0.4333,0.2122,1.1385,-18325.27,0.05
4019,19,hazard_dense_office,0.3333,0,126.25,450,0.3333,0.2222,1.1,-22634.02,0.05
4020,19,hazard_dense_office,0.25,0,58.0,450,0.3333,0.2222,1.1,-22300.48,0.05
4021,19,hazard_dense_office,0.3333,0,46.5,450,0.3333,0.2222,1.1,-19449.77,0.05
4022,19,hazard_dense_office,0.3333,0,40.75,450,0.0833,0.0764,1.025,-17647.22,0.05
4023,19,hazard_dense_office,0.0833,0,35.0,450,0.4167,0.2431,1.125,-25940.09,0.05
4024,19,hazard_dense_office,0.3333,0,381.75,450,0.25,0.1875,1.075,-25519.72,0.05
4025,19,hazard_dense_office,0.25,0,51.0,450,0.25,0.1875,1.075,-20129.02,0.05
4026,19,hazard_dense_office,0.4167,0,47.6,450,0.1667,0.1389,1.05,-15672.82,0.05
4027,19,hazard_dense_office,0.25,0,32.33,450,0.24,0.1736,1.0747,-19867.41,0.05
4028,19,hazard_dense_office,0.25,0,41.67,450,0.1767,0.1367,1.05,-21423.87,0.05
4029,19,hazard_dense_office,0.1667,0,49.0,450,0.3333,0.2022,1.0955,-23385.41,0.05
4030,19,hazard_dense_office,0.3333,0,43.75,450,0.175,0.1369,1.05,-18771.43,0.05
4031,19,hazard_dense_office,0.4167,0,39.8,450,0.3333,0.2222,1.1004,-16425.66,0.05
4032,19,hazard_dense_office,0.1667,0,46.0,450,0.2625,0.1824,1.0761,-22819.85,0.05
4033,19,hazard_dense_office,0.25,0,36.33,450,0.2733,0.1818,1.086,-21740.13,0.05
4034,19,hazard_dense_office,0.25,0,44.0,450,0.1667,0.1389,1.05,-20602.38,0.05
4035,19,hazard_dense_office,0.4167,0,57.0,450,0.1667,0.1389,1.0483,-16436.52,0.05
4036,19,hazard_dense_office,0.25,0,32.33,450,0.2833,0.1831,1.0884,-20742.05,0.05
4037,19,hazard_dense_office,0.4167,0,42.6,450,0.1667,0.1389,1.05,-15847.96,0.05
4038,19,hazard_dense_office,0.1667,0,38.0,450,0.25,0.1875,1.075,-22628.53,0.05
4039,19,hazard_dense_office,0.25,0,44.67,450,0.1433,0.1044,1.05,-20010.7,0.05
4040,19,hazard_dense_office,0.0833,0,24.0,450,0.1417,0.063,1.0518,-24083.03,0.05
4041,19,hazard_dense_office,0.4167,0,43.4,450,0.0833,0.0764,1.025,-15443.91,0.05
4042,19,hazard_dense_office,0.25,0,53.67,450,0.2276,0.1226,1.0826,-20196.84,0.05
4043,19,hazard_dense_office,0.4167,0,60.2,450,0.1317,0.094,1.0438,-16465.23,0.05
4044,19,hazard_dense_office,0.4167,0,50.0,450,0.065,0.0465,1.025,-15347.18,0.05
4045,19,hazard_dense_office,0.3333,0,50.5,450,0.115,0.0821,1.0382,-17892.91,0.05
4046,19,hazard_dense_office,0.1667,0,136.5,450,0.045,0.0223,1.0074,-23027.41,0.05
4047,19,hazard_dense_office,0.25,0,108.0,450,0.0833,0.0764,1.025,-20926.12,0.05
4048,19,hazard_dense_office,0.3333,0,194.0,450,0.1567,0.1233,1.05,-20843.5,0.05
4049,19,hazard_dense_office,0.1667,0,58.0,450,0.1667,0.1389,1.05,-22171.46,0.05
4050,19,hazard_dense_office,0.3333,0,61.75,450,0.05,0.0275,1.0158,-18440.54,0.05
4051,19,hazard_dense_office,0.3333,0,51.25,450,0.095,0.0759,1.025,-18264.11,0.05
4052,19,hazard_dense_office,0.1667,0,30.0,450,0.0367,0.007,1.0,-21824.79,0.05
4053,19,hazard_dense_office,0.4167,0,29.8,450,0.0083,0.0005,1.0029,-15168.8,0.05
4054,19,hazard_dense_office,0.3333,0,29.75,450,0.17,0.1262,1.0504,-17674.16,0.05
4055,19,hazard_dense_office,0.1667,0,16.0,450,0.1983,0.1394,1.0617,-22034.52,0.05
4056,19,hazard_dense_office,0.3333,0,25.5,450,0.0833,0.0764,1.025,-17474.32,0.05
4057,19,hazard_dense_office,0.3333,0,31.25,450,0.0567,0.0241,1.0125,-17048.3,0.05
4058,19,hazard_dense_office,0.1667,0,18.5,450,0.3567,0.1967,1.1138,-22360.27,0.05
4059,19,hazard_dense_office,0.3333,0,43.25,450,0.2383,0.1707,1.075,-17882.56,0.05
4060,19,hazard_dense_office,0.4167,0,26.4,450,0.0833,0.0764,1.025,-15236.45,0.05
4061,19,hazard_dense_office,0.4167,0,30.6,450,0.085,0.0761,1.0259,-15069.97,0.05
4062,19,hazard_dense_office,0.0833,0,10.0,450,0.4233,0.2017,1.1388,-23691.07,0.05
4063,19,hazard_dense_office,0.1667,0,57.5,450,0.2484,0.1441,1.0754,-21919.57,0.05
4064,19,hazard_dense_office,0.3333,0,34.5,450,0.09,0.0405,1.024,-17113.42,0.05
4065,19,hazard_dense_office,0.1667,0,16.0,450,0.25,0.1875,1.0746,-22324.31,0.05
4066,19,hazard_dense_office,0.1667,0,14.5,450,0.12,0.0851,1.0384,-20913.83,0.05
4067,19,hazard_dense_office,0.5,0,29.17,450,0.0983,0.0764,1.025,-13384.93,0.05
4068,19,hazard_dense_office,0.25,0,35.67,450,0.1667,0.1389,1.05,-19570.92,0.05
4069,19,hazard_dense_office,0.1667,0,35.5,450,0.1955,0.1121,1.0615,-21372.13,0.05
4070,19,hazard_dense_office,0.1667,0,34.5,450,0.1667,0.1389,1.0504,-21751.45,0.05
4071,19,hazard_dense_office,0.0833,0,21.0,450,0.23,0.1612,1.075,-23781.23,0.05
4072,19,hazard_dense_office,0.3333,0,39.5,450,0.1983,0.1355,1.0621,-17056.92,0.05
4073,19,hazard_dense_office,0.3333,0,58.5,450,0.2017,0.1295,1.0694,-17826.89,0.05
4074,19,hazard_dense_office,0.25,0,42.33,450,0.1667,0.1389,1.05,-19807.62,0.05
4075,19,hazard_dense_office,0.5,0,49.0,450,0.0,0.0,1.0,-13400.16,0.05
4076,19,hazard_dense_office,0.25,0,40.0,450,0.2283,0.1594,1.0719,-19834.27,0.05
4077,19,hazard_dense_office,0.3333,0,34.5,450,0.105,0.0673,1.0377,-17370.0,0.05
4078,19,hazard_dense_office,0.25,0,44.67,450,0.18,0.1364,1.0537,-19807.14,0.05
4079,19,hazard_dense_office,0.1667,0,20.0,450,0.21,0.1304,1.0656,-22734.85,0.05
4080,19,hazard_dense_office,0.3333,0,58.25,450,0.315,0.2015,1.1,-18127.27,0.05
4081,19,hazard_dense_office,0.25,0,49.33,450,0.275,0.1635,1.0911,-19727.22,0.05
4082,19,hazard_dense_office,0.25,0,52.33,450,0.275,0.1635,1.0824,-20470.79,0.05
4083,19,hazard_dense_office,0.4167,0,42.2,450,0.2117,0.1408,1.0724,-15647.95,0.05
4084,19,hazard_dense_office,0.3333,0,77.25,450,0.0,0.0,1.0,-18332.5,0.05
4085,19,hazard_dense_office,0.3333,0,101.25,450,0.2443,0.1792,1.0751,-18549.71,0.05
4086,20,library_hard,0.0833,0,39.0,450,0.045,0.0223,1.0166,-23782.43,0.9981
4087,20,library_hard,0.0833,0,280.0,450,0.0,0.0,1.0,-24446.46,0.9947
4088,20,library_hard,0.0833,0,38.0,450,0.0,0.0,1.0,-23263.03,0.9915
4089,20,library_hard,0.0833,0,146.0,450,0.0,0.0,1.0,-23958.57,0.9882
4090,20,library_hard,0.0833,0,204.0,450,0.0833,0.0764,1.0209,-24808.25,0.9848
4091,20,library_hard,0.0,0,450,450,0.0833,0.0764,1.025,-26325.26,0.9813
4092,20,library_hard,0.0833,0,163.0,450,0.0833,0.0764,1.025,-24420.78,0.978
4093,20,library_hard,0.0833,0,85.0,450,0.0833,0.0764,1.025,-23845.18,0.9748
4094,20,library_hard,0.0833,0,241.0,450,0.0,0.0,1.0,-24639.54,0.9714
4095,20,library_hard,0.1667,0,44.0,450,0.06,0.0186,1.0046,-21294.75,0.9684
4096,20,library_hard,0.0833,0,278.0,450,0.07,0.0539,1.025,-24525.69,0.9651
4097,20,library_hard,0.0833,0,78.0,450,0.01,0.0011,1.0,-23545.94,0.9618
4098,20,library_hard,0.0833,0,20.0,450,0.0,0.0,1.0,-23291.01,0.9586
4099,20,library_hard,0.0,0,450,450,0.0,0.0,1.0,-25223.48,0.9551
4100,20,library_hard,0.0833,0,85.0,450,0.0833,0.0764,1.025,-23667.89,0.9519
4101,20,library_hard,0.1667,0,216.0,450,0.0517,0.0294,1.0225,-23176.57,0.9487
4102,20,library_hard,0.0833,0,54.0,450,0.0,0.0,1.0,-23937.74,0.9454
4103,20,library_hard,0.0,0,450,450,0.0833,0.0764,1.0217,-25269.89,0.9419
4104,20,library_hard,0.25,0,229.33,450,0.0,0.0,1.0,-21914.26,0.9389
4105,20,library_hard,0.0833,0,435.0,450,0.0,0.0,1.0,-25328.51,0.9354
4106,20,library_hard,0.1667,0,59.0,450,0.0,0.0,1.0,-21454.83,0.9324
4107,20,library_hard,0.1667,0,137.5,450,0.0,0.0,1.0,-22682.78,0.9293
4108,20,library_hard,0.0833,0,78.0,450,0.0833,0.0764,1.025,-24312.22,0.9261
4109,20,library_hard,0.0833,0,124.0,450,0.05,0.0149,1.0046,-24272.05,0.9228
4110,20,library_hard,0.0833,0,15.0,450,0.0933,0.0758,1.0248,-23038.42,0.9196
4111,20,library_hard,0.0833,0,116.0,450,0.0833,0.0764,1.025,-23658.48,0.9163
4112,20,library_hard,0.0,0,450,450,0.0833,0.0764,1.025,-26357.36,0.9128
4113,20,library_hard,0.0,0,450,450,0.0,0.0,1.0001,-25476.48,0.9093
4114,20,library_hard,0.1667,0,160.5,450,0.0833,0.0764,1.025,-22337.73,0.9062
4115,20,library_hard,0.0833,0,73.0,450,0.0,0.0,1.0002,-23692.34,0.9029
4116,20,library_hard,0.0,0,450,450,0.0833,0.0764,1.025,-25784.06,0.8994
4117,20,library_hard,0.0,0,450,450,0.0,0.0,1.0,-25233.07,0.896
4118,20,library_hard,0.0833,0,183.0,450,0.0833,0.0764,1.025,-24215.5,0.8926
4119,20,library_hard,0.0833,0,36.0,450,0.0733,0.0592,1.025,-23188.88,0.8894
4120,20,library_hard,0.0833,0,24.0,450,0.1667,0.1389,1.05,-23973.79,0.8862
4121,20,library_hard,0.0,0,450,450,0.1033,0.0775,1.025,-25649.73,0.8827
4122,20,library_hard,0.1667,0,248.0,450,0.0,0.0,1.0,-23188.45,0.8795
4123,20,library_hard,0.1667,0,59.5,450,0.0,0.0,1.0,-21496.76,0.8765
4124,20,library_hard,0.25,0,132.33,450,0.0,0.0,1.0,-20468.5,0.8736
4125,20,library_hard,0.1667,0,239.0,450,0.0,0.0,1.0,-23429.9,0.8704
4126,20,library_hard,0.1667,0,48.5,450,0.01,0.0011,1.0019,-21475.14,0.8674
4127,20,library_hard,0.0833,0,113.0,450,0.0833,0.0764,1.025,-23849.25,0.8641
4128,20,library_hard,0.1667,0,191.0,450,0.0,0.0,1.0,-22629.71,0.861
4129,20,library_hard,0.25,0,201.0,450,0.0,0.0,1.0,-21347.04,0.858
4130,20,library_hard,0.0833,0,338.0,450,0.0,0.0,1.0,-24541.92,0.8545
4131,20,library_hard,0.0833,0,212.0,450,0.0,0.0,1.0,-24313.92,0.8512
4132,20,library_hard,0.1667,0,224.5,450,0.0833,0.0764,1.0236,-23298.96,0.848
4133,20,library_hard,0.1667,0,59.5,450,0.0,0.0,1.0,-21320.87,0.845
4134,20,library_hard,0.1667,0,41.0,450,0.0,0.0,1.0,-21194.08,0.8421
4135,20,library_hard,0.25,0,162.0,450,0.0,0.0,1.0,-21187.42,0.8391
4136,20,library_hard,0.1667,0,251.0,450,0.0,0.0,1.0,-23331.34,0.8359
4137,20,library_hard,0.0833,0,149.0,450,0.0,0.0,1.0,-23765.19,0.8326
4138,20,library_hard,0.1667,0,118.0,450,0.0833,0.0764,1.025,-22068.22,0.8295
4139,20,library_hard,0.0833,0,127.0,450,0.0,0.0,1.0,-24156.35,0.8262
4140,20,library_hard,0.1667,0,53.5,450,0.035,0.0135,1.0049,-21430.3,0.8233
4141,20,library_hard,0.1667,0,154.5,450,0.0,0.0,1.0,-22441.81,0.8201
4142,20,library_hard,0.1667,0,57.0,450,0.0367,0.0148,1.0138,-21544.78,0.8172
4143,20,library_hard,0.1667,0,67.5,450,0.0,0.0,1.0,-21457.74,0.8142
4144,20,library_hard,0.25,0,228.67,450,0.0833,0.0764,1.025,-21871.85,0.8111
4145,20,library_hard,0.1667,0,221.5,450,0.0,0.0,1.0,-23114.46,0.8079
4146,20,library_hard,0.0833,0,85.0,450,0.0,0.0,1.0,-23720.3,0.8046
4147,20,library_hard,0.1667,0,124.0,450,0.0833,0.0764,1.0249,-22360.93,0.8016
4148,20,library_hard,0.0833,0,57.0,450,0.08,0.0704,1.0198,-23682.09,0.7983
4149,20,library_hard,0.0,0,450,450,0.0,0.0,1.0,-25313.32,0.7948
4150,20,library_hard,0.1667,0,157.5,450,0.0,0.0,1.0,-22679.91,0.7917
4151,20,library_hard,0.0833,0,273.0,450,0.0833,0.0764,1.025,-24382.03,0.7884
4152,20,library_hard,0.1667,0,165.0,450,0.0,0.0,1.0,-22482.35,0.7852
4153,20,library_hard,0.1667,0,111.5,450,0.0,0.0,1.0001,-21773.7,0.7822
4154,20,library_hard,0.0833,0,399.0,450,0.0,0.0,1.0,-25103.38,0.7787
4155,20,library_hard,0.0833,0,24.0,450,0.0,0.0,1.0,-23173.83,0.7755
4156,20,library_hard,0.25,0,164.67,450,0.0,0.0,1.0,-20916.38,0.7726
4157,20,library_hard,0.0833,0,178.0,450,0.0,0.0,1.0,-23867.8,0.7692
4158,20,library_hard,0.0833,0,39.0,450,0.0033,0.0001,1.0011,-23339.11,0.766
4159,20,library_hard,0.0833,0,49.0,450,0.0,0.0,1.0,-23237.85,0.7628
4160,20,library_hard,0.0833,0,46.0,450,0.0,0.0,1.0,-23253.06,0.7596
4161,20,library_hard,0.1667,0,47.0,450,0.0,0.0,1.0,-21263.69,0.7566
4162,20,library_hard,0.0833,0,16.0,450,0.0,0.0,1.0,-23208.76,0.7534
4163,20,library_hard,0.0833,0,122.0,450,0.0,0.0,1.0,-23838.69,0.7501
4164,20,library_hard,0.0833,0,28.0,450,0.0833,0.0764,1.025,-23465.28,0.7469
4165,20,library_hard,0.0833,0,49.0,450,0.0,0.0,1.0,-23131.55,0.7436
4166,20,library_hard,0.1667,0,89.0,450,0.01,0.0011,1.0,-21647.92,0.7406
4167,20,library_hard,0.25,0,104.33,450,0.0,0.0,1.0,-19895.92,0.7378
4168,20,library_hard,0.1667,0,321.0,450,0.035,0.0135,1.0136,-23876.88,0.7345
4169,20,library_hard,0.25,0,152.0,450,0.0,0.0,1.0,-20589.28,0.7315
4170,20,library_hard,0.25,0,147.33,450,0.0833,0.0764,1.025,-20820.1,0.7286
4171,20,library_hard,0.25,0,171.67,450,0.1333,0.0956,1.0334,-21091.35,0.7257
4172,20,library_hard,0.25,0,122.33,450,0.0817,0.0734,1.0217,-19756.96,0.7228
4173,20,library_hard,0.1667,0,47.5,450,0.0317,0.011,1.0132,-20830.51,0.7199
4174,20,library_hard,0.1667,0,25.5,450,0.0833,0.0764,1.0217,-20894.26,0.7169
4175,20,library_hard,0.0833,0,38.0,450,0.0,0.0,1.0,-23250.31,0.7137
4176,20,library_hard,0.3333,0,142.5,450,0.0717,0.0565,1.025,-18860.23,0.711
4177,20,library_hard,0.1667,0,198.0,450,0.0833,0.0764,1.0217,-22553.7,0.7078
4178,20,library_hard,0.1667,0,80.5,450,0.0367,0.0148,1.0143,-21640.25,0.7048
4179,20,library_hard,0.25,0,152.67,450,0.0,0.0,1.0007,-20518.25,0.7019
4180,20,library_hard,0.25,0,165.0,450,0.0483,0.0257,1.0189,-21195.38,0.699
4181,20,library_hard,0.25,0,252.33,450,0.0,0.0,1.0,-21704.8,0.6958
4182,20,library_hard,0.4167,0,203.4,450,0.0,0.0,1.0,-19003.52,0.6932
4183,20,library_hard,0.4167,0,150.6,450,0.0,0.0,1.0,-17458.01,0.6906
4184,20,library_hard,0.4167,0,202.8,450,0.0833,0.0764,1.0236,-18505.38,0.6879
4185,20,library_hard,0.4167,0,208.8,450,0.0862,0.0396,1.0387,-18954.04,0.6852
4186,20,library_hard,0.4167,0,199.6,450,0.0667,0.0489,1.025,-18482.93,0.6825
4187,20,library_hard,0.4167,0,159.2,450,0.0,0.0,1.0,-17267.25,0.68
4188,20,library_hard,0.3333,0,264.0,450,0.1016,0.077,1.0321,-21087.56,0.677
4189,20,library_hard,0.25,0,169.0,450,0.0,0.0,1.0,-20571.09,0.674
4190,20,library_hard,0.3333,0,150.75,450,0.1317,0.094,1.0439,-18889.94,0.6713
4191,20,library_hard,0.4167,0,180.2,450,0.18,0.1364,1.05,-18333.83,0.6687
4192,20,library_hard,0.5833,0,197.0,450,0.0667,0.0489,1.0246,-15621.76,0.6663
4193,20,library_hard,0.5833,0,173.86,450,0.0,0.0,1.0,-14821.82,0.6641
4194,20,library_hard,0.4167,0,189.8,450,0.0883,0.0758,1.025,-18407.73,0.6615
4195,20,library_hard,0.5833,0,188.43,450,0.0467,0.024,1.0114,-15487.63,0.6591
4196,20,library_hard,0.3333,0,197.5,450,0.0833,0.0764,1.0243,-20053.54,0.6563
4197,20,library_hard,0.4167,0,199.0,450,0.12,0.0851,1.0388,-18934.35,0.6536
4198,20,library_hard,0.4167,0,229.8,450,0.1033,0.0775,1.025,-19355.06,0.6508
4199,20,library_hard,0.4167,0,119.6,450,0.0,0.0,1.0,-16758.82,0.6484
4200,20,library_hard,0.5,0,178.67,450,0.015,0.0025,1.0,-16853.99,0.646
4201,20,library_hard,0.5833,0,199.0,450,0.0133,0.002,1.0042,-15366.01,0.6436
4202,20,library_hard,0.5,0,249.0,450,0.0,0.0,1.0,-18233.46,0.6409
4203,20,library_hard,0.5833,0,178.86,450,0.0483,0.0257,1.0201,-14981.35,0.6386
4204,20,library_hard,0.6667,0,200.88,450,0.0,0.0,1.0,-14251.79,0.6364
4205,20,library_hard,0.5,0,192.17,450,0.0833,0.0764,1.025,-17416.98,0.6339
4206,20,library_hard,0.4167,0,172.2,450,0.2,0.14,1.0635,-18021.11,0.6314
4207,20,library_hard,0.5,0,226.0,450,0.1533,0.1186,1.0419,-17921.83,0.6287
4208,20,library_hard,0.5,0,190.0,450,0.0983,0.0764,1.025,-17192.9,0.6262
4209,20,library_hard,0.5,0,123.83,450,0.0,0.0,1.0,-15448.55,0.624
4210,20,library_hard,0.6667,0,200.12,450,0.0,0.0,1.0,-14455.82,0.6218
4211,20,library_hard,0.5833,0,187.0,450,0.0,0.0,1.0,-15012.33,0.6195
4212,20,library_hard,0.5833,0,161.71,450,0.0,0.0,1.0,-14611.52,0.6173
4213,20,library_hard,0.5,0,134.5,450,0.0,0.0,1.0,-15192.47,0.6151
4214,20,library_hard,0.6667,0,163.88,450,0.0,0.0,1.0,-13305.93,0.6131
4215,20,library_hard,0.4167,0,207.0,450,0.0,0.0,1.0,-18434.83,0.6103
4216,20,library_hard,0.5833,0,178.29,450,0.0067,0.0005,1.0017,-15211.52,0.6081
4217,20,library_hard,0.6667,0,222.62,450,0.0,0.0,1.0,-15371.08,0.6058
4218,20,library_hard,0.5833,0,179.43,450,0.0,0.0,1.0,-14767.77,0.6035
4219,20,library_hard,0.5833,0,175.0,450,0.0,0.0,1.0,-15182.07,0.6013
4220,20,library_hard,0.4167,0,168.0,450,0.0,0.0,1.0,-17575.15,0.5987
4221,20,library_hard,0.5,0,193.83,450,0.0,0.0,1.0,-16835.46,0.5962
4222,20,library_hard,0.5833,0,242.43,450,0.0,0.0,1.0,-16774.07,0.5936
4223,20,library_hard,0.6667,0,215.25,450,0.0,0.0,1.0,-15145.96,0.5913
4224,20,library_hard,0.75,0,190.44,450,0.0,0.0,1.0,-12651.45,0.5894
4225,20,library_hard,0.5833,0,217.86,450,0.0,0.0,1.0001,-16390.11,0.5869
4226,20,library_hard,0.75,0,197.89,450,0.0,0.0,1.0,-13236.26,0.5849
4227,20,library_hard,0.5833,0,209.14,450,0.0,0.0,1.0,-16129.21,0.5825
4228,20,library_hard,0.5833,0,170.43,450,0.0,0.0,1.0,-15005.68,0.5803
4229,20,library_hard,0.6667,0,138.0,450,0.0,0.0,1.0,-12260.2,0.5784
4230,20,library_hard,0.6667,0,181.12,450,0.0,0.0,1.0,-13606.74,0.5763
4231,20,library_hard,0.75,0,234.11,450,0.0,0.0,1.0,-14409.51,0.574
4232,20,library_hard,0.5,0,115.17,450,0.0,0.0,1.0,-14746.06,0.5719
4233,20,library_hard,0.6667,0,155.75,450,0.0,0.0,1.0,-13077.41,0.5699
4234,20,library_hard,0.6667,0,178.75,450,0.0,0.0,1.0,-13747.95,0.5678
4235,20,library_hard,0.75,0,187.22,450,0.0,0.0,1.0,-12381.23,0.5658
4236,20,library_hard,0.6667,0,195.0,450,0.0,0.0,1.0,-14250.46,0.5637
4237,20,library_hard,0.6667,0,177.62,450,0.0,0.0,1.0,-13361.58,0.5616
4238,20,library_hard,0.5,0,134.67,450,0.0,0.0,1.0,-15558.16,0.5593
4239,20,library_hard,0.6667,0,171.12,450,0.0,0.0,1.0,-13266.73,0.5573
4240,20,library_hard,0.6667,0,139.75,450,0.0,0.0,1.0,-12253.55,0.5554
4241,20,library_hard,0.5833,0,162.14,450,0.0,0.0,1.0,-14474.45,0.5532
4242,20,library_hard,0.6667,0,191.38,450,0.0,0.0,1.0,-13988.81,0.551
4243,20,library_hard,0.6667,0,190.38,450,0.0,0.0,1.0,-14169.37,0.5489
4244,20,library_hard,0.6667,0,215.38,450,0.0477,0.0202,1.0158,-14997.39,0.5466
4245,20,library_hard,0.8333,0,154.4,450,0.0,0.0,1.0,-9719.49,0.545
4246,20,library_hard,0.75,0,200.22,450,0.0,0.0,1.0,-12733.96,0.543
4247,20,library_hard,0.75,0,160.33,450,0.0,0.0,1.0,-10996.19,0.5412
4248,20,library_hard,0.6667,0,177.88,450,0.0,0.0,1.0,-13292.5,0.5391
4249,20,library_hard,0.75,0,179.11,450,0.0,0.0,1.0,-12124.9,0.5372
4250,20,library_hard,0.75,0,159.0,450,0.0,0.0,1.0,-11085.71,0.5354
4251,20,library_hard,0.75,0,162.44,450,0.0,0.0,1.0,-11584.81,0.5336
4252,20,library_hard,0.8333,0,136.0,450,0.0,0.0,1.0,-8778.2,0.5321
4253,20,library_hard,0.8333,0,169.3,450,0.0,0.0,1.0,-10008.62,0.5304
4254,20,library_hard,0.9167,0,180.64,450,0.0,0.0,1.0,-9060.07,0.5288
4255,20,library_hard,0.8333,0,164.0,450,0.0,0.0,1.0,-9910.08,0.5272
4256,20,library_hard,0.9167,0,186.45,450,0.0,0.0,1.0,-9318.05,0.5256
4257,20,library_hard,0.75,0,171.22,450,0.0,0.0,1.0,-11444.89,0.5237
4258,20,library_hard,0.9167,0,174.09,450,0.0,0.0,1.0,-8748.3,0.5222
4259,20,library_hard,0.75,0,168.89,450,0.0,0.0,1.0,-11443.12,0.5203
4260,20,library_hard,0.8333,0,154.2,450,0.0,0.0,1.0,-9219.82,0.5187
4261,20,library_hard,0.8333,0,206.0,450,0.0,0.0,1.0,-12009.36,0.5168
4262,20,library_hard,0.8333,0,157.5,450,0.0,0.0,1.0,-9320.28,0.5152
4263,20,library_hard,0.9167,0,228.18,450,0.0,0.0,1.0,-11279.16,0.5133
4264,20,library_hard,0.8333,0,157.8,450,0.0,0.0,1.0,-9564.11,0.5117
4265,20,library_hard,0.75,0,167.56,450,0.0,0.0,1.0,-11006.27,0.5099
4266,20,library_hard,0.8333,0,158.3,450,0.0,0.0,1.0,-9515.3,0.5083
4267,20,library_hard,0.9167,0,199.18,450,0.0,0.0,1.0,-10080.57,0.5065
4268,20,library_hard,0.8333,0,156.3,450,0.0,0.0,1.0,-9360.43,0.505
4269,20,library_hard,0.8333,0,194.9,450,0.0,0.0,1.0,-11225.96,0.5031
4270,20,library_hard,0.75,0,195.44,450,0.0,0.0,1.0,-12563.75,0.5011
4271,20,library_hard,0.8333,0,207.1,450,0.0,0.0,1.0,-11469.39,0.4992
4272,20,library_hard,0.8333,0,184.1,450,0.0,0.0,1.0,-10555.69,0.4974
4273,20,library_hard,0.75,0,218.44,450,0.0,0.0,1.0,-12960.73,0.4953
4274,20,library_hard,0.75,0,188.22,450,0.0,0.0,1.0,-12118.42,0.4933
4275,20,library_hard,0.75,0,214.44,450,0.0,0.0,1.0,-12884.34,0.4912
4276,20,library_hard,0.75,0,202.33,450,0.0,0.0,1.0,-12690.15,0.4891
4277,20,library_hard,0.6667,0,220.88,450,0.0,0.0,1.0,-14733.47,0.4868
4278,20,library_hard,0.8333,0,216.0,450,0.0,0.0,1.0,-11910.74,0.4848
4279,20,library_hard,0.8333,0,167.9,450,0.0,0.0,1.0,-9744.0,0.4832
4280,20,library_hard,0.8333,0,181.7,450,0.0,0.0,1.0,-10550.37,0.4814
4281,20,library_hard,0.8333,0,146.3,450,0.0,0.0,1.0,-8984.89,0.4799
4282,20,library_hard,0.8333,0,190.8,450,0.0,0.0,1.0,-10709.85,0.4781
4283,20,library_hard,0.75,0,205.89,450,0.0,0.0,1.0,-12910.73,0.476
4284,20,library_hard,0.8333,0,195.1,450,0.0,0.0,1.0,-10852.14,0.4741
4285,20,library_hard,0.8333,0,179.0,450,0.0217,0.0052,1.0125,-10134.29,0.4724
4286,20,library_hard,0.75,0,233.89,450,0.0,0.0,1.0,-14187.32,0.4702
4287,20,library_hard,0.75,0,210.0,450,0.0,0.0,1.0,-13072.13,0.4681
4288,20,library_hard,0.8333,0,228.6,450,0.0,0.0,1.0,-12723.33,0.466
4289,20,library_hard,0.8333,0,201.5,450,0.0,0.0,1.0,-11429.18,0.4641
4290,20,library_hard,0.5833,0,238.0,450,0.0,0.0,1.0,-16434.97,0.4616
4291,20,library_hard,0.6667,0,257.75,450,0.0,0.0,1.0,-16534.78,0.4591
4292,20,library_hard,0.5833,0,206.0,450,0.0,0.0,1.0,-15449.12,0.4567
4293,20,library_hard,0.5833,0,256.43,450,0.0,0.0,1.0,-17307.63,0.4541
4294,20,library_hard,0.5833,0,155.29,450,0.0,0.0,1.0,-13778.13,0.4519
4295,20,library_hard,0.75,0,171.0,450,0.0,0.0,1.0,-11754.41,0.4501
4296,20,library_hard,0.75,0,146.56,450,0.0,0.0,1.0,-10195.36,0.4483
4297,20,library_hard,0.8333,0,167.7,450,0.0,0.0,1.0,-9996.92,0.4467
4298,20,library_hard,0.5833,0,174.43,450,0.0,0.0,1.0,-14308.29,0.4444
4299,20,library_hard,0.4167,0,65.2,450,0.0,0.0,1.0,-15217.96,0.4422
4300,20,library_hard,0.5,0,171.5,450,0.0,0.0,1.0,-16215.27,0.4398
4301,20,library_hard,0.6667,0,145.25,450,0.0,0.0,1.0,-12396.28,0.4379
4302,20,library_hard,0.5,0,128.17,450,0.0,0.0,1.0,-15022.86,0.4356
4303,20,library_hard,0.6667,0,237.75,450,0.0,0.0,1.0,-15382.51,0.4332
4304,20,library_hard,0.6667,0,107.5,450,0.0,0.0,1.0,-10836.59,0.4315
4305,20,library_hard,0.4167,0,70.4,450,0.0,0.0,1.0,-15225.28,0.4292
4306,20,library_hard,0.75,0,137.22,450,0.0,0.0,1.0,-10475.8,0.4276
4307,20,library_hard,0.6667,0,160.25,450,0.0,0.0,1.0,-13145.93,0.4256
4308,20,library_hard,0.75,0,136.56,450,0.0,0.0,1.0,-10255.5,0.4239
4309,20,library_hard,0.4167,0,139.8,450,0.0633,0.0441,1.025,-17054.82,0.4214
4310,20,library_hard,0.5,0,156.67,450,0.09,0.0758,1.0267,-15655.53,0.4191
4311,20,library_hard,0.6667,0,154.62,450,0.05,0.0275,1.0124,-12569.9,0.4171
4312,20,library_hard,0.5833,0,144.14,450,0.0,0.0,1.0,-13476.91,0.415
4313,20,library_hard,0.3333,0,151.0,450,0.0833,0.0764,1.0244,-18516.63,0.4123
4314,20,library_hard,0.5833,0,169.57,450,0.0,0.0,1.0,-14525.62,0.41
4315,20,library_hard,0.5833,0,204.14,450,0.0,0.0,1.0,-15764.87,0.4077
4316,20,library_hard,0.6667,0,269.88,450,0.035,0.0135,1.0136,-16837.07,0.4051
4317,20,library_hard,0.5,0,191.67,450,0.045,0.0223,1.0166,-16365.67,0.4026
4318,20,library_hard,0.5,0,209.33,450,0.0,0.0,1.0,-16787.86,0.4001
4319,20,library_hard,0.5,0,151.67,450,0.07,0.0395,1.015,-15294.17,0.3977
4320,20,library_hard,0.3333,0,145.25,450,0.0333,0.0122,1.0121,-18377.23,0.395
4321,20,library_hard,0.4167,0,204.4,450,0.0,0.0,1.0,-18652.86,0.3923
4322,20,library_hard,0.4167,0,106.0,450,0.0,0.0,1.0,-15674.47,0.3899
4323,20,library_hard,0.5,0,107.5,450,0.0233,0.006,1.0,-14265.01,0.3878
4324,20,library_hard,0.5,0,167.17,450,0.0183,0.0037,1.0081,-15817.26,0.3854
4325,20,library_hard,0.3333,0,176.5,450,0.0174,0.0033,1.0073,-19045.49,0.3826
4326,20,library_hard,0.5833,0,187.29,450,0.0434,0.0207,1.0166,-15371.39,0.3803
4327,20,library_hard,0.4167,0,214.4,450,0.1283,0.0852,1.0497,-18877.04,0.3776
4328,20,library_hard,0.3333,0,164.0,450,0.1667,0.1389,1.0498,-18798.64,0.3748
4329,20,library_hard,0.4167,0,166.0,450,0.1526,0.0958,1.0443,-17298.23,0.3722
4330,20,library_hard,0.5833,0,149.29,450,0.0,0.0,1.0,-13983.99,0.3701
4331,20,library_hard,0.5833,0,117.43,450,0.0,0.0,1.0,-12777.67,0.3681
4332,20,library_hard,0.5833,0,122.43,450,0.0,0.0,1.0,-13062.71,0.3661
4333,20,library_hard,0.9167,0,154.64,450,0.0,0.0,1.0,-7903.13,0.3647
4334,20,library_hard,0.6667,0,135.5,450,0.0,0.0,1.0,-11780.06,0.3628
4335,20,library_hard,0.9167,0,189.64,450,0.0583,0.0146,1.0177,-9073.77,0.3612
4336,20,library_hard,0.8333,0,185.6,450,0.0,0.0,1.0,-10247.34,0.3594
4337,20,library_hard,0.8333,0,163.5,450,0.0,0.0,1.0,-9796.94,0.3578
4338,20,library_hard,0.75,0,123.78,450,0.0717,0.0565,1.0247,-9026.88,0.3562
4339,20,library_hard,0.6667,0,201.62,450,0.015,0.0025,1.0,-13718.85,0.354
4340,20,library_hard,0.6667,0,149.38,450,0.0833,0.0764,1.025,-12262.02,0.352
4341,20,library_hard,0.9167,0,168.73,450,0.0,0.0,1.0001,-8292.08,0.3506
4342,20,library_hard,0.75,0,223.78,450,0.0,0.0,1.0,-13546.63,0.3484
4343,20,library_hard,0.9167,0,176.0,450,0.0,0.0,1.0,-8784.2,0.3468
4344,20,library_hard,0.8333,0,141.1,450,0.1667,0.1389,1.05,-8521.16,0.3453
4345,20,library_hard,0.6667,0,134.25,450,0.1533,0.1186,1.05,-11752.42,0.3435
4346,20,library_hard,0.6667,0,114.0,450,0.0833,0.0764,1.025,-11295.08,0.3417
4347,20,library_hard,0.5833,0,139.71,450,0.1483,0.112,1.05,-13882.0,0.3396
4348,20,library_hard,0.5833,0,154.86,450,0.215,0.1485,1.0666,-14268.89,0.3375
4349,20,library_hard,0.6667,0,148.25,450,0.1667,0.1389,1.05,-12214.36,0.3356
4350,20,library_hard,0.75,0,147.56,450,0.0833,0.0764,1.025,-11148.49,0.3338
4351,20,library_hard,0.8333,0,155.5,450,0.0833,0.0764,1.0254,-9712.38,0.3322
4352,20,library_hard,0.75,0,114.89,450,0.035,0.0135,1.0136,-9010.14,0.3307
4353,20,library_hard,0.75,0,135.11,450,0.0833,0.0764,1.025,-10523.73,0.329
4354,20,library_hard,0.75,0,142.56,450,0.0767,0.0647,1.025,-10249.91,0.3273
4355,20,library_hard,0.6667,0,151.0,450,0.0833,0.0764,1.025,-12227.43,0.3254
4356,20,library_hard,0.8333,0,124.7,450,0.0667,0.0255,1.0293,-7620.0,0.324
4357,20,library_hard,0.8333,0,193.5,450,0.0,0.0,1.0,-10749.1,0.3222
4358,20,library_hard,0.75,0,133.11,450,0.0567,0.0353,1.025,-10100.32,0.3205
4359,20,library_hard,0.8333,0,101.2,450,0.0,0.0,1.0005,-6736.9,0.3193
4360,20,library_hard,0.75,0,99.89,450,0.08,0.0704,1.025,-8829.71,0.3178
4361,20,library_hard,0.8333,0,190.0,450,0.0,0.0,1.0,-10682.59,0.316
4362,20,library_hard,0.75,0,180.56,450,0.0,0.0,1.0,-11473.89,0.3141
4363,20,library_hard,0.8333,0,107.8,450,0.0833,0.0764,1.025,-7414.64,0.3128
4364,20,library_hard,0.8333,0,98.9,450,0.0,0.0,1.0,-6742.24,0.3116
4365,20,library_hard,0.75,0,149.0,450,0.0,0.0,1.0005,-10424.11,0.3098
4366,20,library_hard,0.6667,0,138.62,450,0.0,0.0,1.0,-11722.48,0.308
4367,20,library_hard,0.8333,0,117.9,450,0.0833,0.0764,1.025,-7891.37,0.3066
4368,20,library_hard,0.8333,0,120.3,450,0.0,0.0,1.0,-7857.49,0.3053
4369,20,library_hard,0.75,0,160.44,450,0.0,0.0,1.0,-11155.88,0.3034
4370,20,library_hard,0.6667,0,106.12,450,0.0,0.0,1.0,-10934.29,0.3017
4371,20,library_hard,0.8333,0,167.8,450,0.0,0.0,1.0,-9519.65,0.3001
4372,20,library_hard,0.75,0,218.11,450,0.0,0.0,1.0,-13528.24,0.2979
4373,20,library_hard,0.6667,0,194.25,450,0.02,0.0044,1.0099,-13826.84,0.2958
4374,20,library_hard,0.75,0,127.67,450,0.0,0.0,1.0,-9745.49,0.2941
4375,20,library_hard,0.8333,0,117.3,450,0.0,0.0,1.0,-7828.82,0.2928
4376,20,library_hard,0.75,0,87.0,450,0.0,0.0,1.0,-8391.94,0.2914
4377,20,library_hard,0.6667,0,110.75,450,0.0117,0.0015,1.0033,-10846.47,0.2897
4378,20,library_hard,0.6667,0,112.38,450,0.035,0.0135,1.0138,-10877.19,0.2879
4379,20,library_hard,0.8333,0,101.5,450,0.0,0.0,1.0,-7170.54,0.2867
4380,20,library_hard,0.8333,0,118.3,450,0.0,0.0,1.0,-7373.35,0.2854
4381,20,library_hard,0.6667,0,146.62,450,0.0,0.0,1.0,-11829.75,0.2834
4382,20,library_hard,0.8333,0,144.4,450,0.0,0.0,1.0,-8327.35,0.2819
4383,20,library_hard,0.9167,0,152.82,450,0.0,0.0,1.0,-7673.92,0.2805
4384,20,library_hard,0.8333,0,163.6,450,0.0,0.0,1.0,-9057.32,0.2789
4385,20,library_hard,0.8333,0,127.2,450,0.0,0.0,1.0,-8082.35,0.2775
4386,20,library_hard,0.75,0,128.44,450,0.0,0.0,1.0,-9957.8,0.2759
4387,20,library_hard,0.9167,0,122.91,450,0.0,0.0,1.0,-5770.4,0.2747
4388,20,library_hard,0.8333,0,195.8,450,0.0,0.0,1.0,-11576.11,0.2729
4389,20,library_hard,0.8333,0,137.5,450,0.0,0.0,1.0,-8392.48,0.2714
4390,20,library_hard,1.0,1,160.5,387,0.0,0.0,1.0,-5767.58,0.2701
4391,20,library_hard,0.9167,0,140.55,450,0.0,0.0,1.0,-6724.82,0.2688
4392,20,library_hard,0.9167,0,146.73,450,0.0,0.0,1.0,-7138.87,0.2675
4393,20,library_hard,0.75,0,127.78,450,0.0,0.0,1.0,-10179.79,0.2659
4394,20,library_hard,0.8333,0,140.2,450,0.0,0.0,1.0,-8506.0,0.2644
4395,20,library_hard,0.8333,0,136.6,450,0.0,0.0,1.0,-8392.08,0.2629
4396,20,library_hard,0.9167,0,132.27,450,0.0,0.0,1.0,-5976.97,0.2617
4397,20,library_hard,0.8333,0,164.1,450,0.0,0.0,1.0,-9347.11,0.2601
4398,20,library_hard,0.8333,0,113.8,450,0.0,0.0,1.0,-7396.53,0.2587
4399,20,library_hard,0.8333,0,105.8,450,0.0,0.0,1.0,-7136.68,0.2575
4400,20,library_hard,0.9167,0,149.64,450,0.0,0.0,1.0,-7316.05,0.2561
4401,20,library_hard,0.8333,0,151.0,450,0.0,0.0,1.0,-8567.14,0.2546
4402,20,library_hard,0.8333,0,135.1,450,0.0,0.0,1.0,-8457.24,0.2531
4403,20,library_hard,0.8333,0,146.0,450,0.0,0.0,1.0,-8823.23,0.2516
4404,20,library_hard,0.6667,0,127.12,450,0.0,0.0,1.0,-11090.72,0.2498
4405,20,library_hard,0.75,0,116.0,450,0.0,0.0,1.0,-9121.01,0.2482
4406,20,library_hard,0.75,0,116.67,450,0.0,0.0,1.0,-9251.06,0.2467
4407,20,library_hard,0.8333,0,148.7,450,0.0,0.0,1.0,-8997.54,0.2451
4408,20,library_hard,0.8333,0,123.8,450,0.0,0.0,1.0,-7588.56,0.2437
4409,20,library_hard,0.9167,0,118.64,450,0.0,0.0,1.0,-5750.94,0.2426
4410,20,library_hard,0.75,0,134.33,450,0.0,0.0,1.0,-9898.67,0.2409
4411,20,library_hard,0.8333,0,112.7,450,0.0,0.0,1.0,-7249.74,0.2396
4412,20,library_hard,0.9167,0,146.82,450,0.0,0.0,1.0,-6880.34,0.2383
4413,20,library_hard,0.9167,0,128.91,450,0.0,0.0,1.0004,-6136.4,0.2371
4414,20,library_hard,0.8333,0,119.3,450,0.0,0.0,1.0,-7619.16,0.2357
4415,20,library_hard,0.8333,0,122.6,450,0.0,0.0,1.0,-7848.12,0.2344
4416,20,library_hard,0.9167,0,116.45,450,0.0,0.0,1.0,-5566.32,0.2332
4417,20,library_hard,0.9167,0,119.18,450,0.0,0.0,1.0001,-5832.69,0.2321
4418,20,library_hard,0.8333,0,124.2,450,0.0,0.0,1.0,-7593.78,0.2307
4419,20,library_hard,0.8333,0,129.8,450,0.0,0.0,1.0,-7880.24,0.2293
4420,20,library_hard,0.8333,0,115.4,450,0.0,0.0,1.0,-6992.56,0.228
4421,20,library_hard,0.9167,0,118.45,450,0.0,0.0,1.0,-5413.96,0.2268
4422,20,library_hard,0.9167,0,140.09,450,0.0,0.0,1.0,-6548.83,0.2255
4423,20,library_hard,0.9167,0,94.73,450,0.0,0.0,1.0,-4378.39,0.2246
4424,20,library_hard,0.9167,0,124.09,450,0.0,0.0,1.0,-5595.94,0.2234
4425,20,library_hard,0.8333,0,116.0,450,0.0,0.0,1.0,-7262.81,0.2221
4426,20,library_hard,1.0,1,116.17,287,0.0,0.0,1.0,-3736.26,0.2212
4427,20,library_hard,0.75,0,103.78,450,0.0,0.0,1.0,-8827.32,0.2197
4428,20,library_hard,0.9167,0,104.64,450,0.0,0.0,1.0,-5199.67,0.2187
4429,20,library_hard,0.9167,0,117.64,450,0.0,0.0,1.0,-5929.76,0.2175
4430,20,library_hard,0.9167,0,130.0,450,0.0,0.0,1.0,-5999.94,0.2163
4431,20,library_hard,0.9167,0,120.0,450,0.0,0.0,1.0,-5470.08,0.2152
4432,20,library_hard,1.0,1,125.5,306,0.0,0.0,1.0,-4291.38,0.2142
4433,20,library_hard,0.9167,0,114.18,450,0.0,0.0,1.0,-5139.75,0.2131
4434,20,library_hard,1.0,1,114.33,326,0.0,0.0,1.0,-3593.49,0.2122
4435,20,library_hard,0.9167,0,109.73,450,0.0,0.0,1.0,-5175.08,0.2111
4436,20,library_hard,1.0,1,149.08,450,0.0,0.0,1.0,-5562.51,0.21
4437,20,library_hard,0.8333,0,99.9,450,0.0,0.0,1.0,-6224.78,0.2087
4438,20,library_hard,0.9167,0,167.09,450,0.0,0.0,1.0,-7644.75,0.2073
4439,20,library_hard,1.0,1,131.92,310,0.0,0.0,1.0,-4391.2,0.2062
4440,20,library_hard,0.9167,0,121.45,450,0.0,0.0,1.0,-5747.85,0.2051
