episode_global,stage,map_name,evacuation_rate,all_evacuated,mean_evac_time,steps,mean_emotion_final,emotion_variance,mean_speed_ratio,total_reward,epsilon
1,1,mall_small,0.0,0,300,300,0.0,0.0,1.0,-1187.97,1.0
2,1,mall_small,0.0,0,300,300,0.0,0.0,1.0,-1176.69,0.9971
3,1,mall_small,0.0,0,300,300,0.0,0.0,1.0,-1194.69,0.9883
4,1,mall_small,0.0,0,300,300,0.0,0.0,1.0,-1188.86,0.9795
5,1,mall_small,0.0,0,300,300,0.0,0.0,1.0,-1166.03,0.9708
6,1,mall_small,0.0,0,300,300,0.0,0.0,1.0,-1190.11,0.962
7,1,mall_small,0.0,0,300,300,0.0,0.0,1.0,-1174.2,0.9532
8,1,mall_small,0.25,0,271.0,300,0.0,0.0,1.0,-1073.93,0.9447
9,1,mall_small,0.0,0,300,300,0.0,0.0,1.0,-1176.01,0.9359
10,1,mall_small,0.25,0,90.0,300,0.0,0.0,1.0,-878.43,0.9287
11,1,mall_small,0.0,0,300,300,0.0,0.0,1.0,-1171.2,0.9199
12,1,mall_small,0.0,0,300,300,0.0,0.0,1.0,-1164.84,0.9111
13,1,mall_small,0.0,0,300,300,0.0,0.0,1.0,-1165.45,0.9024
14,1,mall_small,0.25,0,209.0,300,0.0,0.0,1.0,-1002.35,0.8943
15,1,mall_small,0.0,0,300,300,0.0,0.0,1.0,-1174.42,0.8855
16,1,mall_small,0.0,0,300,300,0.0,0.0,1.0,-1179.05,0.8767
17,1,mall_small,0.0,0,300,300,0.0,0.0,1.0,-1156.38,0.868
18,1,mall_small,0.0,0,300,300,0.0,0.0,1.0,-1179.08,0.8592
19,1,mall_small,0.0,0,300,300,0.0,0.0,1.0,-1160.13,0.8504
20,1,mall_small,0.0,0,300,300,0.0,0.0,1.0,-1155.36,0.8417
21,1,mall_small,0.0,0,300,300,0.0,0.0,1.0,-1187.95,0.8329
22,1,mall_small,0.25,0,284.0,300,0.0,0.0,1.0,-1035.59,0.8242
23,1,mall_small,0.0,0,300,300,0.0,0.0,1.0,-1166.08,0.8155
24,1,mall_small,0.25,0,174.0,300,0.0,0.0,1.0,-942.88,0.8076
25,1,mall_small,0.0,0,300,300,0.0,0.0,1.0,-1146.58,0.7988
26,1,mall_small,0.25,0,64.0,300,0.0,0.0,1.0,-841.03,0.7918
27,1,mall_small,0.0,0,300,300,0.0,0.0,1.0,-1109.93,0.783
28,1,mall_small,0.5,0,142.5,300,0.0,0.0,1.0,-690.99,0.7766
29,1,mall_small,0.5,0,87.5,300,0.0,0.0,1.0,-563.09,0.7709
30,1,mall_small,0.5,0,218.0,300,0.0,0.0,1.0,-842.42,0.7633
31,1,mall_small,0.25,0,28.0,300,0.0,0.0,1.0,-801.77,0.7565
32,1,mall_small,0.5,0,112.0,300,0.0,0.0,1.0,-604.11,0.7505
33,1,mall_small,0.5,0,178.5,300,0.0,0.0,1.0,-728.2,0.7435
34,1,mall_small,0.75,0,132.67,300,0.0,0.0,1.0,-393.95,0.7384
35,1,mall_small,0.5,0,266.0,300,0.0,0.0,1.0,-925.24,0.7301
36,1,mall_small,0.5,0,173.0,300,0.0,0.0,1.0,-715.61,0.7232
37,1,mall_small,0.75,0,204.67,300,0.0,0.0,1.0,-583.95,0.7165
38,1,mall_small,0.5,0,161.5,300,0.0,0.0,1.0,-719.82,0.7098
39,1,mall_small,0.5,0,130.0,300,0.0,0.0,1.0,-646.2,0.7035
40,1,mall_small,0.5,0,189.0,300,0.0,0.0,1.0,-752.46,0.6964
41,1,mall_small,0.25,0,202.0,300,0.0,0.0,1.0,-933.62,0.6883
42,1,mall_small,0.5,0,228.5,300,0.0,0.0,1.0,-814.47,0.6806
43,1,mall_small,0.25,0,153.0,300,0.0,0.0,1.0,-908.01,0.6729
44,1,mall_small,0.0,0,300,300,0.0,0.0,1.0,-1140.67,0.6641
45,1,mall_small,0.25,0,188.0,300,0.0,0.0,1.0,-943.15,0.6562
46,1,mall_small,0.25,0,284.0,300,0.0,0.0,1.0,-1017.7,0.6475
47,1,mall_small,0.5,0,222.5,300,0.0,0.0,1.0,-809.97,0.6399
48,1,mall_small,0.5,0,210.0,300,0.0,0.0,1.0,-780.3,0.6325
49,1,mall_small,0.25,0,136.0,300,0.0,0.0,1.0,-949.21,0.6249
50,1,mall_small,0.5,0,234.0,300,0.0,0.0,1.0,-863.84,0.6171
51,1,mall_small,0.25,0,161.0,300,0.0,0.0,1.0,-947.33,0.6093
52,1,mall_small,0.0,0,300,300,0.0,0.0,1.0,-1153.19,0.6006
53,1,mall_small,0.25,0,210.0,300,0.0,0.0,1.0,-990.18,0.5924
54,1,mall_small,0.0,0,300,300,0.0,0.0,1.0,-1138.6,0.5837
55,1,mall_small,0.25,0,200.0,300,0.0,0.0,1.0,-958.61,0.5756
56,1,mall_small,0.25,0,292.0,300,0.0,0.0,1.0,-1036.3,0.5669
57,1,mall_small,0.0,0,300,300,0.0,0.0,1.0,-1187.03,0.5581
58,1,mall_small,0.5,0,185.5,300,0.0,0.0,1.0,-786.53,0.551
59,1,mall_small,0.25,0,139.0,300,0.0,0.0,1.0,-895.82,0.5435
60,1,mall_small,0.0,0,300,300,0.0,0.0,1.0,-1123.97,0.5347
61,1,mall_small,0.5,0,82.5,300,0.0,0.0,1.0,-543.53,0.5291
62,1,mall_small,0.75,0,105.33,300,0.0,0.0,1.0,-322.12,0.5246
63,1,mall_small,0.5,0,184.0,300,0.0,0.0,1.0,-726.55,0.5175
64,1,mall_small,1.0,1,152.5,300,0.0,0.0,1.0,-233.84,0.5131
65,1,mall_small,0.75,0,84.33,300,0.0,0.0,1.0,-252.78,0.509
66,1,mall_small,0.75,0,120.0,300,0.0,0.0,1.0,-349.2,0.5042
67,1,mall_small,0.75,0,144.67,300,0.0,0.0,1.0,-411.33,0.4988
68,1,mall_small,1.0,1,192.5,255,0.0,0.0,1.0,-313.89,0.4932
69,1,mall_small,1.0,1,142.0,207,0.0,0.0,1.0,-152.34,0.4891
70,1,mall_small,1.0,1,149.25,279,0.0,0.0,1.0,-190.92,0.4847
71,1,mall_small,1.0,1,145.0,215,0.0,0.0,1.0,-142.99,0.4805
72,1,mall_small,1.0,1,143.5,255,0.0,0.0,1.0,-158.41,0.4763
73,1,mall_small,1.0,1,161.25,227,0.0,0.0,1.0,-217.84,0.4716
74,1,mall_small,1.0,1,132.5,178,0.0,0.0,1.0,-119.44,0.4677
75,1,mall_small,0.75,0,99.0,300,0.0,0.0,1.0,-256.5,0.4633
76,1,mall_small,0.75,0,90.67,300,0.0,0.0,1.0,-278.42,0.4591
77,1,mall_small,1.0,1,93.0,174,0.0,0.0,1.0,21.14,0.4564
78,1,mall_small,0.75,0,95.67,300,0.0,0.0,1.0,-284.43,0.4521
79,1,mall_small,0.75,0,79.0,300,0.0,0.0,1.0,-228.71,0.4482
80,1,mall_small,1.0,1,146.0,200,0.0,0.0,1.0,-159.52,0.4439
81,1,mall_small,1.0,1,133.75,228,0.0,0.0,1.0,-151.25,0.44
82,1,mall_small,0.75,0,205.67,300,0.0,0.0,1.0,-561.72,0.4333
83,1,mall_small,1.0,1,102.0,152,0.0,0.0,1.0,-10.16,0.4304
84,1,mall_small,0.75,0,69.33,300,0.0,0.0,1.0,-211.71,0.4266
85,1,mall_small,1.0,1,119.75,205,0.0,0.0,1.0,-90.26,0.4231
86,1,mall_small,1.0,1,160.0,235,0.0,0.0,1.0,-225.3,0.4185
87,1,mall_small,1.0,1,146.25,223,0.0,0.0,1.0,-157.94,0.4142
88,2,school_small,0.0,0,300,300,0.0,0.0,1.0,-1203.93,0.9937
89,2,school_small,0.25,0,47.0,300,0.0,0.0,1.0,-859.26,0.9887
90,2,school_small,0.0,0,300,300,0.0,0.0,1.0,-1194.97,0.9824
91,2,school_small,0.0,0,300,300,0.0,0.0,1.0,-1195.49,0.976
92,2,school_small,0.0,0,300,300,0.0,0.0,1.0,-1197.55,0.9697
93,2,school_small,0.0,0,300,300,0.0,0.0,1.0,-1196.03,0.9634
94,2,school_small,0.0,0,300,300,0.0,0.0,1.0,-1185.93,0.957
95,2,school_small,0.0,0,300,300,0.0,0.0,1.0,-1200.78,0.9507
96,2,school_small,0.0,0,300,300,0.0,0.0,1.0,-1195.7,0.9444
97,2,school_small,0.0,0,300,300,0.0,0.0,1.0,-1193.74,0.938
98,2,school_small,0.0,0,300,300,0.0,0.0,1.0,-1197.84,0.9317
99,2,school_small,0.0,0,300,300,0.0,0.0,1.0,-1186.97,0.9254
100,2,school_small,0.0,0,300,300,0.0,0.0,1.0,-1210.49,0.919
101,2,school_small,0.0,0,300,300,0.0,0.0,1.0,-1188.76,0.9127
102,2,school_small,0.0,0,300,300,0.0,0.0,1.0,-1187.44,0.9064
103,2,school_small,0.0,0,300,300,0.0,0.0,1.0,-1196.23,0.9
104,2,school_small,0.25,0,51.0,300,0.0,0.0,1.0,-864.53,0.895
105,2,school_small,0.0,0,300,300,0.0,0.0,1.0,-1198.64,0.8887
106,2,school_small,0.0,0,300,300,0.0,0.0,1.0,-1191.39,0.8823
107,2,school_small,0.0,0,300,300,0.0,0.0,1.0,-1187.79,0.876
108,2,school_small,0.0,0,300,300,0.0,0.0,1.0,-1191.46,0.8697
109,2,school_small,0.0,0,300,300,0.0,0.0,1.0,-1196.0,0.8633
110,2,school_small,0.0,0,300,300,0.0,0.0,1.0,-1196.86,0.857
111,2,school_small,0.0,0,300,300,0.0,0.0,1.0,-1204.21,0.8507
112,2,school_small,0.0,0,300,300,0.0,0.0,1.0,-1196.97,0.8443
113,2,school_small,0.0,0,300,300,0.0,0.0,1.0,-1196.69,0.838
114,2,school_small,0.0,0,300,300,0.0,0.0,1.0,-1199.64,0.8317
115,2,school_small,0.0,0,300,300,0.0,0.0,1.0,-1198.98,0.8253
116,2,school_small,0.0,0,300,300,0.0,0.0,1.0,-1197.89,0.819
117,2,school_small,0.0,0,300,300,0.0,0.0,1.0,-1193.81,0.8127
118,2,school_small,0.0,0,300,300,0.0,0.0,1.0,-1200.6,0.8063
119,2,school_small,0.0,0,300,300,0.0,0.0,1.0,-1191.35,0.8
120,2,school_small,0.0,0,300,300,0.0,0.0,1.0,-1186.97,0.7937
121,2,school_small,0.0,0,300,300,0.0,0.0,1.0,-1200.97,0.7873
122,2,school_small,0.0,0,300,300,0.0,0.0,1.0,-1198.93,0.781
123,2,school_small,0.0,0,300,300,0.0,0.0,1.0,-1192.49,0.7747
124,2,school_small,0.0,0,300,300,0.0,0.0,1.0,-1198.79,0.7683
125,2,school_small,0.0,0,300,300,0.0,0.0,1.0,-1189.88,0.762
126,2,school_small,0.0,0,300,300,0.0,0.0,1.0,-1197.49,0.7557
127,2,school_small,0.0,0,300,300,0.0,0.0,1.0,-1194.5,0.7493
128,2,school_small,0.0,0,300,300,0.0,0.0,1.0,-1202.52,0.743
129,2,school_small,0.0,0,300,300,0.0,0.0,1.0,-1198.09,0.7367
130,2,school_small,0.0,0,300,300,0.0,0.0,1.0,-1222.21,0.7303
131,2,school_small,0.0,0,300,300,0.0,0.0,1.0,-1196.18,0.724
132,2,school_small,0.0,0,300,300,0.0,0.0,1.0,-1198.61,0.7177
133,2,school_small,0.0,0,300,300,0.0,0.0,1.0,-1195.98,0.7113
134,2,school_small,0.0,0,300,300,0.0,0.0,1.0,-1171.45,0.705
135,2,school_small,0.0,0,300,300,0.0,0.0,1.0,-1202.12,0.6987
136,2,school_small,0.0,0,300,300,0.0,0.0,1.0,-1190.26,0.6923
137,2,school_small,0.0,0,300,300,0.0,0.0,1.0,-1183.42,0.686
138,2,school_small,0.0,0,300,300,0.0,0.0,1.0,-1197.33,0.6797
139,2,school_small,0.25,0,253.0,300,0.0,0.0,1.0,-1040.07,0.6736
140,2,school_small,0.0,0,300,300,0.0,0.0,1.0,-1155.64,0.6672
141,2,school_small,0.0,0,300,300,0.0,0.0,1.0,-1220.05,0.6609
142,2,school_small,0.0,0,300,300,0.0,0.0,1.0,-1188.09,0.6546
143,2,school_small,0.25,0,53.0,300,0.0,0.0,1.0,-863.45,0.6495
144,2,school_small,0.0,0,300,300,0.0,0.0,1.0,-1193.27,0.6432
145,2,school_small,0.0,0,300,300,0.0,0.0,1.0,-1184.41,0.6369
146,2,school_small,0.0,0,300,300,0.0,0.0,1.0,-1155.68,0.6305
147,2,school_small,0.0,0,300,300,0.0,0.0,1.0,-1169.0,0.6242
148,2,school_small,0.0,0,300,300,0.0,0.0,1.0,-1195.8,0.6179
149,2,school_small,0.25,0,17.0,300,0.0,0.0,1.0,-817.39,0.613
150,2,school_small,0.0,0,300,300,0.0,0.0,1.0,-1194.2,0.6067
151,2,school_small,0.0,0,300,300,0.0,0.0,1.0,-1198.67,0.6004
152,2,school_small,0.0,0,300,300,0.0,0.0,1.0,-1185.79,0.594
153,2,school_small,0.0,0,300,300,0.0,0.0,1.0,-1171.9,0.5877
154,2,school_small,0.0,0,300,300,0.0,0.0,1.0,-1174.38,0.5814
155,2,school_small,0.0,0,300,300,0.0,0.0,1.0,-1177.1,0.575
156,2,school_small,0.25,0,112.0,300,0.0,0.0,1.0,-924.16,0.5697
157,2,school_small,0.25,0,123.0,300,0.0,0.0,1.0,-912.79,0.5643
158,2,school_small,0.25,0,92.0,300,0.0,0.0,1.0,-902.28,0.5591
159,2,school_small,0.5,0,59.0,300,0.0,0.0,1.0,-496.06,0.5553
160,2,school_small,0.75,0,147.67,300,0.0,0.0,1.0,-439.53,0.5513
161,2,school_small,0.25,0,89.0,300,0.0,0.0,1.0,-861.3,0.5461
162,2,school_small,0.25,0,23.0,300,0.0,0.0,1.0,-759.96,0.5413
163,2,school_small,0.25,0,245.0,300,0.0,0.0,1.0,-990.19,0.5352
164,2,school_small,0.25,0,52.0,300,0.0,0.0,1.0,-829.93,0.5302
165,2,school_small,0.0,0,300,300,0.0,0.0,1.0,-1186.7,0.5239
166,2,school_small,0.5,0,46.0,300,0.0,0.0,1.0,-510.46,0.5202
167,2,school_small,0.5,0,126.0,300,0.0,0.0,1.0,-612.52,0.5157
168,2,school_small,0.25,0,63.0,300,0.0,0.0,1.0,-828.29,0.5106
169,2,school_small,0.5,0,61.0,300,0.0,0.0,1.0,-528.03,0.5068
170,2,school_small,0.25,0,58.0,300,0.0,0.0,1.0,-817.86,0.5018
171,2,school_small,0.25,0,26.0,300,0.0,0.0,1.0,-792.44,0.4969
172,2,school_small,0.5,0,37.5,300,0.0,0.0,1.0,-453.06,0.4933
173,2,school_small,0.75,0,160.67,300,0.0,0.0,1.0,-448.39,0.4892
174,2,school_small,0.5,0,83.5,300,0.0,0.0,1.0,-560.04,0.4851
175,2,school_small,0.0,0,300,300,0.0,0.0,1.0,-1159.21,0.4788
176,2,school_small,0.25,0,90.0,300,0.0,0.0,1.0,-868.31,0.4736
177,2,school_small,0.5,0,41.5,300,0.0,0.0,1.0,-502.76,0.47
178,2,school_small,0.25,0,16.0,300,0.0,0.0,1.0,-785.42,0.4651
179,2,school_small,0.5,0,44.5,300,0.0,0.0,1.0,-547.1,0.4615
180,2,school_small,0.5,0,47.0,300,0.0,0.0,1.0,-471.85,0.4578
181,2,school_small,0.25,0,53.0,300,0.0,0.0,1.0,-912.1,0.4528
182,2,school_small,0.25,0,63.0,300,0.0,0.0,1.0,-875.6,0.4477
183,2,school_small,0.5,0,136.0,300,0.0,0.0,1.0,-672.29,0.4431
184,2,school_small,0.5,0,195.5,300,0.0,0.0,1.0,-813.47,0.4379
185,2,school_small,0.5,0,90.0,300,0.0,0.0,1.0,-571.25,0.4338
186,2,school_small,0.5,0,112.0,300,0.0,0.0,1.0,-615.31,0.4294
187,2,school_small,0.25,0,68.0,300,0.0,0.0,1.0,-807.12,0.4243
188,2,school_small,0.5,0,94.0,300,0.0,0.0,1.0,-507.15,0.4202
189,2,school_small,0.0,0,300,300,0.0,0.0,1.0,-1175.42,0.4138
190,2,school_small,0.75,0,201.0,300,0.0,0.0,1.0,-539.82,0.4091
191,2,school_small,0.5,0,143.5,300,0.0,0.0,1.0,-653.3,0.4044
192,2,school_small,0.5,0,96.5,300,0.0,0.0,1.0,-578.27,0.4002
193,2,school_small,0.75,0,114.33,300,0.0,0.0,1.0,-294.04,0.3968
194,2,school_small,0.75,0,149.33,300,0.0,0.0,1.0,-365.02,0.3928
195,2,school_small,0.75,0,90.33,300,0.0,0.0,1.0,-235.87,0.3898
196,2,school_small,0.25,0,296.0,300,0.0,0.0,1.0,-1006.54,0.3835
197,2,school_small,0.75,0,95.0,300,0.0,0.0,1.0,-293.89,0.3804
198,2,school_small,0.75,0,115.67,300,0.0,0.0,1.0,-284.1,0.377
199,2,school_small,0.5,0,40.5,300,0.0,0.0,1.0,-460.2,0.3734
200,2,school_small,0.75,0,104.33,300,0.0,0.0,1.0,-266.71,0.3702
201,2,school_small,1.0,1,48.5,88,0.0,0.0,1.0,170.06,0.3692
202,2,school_small,1.0,1,155.5,298,0.0,0.0,1.0,-182.05,0.3659
203,2,school_small,0.75,0,139.0,300,0.0,0.0,1.0,-353.67,0.3621
204,2,school_small,1.0,1,77.5,114,0.0,0.0,1.0,92.48,0.3605
205,2,school_small,0.5,0,210.5,300,0.0,0.0,1.0,-775.84,0.3551
206,2,school_small,0.5,0,76.5,300,0.0,0.0,1.0,-549.47,0.3511
207,2,school_small,0.75,0,56.67,300,0.0,0.0,1.0,-173.62,0.3486
208,2,school_small,0.5,0,104.0,300,0.0,0.0,1.0,-548.65,0.3444
209,2,school_small,0.75,0,121.0,300,0.0,0.0,1.0,-349.01,0.3409
210,2,school_small,1.0,1,110.5,158,0.0,0.0,1.0,5.0,0.3385
211,2,school_small,0.75,0,101.33,300,0.0,0.0,1.0,-268.21,0.3353
212,2,school_small,1.0,1,83.0,224,0.0,0.0,1.0,70.7,0.3336
213,2,school_small,0.75,0,109.0,300,0.0,0.0,1.0,-301.19,0.3303
214,2,school_small,0.75,0,94.0,300,0.0,0.0,1.0,-264.35,0.3272
215,2,school_small,1.0,1,136.5,183,0.0,0.0,1.0,-68.53,0.3243
216,2,school_small,0.25,0,109.0,300,0.0,0.0,1.0,-830.18,0.319
217,2,school_small,0.75,0,71.67,300,0.0,0.0,1.0,-207.53,0.3163
218,2,school_small,1.0,1,134.5,286,0.0,0.0,1.0,-68.83,0.3134
219,2,school_small,0.75,0,56.67,300,0.0,0.0,1.0,-159.14,0.311
220,2,school_small,0.75,0,153.0,300,0.0,0.0,1.0,-391.89,0.307
221,2,school_small,0.75,0,157.0,300,0.0,0.0,1.0,-395.78,0.3029
222,2,school_small,0.75,0,97.67,300,0.0,0.0,1.0,-228.88,0.2998
223,2,school_small,1.0,1,76.5,157,0.0,0.0,1.0,96.05,0.2981
224,2,school_small,0.75,0,135.67,300,0.0,0.0,1.0,-340.57,0.2944
225,2,school_small,1.0,1,122.25,181,0.0,0.0,1.0,-49.96,0.2918
226,2,school_small,1.0,1,168.25,242,0.0,0.0,1.0,-194.1,0.2883
227,2,school_small,1.0,1,94.25,203,0.0,0.0,1.0,55.69,0.2863
228,2,school_small,1.0,1,96.25,224,0.0,0.0,1.0,38.1,0.2842
229,3,office_wing_small,0.0,0,300,300,0.24,0.1728,1.0595,-1402.68,0.9937
230,3,office_wing_small,0.0,0,300,300,0.0,0.0,1.0,-1179.5,0.9873
231,3,office_wing_small,0.0,0,300,300,0.5,0.25,1.15,-1736.17,0.981
232,3,office_wing_small,0.0,0,300,300,0.0,0.0,1.0,-1202.15,0.9747
233,3,office_wing_small,0.0,0,300,300,0.105,0.0331,1.038,-1226.51,0.9683
234,3,office_wing_small,0.25,0,27.0,300,0.25,0.1875,1.075,-1307.08,0.9635
235,3,office_wing_small,0.0,0,300,300,0.0514,0.0079,1.0005,-1313.7,0.9571
236,3,office_wing_small,0.5,0,174.0,300,0.0,0.0,1.0,-759.06,0.9521
237,3,office_wing_small,0.0,0,300,300,0.0,0.0,1.0,-1207.27,0.9458
238,3,office_wing_small,0.0,0,300,300,0.25,0.1875,1.075,-1318.67,0.9395
239,3,office_wing_small,0.0,0,300,300,0.015,0.0007,1.0,-1178.23,0.9331
240,3,office_wing_small,0.5,0,102.0,300,0.0,0.0,1.0,-617.28,0.9289
241,3,office_wing_small,0.0,0,300,300,0.15,0.0675,1.0615,-1223.7,0.9225
242,3,office_wing_small,0.25,0,150.0,300,0.0,0.0,1.0,-941.88,0.917
243,3,office_wing_small,0.25,0,66.0,300,0.45,0.2075,1.15,-939.41,0.9119
244,3,office_wing_small,0.0,0,300,300,0.25,0.1875,1.075,-1598.19,0.9056
245,3,office_wing_small,0.25,0,230.0,300,0.065,0.0127,1.0359,-1166.96,0.8996
246,3,office_wing_small,0.5,0,164.0,300,0.03,0.0027,1.008,-754.03,0.8947
247,3,office_wing_small,0.25,0,115.0,300,0.25,0.1875,1.075,-1363.83,0.8893
248,3,office_wing_small,0.0,0,300,300,0.0,0.0,1.0,-1206.94,0.883
249,3,office_wing_small,0.25,0,75.0,300,0.5,0.25,1.15,-1084.56,0.8779
250,3,office_wing_small,0.0,0,300,300,0.0,0.0,1.0,-1177.17,0.8715
251,3,office_wing_small,0.5,0,197.5,300,0.0,0.0,1.0,-795.14,0.8663
252,3,office_wing_small,0.25,0,200.0,300,0.0,0.0,1.0007,-985.41,0.8605
253,3,office_wing_small,0.5,0,206.0,300,0.0,0.0,1.0,-808.7,0.8551
254,3,office_wing_small,0.25,0,73.0,300,0.0,0.0,1.0,-871.82,0.85
255,3,office_wing_small,0.25,0,58.0,300,0.0,0.0,1.0,-867.2,0.8449
256,3,office_wing_small,0.25,0,58.0,300,0.0,0.0,1.0,-857.63,0.8399
257,3,office_wing_small,0.25,0,209.0,300,0.09,0.0243,1.0391,-1214.97,0.834
258,3,office_wing_small,0.0,0,300,300,0.03,0.0027,1.0,-1158.81,0.8277
259,3,office_wing_small,0.5,0,85.5,300,0.09,0.0243,1.0391,-556.54,0.8236
260,3,office_wing_small,0.25,0,282.0,300,0.0,0.0,1.0,-1103.13,0.8174
261,3,office_wing_small,0.5,0,221.0,300,0.25,0.1875,1.075,-1110.51,0.8119
262,3,office_wing_small,0.25,0,109.0,300,0.0,0.0,1.0,-879.05,0.8066
263,3,office_wing_small,0.5,0,108.5,300,0.205,0.1261,1.047,-610.52,0.8023
264,3,office_wing_small,0.5,0,63.5,300,0.075,0.0061,1.008,-515.83,0.7984
265,3,office_wing_small,0.5,0,62.0,300,0.0,0.0,1.0,-516.41,0.7946
266,3,office_wing_small,0.5,0,145.0,300,0.295,0.0983,1.1175,-928.01,0.7899
267,3,office_wing_small,0.25,0,184.0,300,0.0,0.0,1.0,-994.55,0.7842
268,3,office_wing_small,0.25,0,98.0,300,0.01,0.0003,1.0002,-849.5,0.7789
269,3,office_wing_small,0.25,0,109.0,300,0.15,0.0675,1.0252,-1158.32,0.7736
270,3,office_wing_small,0.5,0,53.0,300,0.0,0.0,1.0,-512.31,0.7699
271,3,office_wing_small,0.5,0,138.0,300,0.0,0.0,1.0003,-667.99,0.7652
272,3,office_wing_small,0.0,0,300,300,0.1706,0.039,1.0452,-1256.43,0.7589
273,3,office_wing_small,0.5,0,36.0,300,0.0,0.0,1.0,-586.02,0.7554
274,3,office_wing_small,0.75,0,145.67,300,0.225,0.1519,1.075,-452.73,0.7515
275,3,office_wing_small,0.75,0,161.33,300,0.14,0.0588,1.0527,-458.89,0.7473
276,3,office_wing_small,0.75,0,144.33,300,0.0,0.0,1.0,-451.62,0.7435
277,3,office_wing_small,0.75,0,115.33,300,0.0,0.0,1.0,-329.01,0.7401
278,3,office_wing_small,0.25,0,233.0,300,0.0,0.0,1.0002,-930.85,0.7341
279,3,office_wing_small,0.25,0,49.0,300,0.0,0.0,1.0004,-786.29,0.7291
280,3,office_wing_small,0.75,0,166.33,300,0.04,0.0048,1.0,-652.68,0.7248
281,3,office_wing_small,0.5,0,112.0,300,0.0,0.0,1.0,-584.38,0.7205
282,3,office_wing_small,0.5,0,229.5,300,0.0,0.0,1.0,-858.25,0.7149
283,3,office_wing_small,0.5,0,180.5,300,0.155,0.0721,1.0255,-751.05,0.7098
284,3,office_wing_small,0.5,0,91.0,300,0.275,0.1769,1.0814,-728.8,0.7057
285,3,office_wing_small,0.75,0,79.33,300,0.0,0.0,1.0,-248.31,0.7029
286,3,office_wing_small,0.5,0,161.5,300,0.0,0.0,1.0,-664.53,0.698
287,3,office_wing_small,0.75,0,143.33,300,0.0,0.0,1.0,-413.11,0.6941
288,3,office_wing_small,0.5,0,136.0,300,0.0,0.0,1.0,-594.08,0.6895
289,3,office_wing_small,1.0,1,193.5,281,0.0,0.0,1.0,-505.99,0.6855
290,3,office_wing_small,0.5,0,119.5,300,0.0,0.0,1.0,-590.18,0.681
291,3,office_wing_small,0.25,0,60.0,300,0.0163,0.0008,1.0032,-921.91,0.676
292,3,office_wing_small,1.0,1,173.0,289,0.0,0.0,1.0,-273.94,0.6723
293,3,office_wing_small,0.5,0,246.0,300,0.0,0.0,1.0,-857.0,0.6665
294,3,office_wing_small,0.75,0,100.67,300,0.0,0.0,1.0,-337.74,0.6634
295,3,office_wing_small,0.75,0,120.33,300,0.0,0.0,1.0,-342.34,0.6599
296,3,office_wing_small,0.5,0,192.0,300,0.25,0.1875,1.075,-874.3,0.6547
297,3,office_wing_small,0.5,0,158.5,300,0.24,0.1728,1.075,-793.69,0.6499
298,3,office_wing_small,0.75,0,96.33,300,0.0,0.0,1.0,-261.35,0.6467
299,3,office_wing_small,0.25,0,200.0,300,0.0,0.0,1.0,-1086.81,0.6409
300,3,office_wing_small,1.0,1,205.0,284,0.0,0.0,1.0001,-397.95,0.6366
301,3,office_wing_small,0.5,0,155.0,300,0.0,0.0,1.0,-643.07,0.6318
302,3,office_wing_small,1.0,1,134.5,229,0.0,0.0,1.0,-237.77,0.629
303,3,office_wing_small,1.0,1,171.75,255,0.0,0.0,1.0,-260.11,0.6253
304,3,office_wing_small,1.0,1,39.75,60,0.0,0.0,1.0,188.85,0.6245
305,3,office_wing_small,0.25,0,281.0,300,0.25,0.1875,1.075,-1154.08,0.6183
306,3,office_wing_small,1.0,1,164.5,256,0.0,0.0,1.0,-238.39,0.6148
307,3,office_wing_small,1.0,1,146.75,264,0.0,0.0,1.0,-153.49,0.6117
308,3,office_wing_small,1.0,1,169.75,292,0.0,0.0,1.0,-253.62,0.6081
309,3,office_wing_small,0.5,0,160.5,300,0.0,0.0,1.0,-634.14,0.6033
310,3,office_wing_small,0.75,0,112.0,300,0.0,0.0,1.0,-298.2,0.5999
311,3,office_wing_small,0.75,0,137.0,300,0.0,0.0,1.0,-365.1,0.5961
312,3,office_wing_small,0.75,0,56.33,300,0.0,0.0,1.0,-151.16,0.5937
313,3,office_wing_small,0.75,0,78.0,300,0.0,0.0,1.0,-228.87,0.5908
314,3,office_wing_small,1.0,1,131.75,295,0.0,0.0,1.0,-124.26,0.5881
315,3,office_wing_small,0.75,0,123.0,300,0.0,0.0,1.0,-359.93,0.5845
316,3,office_wing_small,0.75,0,185.33,300,0.0,0.0,1.0,-685.01,0.58
317,3,office_wing_small,0.75,0,71.0,300,0.0,0.0,1.0,-208.09,0.5773
318,3,office_wing_small,0.75,0,83.0,300,0.0,0.0,1.0,-221.71,0.5744
319,3,office_wing_small,1.0,1,176.0,260,0.0,0.0,1.0,-254.35,0.5707
320,3,office_wing_small,1.0,1,97.75,181,0.0,0.0,1.0,-98.48,0.5686
321,3,office_wing_small,1.0,1,163.75,282,0.0,0.0,1.0,-200.51,0.5652
322,3,office_wing_small,0.75,0,134.0,300,0.25,0.1875,1.075,-517.62,0.5615
323,3,office_wing_small,0.75,0,137.0,300,0.0,0.0,1.0,-359.16,0.5577
324,3,office_wing_small,1.0,1,172.0,229,0.0,0.0,1.0,-236.69,0.5541
325,3,office_wing_small,0.75,0,116.33,300,0.0,0.0,1.0,-326.57,0.5507
326,3,office_wing_small,0.75,0,123.67,300,0.0,0.0,1.0,-384.24,0.5471
327,3,office_wing_small,1.0,1,162.25,258,0.01,0.0003,1.0033,-428.19,0.5437
328,4,library_small,0.0,0,300,300,0.12,0.0432,1.0438,-1258.11,0.9937
329,4,library_small,0.25,0,244.0,300,0.3,0.17,1.0942,-1429.77,0.9876
330,4,library_small,0.0,0,300,300,0.475,0.2269,1.15,-1581.8,0.9813
331,4,library_small,0.0,0,300,300,0.0,0.0,1.0,-1423.99,0.975
332,4,library_small,0.0,0,300,300,0.0,0.0,1.0,-1188.51,0.9686
333,4,library_small,0.0,0,300,300,1.0,0.0,1.3,-1999.86,0.9623
334,4,library_small,0.0,0,300,300,0.0,0.0,1.0,-1289.93,0.956
335,4,library_small,0.0,0,300,300,0.0,0.0,1.0,-1199.58,0.9496
336,4,library_small,0.0,0,300,300,0.0,0.0,1.0,-1207.01,0.9433
337,4,library_small,0.0,0,300,300,0.34,0.1668,1.0825,-1311.83,0.937
338,4,library_small,0.0,0,300,300,0.03,0.0027,1.008,-1215.16,0.9306
339,4,library_small,0.0,0,300,300,0.25,0.1875,1.075,-1221.42,0.9243
340,4,library_small,0.0,0,300,300,0.0,0.0,1.0,-1189.03,0.918
341,4,library_small,0.0,0,300,300,0.28,0.1752,1.075,-1216.35,0.9116
342,4,library_small,0.0,0,300,300,0.25,0.1875,1.075,-1344.73,0.9053
343,4,library_small,0.0,0,300,300,0.125,0.0469,1.0454,-1379.6,0.899
344,4,library_small,0.0,0,300,300,0.0,0.0,1.0,-1223.22,0.8926
345,4,library_small,0.0,0,300,300,0.0,0.0,1.0,-1205.49,0.8863
346,4,library_small,0.25,0,123.0,300,0.085,0.0217,1.0388,-982.29,0.8809
347,4,library_small,0.25,0,23.0,300,0.0,0.0,1.0,-822.29,0.876
348,4,library_small,0.0,0,300,300,0.0,0.0,1.0,-1172.6,0.8697
349,4,library_small,0.0,0,300,300,0.0,0.0,1.0,-1239.9,0.8634
350,4,library_small,0.0,0,300,300,0.0,0.0,1.0,-1191.21,0.857
351,4,library_small,0.25,0,226.0,300,0.0,0.0,1.0001,-1046.48,0.8511
352,4,library_small,0.25,0,28.0,300,0.0,0.0,1.0,-844.36,0.8462
353,4,library_small,0.25,0,124.0,300,0.0,0.0,1.0,-927.14,0.8408
354,4,library_small,0.0,0,300,300,0.0,0.0,1.0,-1195.61,0.8344
355,4,library_small,0.0,0,300,300,0.0,0.0,1.0,-1267.43,0.8281
356,4,library_small,0.0,0,300,300,0.25,0.1875,1.075,-1281.06,0.8218
357,4,library_small,0.0,0,300,300,0.0,0.0,1.0,-1196.3,0.8154
358,4,library_small,0.5,0,140.0,300,0.14,0.0588,1.0529,-810.83,0.8108
359,4,library_small,0.0,0,300,300,0.0,0.0,1.0,-1218.83,0.8045
360,4,library_small,0.0,0,300,300,0.0,0.0,1.0,-1173.4,0.7981
361,4,library_small,0.25,0,63.0,300,0.15,0.0675,1.0252,-855.62,0.7931
362,4,library_small,0.0,0,300,300,0.0,0.0,1.0,-1211.98,0.7867
363,4,library_small,0.0,0,300,300,0.0,0.0,1.0,-1181.79,0.7804
364,4,library_small,0.0,0,300,300,0.0,0.0,1.0,-1232.42,0.7741
365,4,library_small,0.0,0,300,300,0.0,0.0,1.0,-1203.76,0.7677
366,4,library_small,0.0,0,300,300,0.0,0.0,1.0,-1198.71,0.7614
367,4,library_small,0.25,0,234.0,300,0.0,0.0,1.0,-1032.44,0.7554
368,4,library_small,0.25,0,63.0,300,0.0,0.0,1.0,-848.27,0.7503
369,4,library_small,0.25,0,264.0,300,0.0,0.0,1.0,-1079.85,0.7442
370,4,library_small,0.0,0,300,300,0.0,0.0,1.0,-1186.86,0.7378
371,4,library_small,0.0,0,300,300,0.0,0.0,1.0,-1221.23,0.7315
372,4,library_small,0.0,0,300,300,0.0,0.0,1.0,-1191.49,0.7252
373,4,library_small,0.0,0,300,300,0.0,0.0,1.0,-1211.83,0.7188
374,4,library_small,0.0,0,300,300,0.0,0.0,1.0,-1197.16,0.7125
375,4,library_small,0.0,0,300,300,0.0,0.0,1.0,-1175.86,0.7062
376,4,library_small,0.0,0,300,300,0.0,0.0,1.0,-1166.98,0.6998
377,4,library_small,0.0,0,300,300,0.0,0.0,1.0,-1164.47,0.6935
378,4,library_small,0.0,0,300,300,0.0,0.0,1.0,-1172.68,0.6872
379,4,library_small,0.25,0,13.0,300,0.0,0.0,1.0,-782.84,0.6824
380,4,library_small,0.25,0,30.0,300,0.0,0.0,1.0,-854.07,0.6775
381,4,library_small,0.25,0,179.0,300,0.0,0.0,1.0,-992.06,0.6718
382,4,library_small,0.25,0,133.0,300,0.0,0.0,1.0,-943.93,0.6663
383,4,library_small,0.0,0,300,300,0.0,0.0,1.0,-1166.32,0.66
384,4,library_small,0.0,0,300,300,0.0,0.0,1.0,-1164.55,0.6537
385,4,library_small,0.25,0,20.0,300,0.0,0.0,1.0,-797.83,0.6488
386,4,library_small,0.25,0,22.0,300,0.0,0.0,1.0,-784.98,0.6439
387,4,library_small,0.5,0,103.5,300,0.0,0.0,1.0,-631.43,0.6397
388,4,library_small,0.5,0,52.0,300,0.0,0.0,1.0,-488.72,0.6359
389,4,library_small,0.5,0,223.5,300,0.0,0.0,1.0017,-840.38,0.6304
390,4,library_small,0.75,0,196.33,300,0.0,0.0,1.0,-662.72,0.6257
391,4,library_small,1.0,1,144.75,268,0.28,0.1752,1.083,-225.58,0.6227
392,4,library_small,1.0,1,191.5,259,0.0,0.0,1.0,-352.28,0.6186
393,4,library_small,0.25,0,248.0,300,0.0,0.0,1.0,-980.03,0.6126
394,4,library_small,0.75,0,170.67,300,0.0,0.0,1.0,-517.07,0.6083
395,4,library_small,1.0,1,164.0,243,0.0,0.0,1.0,-241.32,0.6048
396,4,library_small,0.5,0,247.0,300,0.0,0.0,1.0,-856.61,0.5991
397,4,library_small,0.25,0,126.0,300,0.0,0.0,1.0,-889.27,0.5936
398,4,library_small,0.75,0,131.67,300,0.0,0.0,1.0,-382.66,0.59
399,4,library_small,1.0,1,128.5,177,0.2986,0.1237,1.1128,-146.66,0.5873
400,4,library_small,0.5,0,144.5,300,0.0,0.0,1.0,-632.61,0.5826
401,4,library_small,0.75,0,232.33,300,0.0,0.0,1.0,-650.84,0.5773
402,4,library_small,0.25,0,226.0,300,0.0,0.0,1.0,-979.0,0.5714
403,4,library_small,0.75,0,131.0,300,0.0,0.0,1.0,-358.74,0.5677
404,4,library_small,0.5,0,99.5,300,0.0,0.0,1.0,-618.86,0.5635
405,4,library_small,0.5,0,30.0,300,0.0,0.0,1.0,-465.77,0.56
406,4,library_small,1.0,1,186.75,275,0.455,0.2111,1.15,-338.17,0.5561
407,4,library_small,0.75,0,130.67,300,0.0,0.0,1.0,-383.98,0.5524
408,4,library_small,0.75,0,232.33,300,0.0,0.0,1.0,-654.53,0.5471
409,4,library_small,1.0,1,137.0,248,0.0,0.0,1.0,-167.85,0.5443
410,4,library_small,1.0,1,128.5,227,0.0,0.0,1.0001,-108.44,0.5415
411,4,library_small,1.0,1,187.5,244,0.0,0.0,1.0,-352.82,0.5376
412,4,library_small,1.0,1,202.0,289,0.0,0.0,1.0,-373.31,0.5333
413,4,library_small,0.5,0,73.5,300,0.0,0.0,1.0,-519.58,0.5294
414,4,library_small,0.75,0,156.33,300,0.0,0.0,1.0,-457.3,0.5253
415,4,library_small,1.0,1,172.75,214,0.0,0.0,1.0,-235.81,0.5217
416,4,library_small,0.75,0,69.67,300,0.25,0.1075,1.0945,-199.92,0.519
417,4,library_small,0.75,0,154.67,300,0.0,0.0,1.0,-412.22,0.515
418,4,library_small,0.75,0,134.33,300,0.0,0.0,1.0,-382.5,0.5112
419,4,library_small,0.75,0,223.33,300,0.0,0.0,1.0,-610.01,0.5061
420,4,library_small,0.75,0,133.0,300,0.0,0.0,1.0,-358.74,0.5024
421,4,library_small,1.0,1,168.25,215,0.0,0.0,1.0,-232.98,0.4989
422,4,library_small,1.0,1,185.5,211,0.0,0.0,1.0001,-308.83,0.495
423,4,library_small,1.0,1,190.0,216,0.0,0.0,1.0,-290.29,0.4909
424,4,library_small,0.75,0,153.33,300,0.0,0.0,1.0,-414.89,0.4869
425,4,library_small,0.75,0,192.0,300,0.0,0.0,1.0,-510.27,0.4823
426,4,library_small,0.75,0,135.0,300,0.0,0.0,1.0,-340.63,0.4786
427,4,library_small,1.0,1,118.5,170,0.0,0.0,1.0004,-63.98,0.4761
428,4,library_small,1.0,1,132.5,179,0.0,0.0,1.0,-132.59,0.4733
429,5,library_medium,0.0,0,400,400,0.3333,0.2222,1.1,-3224.64,0.9933
430,5,library_medium,0.1667,0,5.0,400,0.0,0.0,1.0,-2433.92,0.9877
431,5,library_medium,0.0,0,400,400,0.5,0.25,1.15,-3248.98,0.981
432,5,library_medium,0.3333,0,19.5,400,0.0,0.0,1.0,-1471.06,0.9764
433,5,library_medium,0.1667,0,9.0,400,0.0,0.0,1.0,-1891.7,0.9708
434,5,library_medium,0.1667,0,207.0,400,0.3,0.1833,1.1,-2278.55,0.9646
435,5,library_medium,0.0,0,400,400,0.1667,0.1389,1.05,-3027.63,0.9579
436,5,library_medium,0.3333,0,185.0,400,0.0,0.0,1.0,-1754.28,0.9524
437,5,library_medium,0.1667,0,6.0,400,0.1667,0.1389,1.05,-2202.23,0.9468
438,5,library_medium,0.3333,0,106.5,400,0.1667,0.1389,1.05,-1758.38,0.9417
439,5,library_medium,0.0,0,400,400,0.0,0.0,1.0,-2705.93,0.935
440,5,library_medium,0.0,0,400,400,0.3333,0.2222,1.1,-2512.36,0.9283
441,5,library_medium,0.1667,0,167.0,400,0.2167,0.1259,1.0759,-2182.51,0.9223
442,5,library_medium,0.1667,0,4.0,400,0.1667,0.1389,1.0498,-1933.4,0.9167
443,5,library_medium,0.0,0,400,400,0.2214,0.1311,1.0694,-2584.6,0.91
444,5,library_medium,0.1667,0,104.0,400,0.0,0.0,1.0,-2258.43,0.9041
445,5,library_medium,0.1667,0,300.0,400,0.0,0.0,1.0,-2337.33,0.8977
446,5,library_medium,0.3333,0,237.5,400,0.0,0.0,1.0,-1930.13,0.8919
447,5,library_medium,0.3333,0,145.5,400,0.0333,0.0056,1.013,-2003.18,0.8866
448,5,library_medium,0.3333,0,230.0,400,0.14,0.098,1.05,-2294.42,0.8808
449,5,library_medium,0.1667,0,6.0,400,0.0,0.0,1.0,-1893.37,0.8752
450,5,library_medium,0.3333,0,127.5,400,0.0,0.0,1.0,-1679.17,0.8701
451,5,library_medium,0.3333,0,221.0,400,0.0,0.0,1.0,-2004.04,0.8643
452,5,library_medium,0.3333,0,241.5,400,0.2679,0.105,1.0796,-2160.56,0.8585
453,5,library_medium,0.3333,0,152.5,400,0.0,0.0,1.0,-1691.16,0.8532
454,5,library_medium,0.3333,0,235.5,400,0.1667,0.1389,1.05,-1947.34,0.8474
455,5,library_medium,0.5,0,167.67,400,0.0,0.0,1.0,-1419.12,0.8427
456,5,library_medium,0.3333,0,95.0,400,0.0,0.0,1.0,-1549.56,0.8377
457,5,library_medium,0.3333,0,144.0,400,0.0,0.0,1.0,-1987.79,0.8324
458,5,library_medium,0.8333,0,127.0,400,0.0,0.0,1.0,-887.85,0.8295
459,5,library_medium,0.5,0,132.0,400,0.0,0.0,1.0,-1367.9,0.825
460,5,library_medium,0.6667,0,200.25,400,0.0,0.0,1.0,-1203.22,0.8206
461,5,library_medium,0.8333,0,219.8,400,0.0,0.0,1.0,-1063.57,0.8164
462,5,library_medium,0.6667,0,294.25,400,0.1383,0.0957,1.0498,-1678.93,0.8108
463,5,library_medium,0.6667,0,200.0,400,0.0,0.0,1.0,-1185.99,0.8064
464,5,library_medium,0.3333,0,101.5,400,0.0,0.0,1.0,-1640.85,0.8013
465,5,library_medium,0.3333,0,205.5,400,0.1653,0.0546,1.0502,-1965.74,0.7957
466,5,library_medium,0.8333,0,137.6,400,0.1667,0.1389,1.05,-715.13,0.7927
467,5,library_medium,0.5,0,207.33,400,0.0,0.0,1.0,-1572.64,0.7876
468,5,library_medium,0.3333,0,246.5,400,0.0,0.0,1.0001,-2001.2,0.7817
469,5,library_medium,0.8333,0,128.8,400,0.0,0.0,1.0,-567.75,0.7788
470,5,library_medium,0.8333,0,183.8,400,0.0,0.0,1.0,-1046.33,0.7751
471,5,library_medium,0.5,0,248.0,400,0.029,0.0026,1.0066,-1731.8,0.7697
472,5,library_medium,0.8333,0,188.2,400,0.0,0.0,1.0,-858.86,0.766
473,5,library_medium,0.6667,0,200.25,400,0.14,0.098,1.0376,-1459.03,0.7615
474,5,library_medium,0.1667,0,84.0,400,0.2267,0.1369,1.0761,-2215.48,0.7557
475,5,library_medium,0.6667,0,238.0,400,0.1667,0.1389,1.05,-1648.74,0.7508
476,5,library_medium,0.6667,0,144.25,400,0.0,0.0,1.0,-963.13,0.7469
477,5,library_medium,0.8333,0,196.2,400,0.0,0.0,1.0,-1032.05,0.7431
478,5,library_medium,1.0,1,153.33,276,0.0,0.0,1.0,-361.71,0.7405
479,5,library_medium,0.8333,0,166.6,400,0.0,0.0,1.0,-813.64,0.737
480,5,library_medium,0.6667,0,190.75,400,0.0567,0.0161,1.0259,-1405.98,0.7327
481,5,library_medium,0.8333,0,174.4,400,0.1667,0.1389,1.05,-1051.33,0.7291
482,5,library_medium,0.8333,0,123.2,400,0.0,0.0,1.0,-614.05,0.7263
483,5,library_medium,0.6667,0,165.5,400,0.3333,0.2222,1.1,-1544.87,0.7222
484,5,library_medium,0.6667,0,122.25,400,0.3333,0.2222,1.1,-1345.89,0.7186
485,5,library_medium,0.6667,0,103.25,400,0.3333,0.2222,1.1,-1298.57,0.7152
486,5,library_medium,1.0,1,175.0,241,0.0,0.0,1.0,-486.47,0.7123
487,5,library_medium,0.8333,0,130.8,400,0.19,0.1002,1.0755,-741.94,0.7093
488,5,library_medium,1.0,1,217.33,343,0.0833,0.0347,1.0302,-717.78,0.7057
489,5,library_medium,0.6667,0,83.5,400,0.16,0.128,1.0511,-995.15,0.7025
490,5,library_medium,1.0,1,140.83,214,0.0033,0.0001,1.0017,-277.95,0.7001
491,5,library_medium,0.6667,0,149.0,400,0.1667,0.1389,1.05,-1156.66,0.6962
492,5,library_medium,0.6667,0,102.0,400,0.3333,0.2222,1.1,-1260.14,0.6929
493,5,library_medium,1.0,1,122.83,277,0.0,0.0,1.0,-175.9,0.6908
494,5,library_medium,0.6667,0,157.5,400,0.1603,0.0639,1.0698,-1377.87,0.6868
495,5,library_medium,1.0,1,137.17,205,0.0,0.0,1.0,-251.08,0.6845
496,5,library_medium,1.0,1,185.17,237,0.0,0.0,1.0,-537.61,0.6814
497,5,library_medium,0.8333,0,117.4,400,0.1667,0.1389,1.05,-702.39,0.6787
498,5,library_medium,1.0,1,169.67,277,0.1422,0.0481,1.0582,-512.95,0.6758
499,5,library_medium,0.5,0,122.33,400,0.5,0.25,1.15,-1312.89,0.6714
500,5,library_medium,1.0,1,100.67,249,0.0,0.0,1.0,-38.76,0.6697
501,5,library_medium,1.0,1,82.83,132,0.0,0.0,1.0,65.03,0.6684
502,5,library_medium,0.6667,0,134.0,400,0.39,0.2005,1.1259,-1316.84,0.6646
503,5,library_medium,0.8333,0,155.2,400,0.1667,0.1389,1.05,-864.67,0.6613
504,5,library_medium,0.8333,0,125.8,400,0.2167,0.1347,1.0756,-724.95,0.6585
505,6,hazard_corridor_small,0.5,0,102.0,350,0.465,0.2187,1.15,-1002.83,0.9948
506,6,hazard_corridor_small,0.0,0,350,350,0.07,0.0147,1.0382,-1433.68,0.9869
507,6,hazard_corridor_small,0.0,0,350,350,0.25,0.1875,1.075,-1591.03,0.9789
508,6,hazard_corridor_small,0.5,0,118.0,350,0.2,0.12,1.075,-1013.19,0.9735
509,6,hazard_corridor_small,0.5,0,89.5,350,0.6104,0.1499,1.1953,-804.41,0.9685
510,6,hazard_corridor_small,0.0,0,350,350,0.0,0.0,1.0,-1730.72,0.9606
511,6,hazard_corridor_small,0.5,0,52.5,350,0.43,0.1857,1.1489,-736.62,0.956
512,6,hazard_corridor_small,0.25,0,346.0,350,0.235,0.1657,1.075,-1487.41,0.948
513,6,hazard_corridor_small,0.0,0,350,350,0.0,0.0,1.0,-1389.24,0.94
514,6,hazard_corridor_small,0.0,0,350,350,0.0,0.0,1.0,-1391.03,0.932
515,6,hazard_corridor_small,0.0,0,350,350,0.0,0.0,1.0,-1364.74,0.924
516,6,hazard_corridor_small,0.25,0,142.0,350,0.22,0.1452,1.075,-1140.88,0.9172
517,6,hazard_corridor_small,0.5,0,135.0,350,0.39,0.1553,1.15,-1012.55,0.9117
518,6,hazard_corridor_small,0.25,0,49.0,350,0.23,0.1587,1.075,-1015.8,0.9055
519,6,hazard_corridor_small,0.0,0,350,350,0.0,0.0,1.0,-1384.15,0.8975
520,6,hazard_corridor_small,0.25,0,216.0,350,0.0,0.0,1.0,-1155.14,0.8903
521,6,hazard_corridor_small,0.25,0,220.0,350,0.235,0.1657,1.075,-1283.24,0.883
522,6,hazard_corridor_small,0.5,0,122.5,350,0.315,0.1005,1.127,-795.04,0.8776
523,6,hazard_corridor_small,0.5,0,103.0,350,0.18,0.0972,1.075,-951.97,0.8725
524,6,hazard_corridor_small,0.25,0,6.0,350,0.0,0.0,1.0,-1101.0,0.8664
525,6,hazard_corridor_small,0.5,0,10.5,350,0.07,0.0147,1.0325,-543.06,0.8623
526,6,hazard_corridor_small,0.25,0,138.0,350,0.0,0.0,1.0,-1088.16,0.8555
527,6,hazard_corridor_small,0.25,0,15.0,350,0.15,0.0675,1.0325,-987.71,0.8495
528,6,hazard_corridor_small,0.25,0,263.0,350,0.47,0.2227,1.15,-1278.61,0.842
529,6,hazard_corridor_small,0.25,0,106.0,350,0.0,0.0,1.0,-1055.43,0.8354
530,6,hazard_corridor_small,0.25,0,250.0,350,0.215,0.1223,1.0783,-1224.54,0.828
531,6,hazard_corridor_small,0.25,0,6.0,350,0.25,0.1875,1.0749,-1060.73,0.822
532,6,hazard_corridor_small,0.5,0,56.5,350,0.23,0.1587,1.0749,-661.05,0.8173
533,6,hazard_corridor_small,0.5,0,68.5,350,0.23,0.1587,1.0723,-690.96,0.8126
534,6,hazard_corridor_small,0.5,0,52.0,350,0.36,0.1538,1.1191,-790.62,0.808
535,6,hazard_corridor_small,0.25,0,22.0,350,0.24,0.1728,1.0699,-980.31,0.8019
536,6,hazard_corridor_small,0.5,0,109.0,350,0.2,0.12,1.075,-760.03,0.7966
537,6,hazard_corridor_small,0.25,0,8.0,350,0.3364,0.1062,1.0847,-1032.0,0.7906
538,6,hazard_corridor_small,0.5,0,103.5,350,0.23,0.1587,1.075,-948.89,0.7854
539,6,hazard_corridor_small,0.0,0,350,350,0.0,0.0,1.0,-1389.02,0.7774
540,6,hazard_corridor_small,0.5,0,288.0,350,0.295,0.1483,1.1054,-1318.96,0.7702
541,6,hazard_corridor_small,0.25,0,65.0,350,0.0,0.0,1.0,-1019.92,0.7638
542,6,hazard_corridor_small,0.75,0,206.0,350,0.29,0.1489,1.0993,-955.11,0.7583
543,6,hazard_corridor_small,0.75,0,28.33,350,0.345,0.1503,1.0991,-189.48,0.7558
544,6,hazard_corridor_small,0.5,0,108.5,350,0.245,0.1801,1.075,-817.95,0.7506
545,6,hazard_corridor_small,0.5,0,244.5,350,0.2,0.12,1.075,-1016.2,0.7438
546,6,hazard_corridor_small,0.5,0,15.0,350,0.21,0.1323,1.0729,-598.86,0.7396
547,6,hazard_corridor_small,0.5,0,233.5,350,0.21,0.1323,1.075,-980.32,0.733
548,6,hazard_corridor_small,0.25,0,59.0,350,0.0,0.0,1.0,-1026.3,0.7267
549,6,hazard_corridor_small,0.75,0,139.33,350,0.365,0.1553,1.116,-508.41,0.7223
550,6,hazard_corridor_small,0.5,0,263.5,350,0.05,0.0075,1.0195,-1053.9,0.7153
551,6,hazard_corridor_small,0.5,0,138.0,350,0.19,0.1083,1.075,-811.16,0.7097
552,6,hazard_corridor_small,0.75,0,145.67,350,0.545,0.1003,1.2229,-579.89,0.7052
553,6,hazard_corridor_small,0.75,0,141.0,350,0.475,0.2257,1.1502,-593.78,0.7008
554,6,hazard_corridor_small,0.0,0,350,350,0.0,0.0,1.0,-1377.84,0.6928
555,6,hazard_corridor_small,0.5,0,165.5,350,0.18,0.0972,1.075,-907.36,0.6869
556,6,hazard_corridor_small,0.25,0,218.0,350,0.19,0.1083,1.075,-1171.07,0.6797
557,6,hazard_corridor_small,0.5,0,171.5,350,0.0,0.0,1.0,-851.85,0.6738
558,6,hazard_corridor_small,0.5,0,112.0,350,0.465,0.2163,1.15,-909.44,0.6685
559,6,hazard_corridor_small,0.75,0,58.0,350,0.23,0.1587,1.075,-320.26,0.6655
560,6,hazard_corridor_small,0.5,0,54.5,350,0.0,0.0,1.0,-620.83,0.6609
561,6,hazard_corridor_small,0.75,0,126.33,350,0.2069,0.0497,1.0498,-481.62,0.6567
562,6,hazard_corridor_small,1.0,1,167.5,341,0.18,0.0972,1.0595,-307.99,0.6529
563,6,hazard_corridor_small,1.0,1,132.5,227,0.485,0.1177,1.1891,-300.11,0.6499
564,6,hazard_corridor_small,1.0,1,141.0,248,0.21,0.1323,1.0651,-203.86,0.6467
565,6,hazard_corridor_small,1.0,1,126.75,206,0.4089,0.1048,1.1542,-203.33,0.6438
566,6,hazard_corridor_small,0.5,0,109.5,350,0.02,0.0012,1.0,-705.72,0.6386
567,6,hazard_corridor_small,0.75,0,78.0,350,0.235,0.1657,1.075,-386.03,0.6352
568,6,hazard_corridor_small,1.0,1,74.5,143,0.48,0.2304,1.15,-105.58,0.6335
569,6,hazard_corridor_small,0.75,0,120.67,350,0.485,0.2357,1.15,-541.26,0.6295
570,6,hazard_corridor_small,1.0,1,179.0,213,0.49,0.2403,1.15,-642.68,0.6254
571,6,hazard_corridor_small,1.0,1,70.25,106,0.2715,0.1643,1.075,15.79,0.6238
572,6,hazard_corridor_small,1.0,1,69.5,96,0.235,0.1657,1.075,43.48,0.6222
573,6,hazard_corridor_small,1.0,1,118.25,283,0.21,0.0779,1.0633,-133.57,0.6195
574,6,hazard_corridor_small,0.5,0,110.5,350,0.25,0.1875,1.075,-730.69,0.6143
575,6,hazard_corridor_small,0.75,0,49.0,350,0.485,0.0985,1.1756,-213.24,0.6114
576,6,hazard_corridor_small,1.0,1,55.5,138,0.0,0.0,1.0,138.56,0.6101
577,6,hazard_corridor_small,1.0,1,82.0,132,0.3,0.1548,1.075,10.87,0.6083
578,6,hazard_corridor_small,1.0,1,141.5,308,0.385,0.1523,1.15,-200.28,0.6051
579,6,hazard_corridor_small,1.0,1,147.25,252,0.315,0.1605,1.1002,-267.06,0.6017
580,6,hazard_corridor_small,1.0,1,132.5,185,0.29,0.0969,1.1129,-218.57,0.5987
581,6,hazard_corridor_small,1.0,1,76.5,136,0.6432,0.0574,1.1954,-97.58,0.5969
582,6,hazard_corridor_small,1.0,1,92.25,177,0.275,0.1597,1.075,-16.13,0.5948
583,6,hazard_corridor_small,1.0,1,94.75,273,0.26,0.1324,1.0811,-23.06,0.5927
584,7,hazard_near_exit_small,0.0,0,350,350,0.0,0.0,1.0,-2079.52,0.9967
585,7,hazard_near_exit_small,0.0,0,350,350,0.0,0.0,1.0,-2059.77,0.9933
586,7,hazard_near_exit_small,0.1667,0,150.0,350,0.0,0.0,1.0,-1787.14,0.9903
587,7,hazard_near_exit_small,0.0,0,350,350,0.0,0.0,1.0,-2068.85,0.987
588,7,hazard_near_exit_small,0.1667,0,261.0,350,0.0,0.0,1.0,-1879.41,0.9838
589,7,hazard_near_exit_small,0.0,0,350,350,0.0,0.0,1.0,-2078.44,0.9805
590,7,hazard_near_exit_small,0.3333,0,161.5,350,0.0,0.0,1.0,-1516.97,0.9778
591,7,hazard_near_exit_small,0.0,0,350,350,0.0,0.0,1.0,-2069.35,0.9745
592,7,hazard_near_exit_small,0.0,0,350,350,0.0,0.0,1.0,-2063.9,0.9711
593,7,hazard_near_exit_small,0.3333,0,301.5,350,0.0,0.0,1.0,-1813.94,0.968
594,7,hazard_near_exit_small,0.0,0,350,350,0.0,0.0,1.0,-2064.97,0.9646
595,7,hazard_near_exit_small,0.1667,0,175.0,350,0.0,0.0,1.0,-1799.79,0.9616
596,7,hazard_near_exit_small,0.3333,0,174.5,350,0.0,0.0,1.0,-1561.74,0.9588
597,7,hazard_near_exit_small,0.1667,0,218.0,350,0.0,0.0,1.0,-1844.26,0.9557
598,7,hazard_near_exit_small,0.3333,0,202.5,350,0.0,0.0,1.0,-1623.44,0.9528
599,7,hazard_near_exit_small,0.3333,0,294.0,350,0.0,0.0,1.0,-1802.95,0.9497
600,7,hazard_near_exit_small,0.1667,0,192.0,350,0.1667,0.1389,1.05,-1873.73,0.9466
601,7,hazard_near_exit_small,0.1667,0,281.0,350,0.0,0.0,1.0,-1893.89,0.9434
602,7,hazard_near_exit_small,0.5,0,238.33,350,0.0,0.0,1.0,-1468.79,0.9406
603,7,hazard_near_exit_small,0.8333,0,255.4,350,0.0,0.0,1.0,-1151.08,0.938
604,7,hazard_near_exit_small,0.5,0,182.67,350,0.0,0.0,1.0,-1297.67,0.9355
605,7,hazard_near_exit_small,0.1667,0,311.0,350,0.0,0.0,1.0,-1934.91,0.9322
606,7,hazard_near_exit_small,0.6667,0,279.5,350,0.0,0.0,1.0,-1453.92,0.9294
607,7,hazard_near_exit_small,0.1667,0,121.0,350,0.0,0.0,1.0,-1758.99,0.9264
608,7,hazard_near_exit_small,0.3333,0,161.0,350,0.0,0.0,1.0,-1502.79,0.9237
609,7,hazard_near_exit_small,0.1667,0,125.0,350,0.0,0.0,1.0,-1750.37,0.9207
610,7,hazard_near_exit_small,0.6667,0,162.75,350,0.0,0.0,1.0,-978.28,0.9186
611,7,hazard_near_exit_small,0.5,0,209.0,350,0.0,0.0,1.0,-1376.49,0.9159
612,7,hazard_near_exit_small,0.5,0,210.33,350,0.0,0.0,1.0,-1412.04,0.9133
613,7,hazard_near_exit_small,0.5,0,248.0,350,0.0,0.0,1.0,-1502.7,0.9104
614,7,hazard_near_exit_small,0.3333,0,321.0,350,0.0,0.0,1.0,-1822.65,0.9072
615,7,hazard_near_exit_small,0.3333,0,145.5,350,0.0,0.0,1.0,-1475.47,0.9045
616,7,hazard_near_exit_small,0.5,0,155.67,350,0.0,0.0,1.0,-1220.05,0.9021
617,7,hazard_near_exit_small,0.5,0,234.33,350,0.0,0.0,1.0,-1455.37,0.8993
618,7,hazard_near_exit_small,0.5,0,127.33,350,0.0,0.0,1.0,-1133.49,0.8971
619,7,hazard_near_exit_small,0.5,0,211.0,350,0.0,0.0,1.0,-1398.35,0.8944
620,7,hazard_near_exit_small,0.3333,0,175.0,350,0.0,0.0,1.0,-1541.9,0.8916
621,7,hazard_near_exit_small,1.0,1,198.17,348,0.0,0.0,1.0,-640.85,0.8897
622,7,hazard_near_exit_small,0.6667,0,192.5,350,0.1667,0.1389,1.05,-1216.26,0.8874
623,7,hazard_near_exit_small,0.6667,0,185.5,350,0.0,0.0,1.0,-1075.45,0.8851
624,7,hazard_near_exit_small,0.8333,0,147.8,350,0.0,0.0,1.0,-639.55,0.8834
625,7,hazard_near_exit_small,0.6667,0,199.75,350,0.0,0.0,1.0,-1117.79,0.881
626,7,hazard_near_exit_small,0.5,0,274.67,350,0.0,0.0,1.0,-1549.49,0.8781
627,7,hazard_near_exit_small,0.5,0,178.67,350,0.0,0.0,1.0,-1274.12,0.8756
628,7,hazard_near_exit_small,0.5,0,150.0,350,0.0,0.0,1.0,-1197.25,0.8732
629,7,hazard_near_exit_small,0.6667,0,249.5,350,0.0,0.0,1.0,-1316.39,0.8705
630,7,hazard_near_exit_small,0.6667,0,147.5,350,0.0,0.0,1.0,-914.01,0.8684
631,7,hazard_near_exit_small,0.5,0,178.33,350,0.0,0.0,1.0,-1286.31,0.8659
632,7,hazard_near_exit_small,0.8333,0,159.0,350,0.0,0.0,1.0,-679.12,0.8641
633,7,hazard_near_exit_small,0.8333,0,186.2,350,0.0,0.0,1.0,-817.63,0.8621
634,7,hazard_near_exit_small,0.8333,0,232.2,350,0.0,0.0,1.0,-1030.43,0.8597
635,7,hazard_near_exit_small,0.6667,0,127.25,350,0.0,0.0,1.0,-831.7,0.8578
636,7,hazard_near_exit_small,0.6667,0,124.75,350,0.0,0.0,1.0,-832.04,0.8559
637,7,hazard_near_exit_small,0.6667,0,179.25,350,0.0,0.0,1.0,-1025.29,0.8536
638,7,hazard_near_exit_small,0.8333,0,142.4,350,0.0,0.0,1.0,-619.31,0.852
639,7,hazard_near_exit_small,0.6667,0,91.5,350,0.0,0.0,1.0,-693.13,0.8503
640,7,hazard_near_exit_small,1.0,1,271.67,349,0.0,0.0,1.0,-1084.79,0.8477
641,7,hazard_near_exit_small,0.8333,0,188.4,350,0.0,0.0,1.0,-823.03,0.8457
642,7,hazard_near_exit_small,1.0,1,159.83,262,0.0,0.0,1.0,-409.97,0.8441
643,7,hazard_near_exit_small,1.0,1,163.33,292,0.0,0.0,1.0,-422.34,0.8426
644,7,hazard_near_exit_small,0.8333,0,162.8,350,0.0,0.0,1.0,-694.97,0.8407
645,7,hazard_near_exit_small,1.0,1,179.5,277,0.0,0.0,1.0,-518.79,0.839
646,7,hazard_near_exit_small,1.0,1,210.67,308,0.0,0.0,1.0,-712.6,0.837
647,7,hazard_near_exit_small,0.8333,0,99.4,350,0.0,0.0,1.0,-397.62,0.8357
648,7,hazard_near_exit_small,1.0,1,180.67,338,0.0,0.0,1.0,-535.21,0.834
649,7,hazard_near_exit_small,0.8333,0,146.0,350,0.1667,0.1389,1.05,-716.46,0.8323
650,7,hazard_near_exit_small,1.0,1,181.67,272,0.0,0.0,1.0,-538.01,0.8305
651,7,hazard_near_exit_small,1.0,1,149.33,248,0.0,0.0,1.0,-336.16,0.8291
652,7,hazard_near_exit_small,1.0,1,192.5,301,0.0,0.0,1.0,-615.29,0.8273
653,7,hazard_near_exit_small,1.0,1,162.33,258,0.0,0.0,1.0,-422.0,0.8257
654,8,school_floor,0.0,0,400,400,0.0,0.0,1.0,-3149.42,0.996
655,8,school_floor,0.0,0,400,400,0.1925,0.1244,1.0624,-3438.17,0.992
656,8,school_floor,0.0,0,400,400,0.125,0.1094,1.0375,-3653.04,0.988
657,8,school_floor,0.0,0,400,400,0.0,0.0,1.0,-3405.28,0.984
658,8,school_floor,0.0,0,400,400,0.0,0.0,1.0,-3161.02,0.98
659,8,school_floor,0.0,0,400,400,0.1025,0.0735,1.0375,-3699.1,0.9761
660,8,school_floor,0.0,0,400,400,0.125,0.1094,1.0375,-3266.64,0.9721
661,8,school_floor,0.0,0,400,400,0.1275,0.0999,1.0375,-3327.62,0.9681
662,8,school_floor,0.0,0,400,400,0.0,0.0,1.0,-3195.8,0.9641
663,8,school_floor,0.0,0,400,400,0.0,0.0,1.0,-3217.17,0.9601
664,8,school_floor,0.0,0,400,400,0.135,0.1076,1.0401,-3394.08,0.9561
665,8,school_floor,0.0,0,400,400,0.125,0.1094,1.0375,-3333.98,0.9521
666,8,school_floor,0.0,0,400,400,0.1025,0.0735,1.0367,-3455.68,0.9481
667,8,school_floor,0.0,0,400,400,0.125,0.1094,1.0375,-3311.79,0.9441
668,8,school_floor,0.0,0,400,400,0.1075,0.0809,1.0375,-3558.0,0.9401
669,8,school_floor,0.0,0,400,400,0.0,0.0,1.0,-3135.64,0.9361
670,8,school_floor,0.0,0,400,400,0.0875,0.0536,1.0138,-3353.08,0.9321
671,8,school_floor,0.0,0,400,400,0.125,0.1094,1.0375,-3427.95,0.9282
672,8,school_floor,0.0,0,400,400,0.25,0.1875,1.075,-3570.92,0.9242
673,8,school_floor,0.0,0,400,400,0.0,0.0,1.0,-3179.66,0.9202
674,8,school_floor,0.0,0,400,400,0.0,0.0,1.0002,-3667.7,0.9162
675,8,school_floor,0.0,0,400,400,0.2425,0.1766,1.075,-3396.1,0.9122
676,8,school_floor,0.0,0,400,400,0.25,0.1875,1.0745,-3454.66,0.9082
677,8,school_floor,0.0,0,400,400,0.105,0.0772,1.0254,-3509.95,0.9042
678,8,school_floor,0.0,0,400,400,0.125,0.1094,1.0375,-3563.63,0.9002
679,8,school_floor,0.0,0,400,400,0.375,0.2344,1.1093,-3517.68,0.8962
680,8,school_floor,0.0,0,400,400,0.16,0.0768,1.075,-3396.88,0.8922
681,8,school_floor,0.0,0,400,400,0.25,0.1875,1.075,-3484.4,0.8882
682,8,school_floor,0.0,0,400,400,0.2399,0.1731,1.075,-3378.62,0.8842
683,8,school_floor,0.0,0,400,400,0.1157,0.0623,1.0376,-3343.25,0.8803
684,8,school_floor,0.0,0,400,400,0.0,0.0,1.0,-3274.04,0.8763
685,8,school_floor,0.125,0,224.0,400,0.105,0.0772,1.0374,-2957.51,0.8725
686,8,school_floor,0.0,0,400,400,0.0,0.0,1.0,-3192.78,0.8685
687,8,school_floor,0.0,0,400,400,0.06,0.0252,1.0214,-3256.78,0.8645
688,8,school_floor,0.0,0,400,400,0.125,0.1094,1.0375,-3307.56,0.8605
689,8,school_floor,0.0,0,400,400,0.2175,0.1461,1.0741,-3489.9,0.8565
690,8,school_floor,0.0,0,400,400,0.0,0.0,1.0,-3142.16,0.8525
691,8,school_floor,0.0,0,400,400,0.0,0.0,1.0,-3249.81,0.8485
692,8,school_floor,0.0,0,400,400,0.0,0.0,1.0,-3297.16,0.8445
693,8,school_floor,0.0,0,400,400,0.0,0.0,1.0,-3146.71,0.8406
694,8,school_floor,0.0,0,400,400,0.0,0.0,1.0,-3363.76,0.8366
695,8,school_floor,0.0,0,400,400,0.0,0.0,1.0,-3211.84,0.8326
696,8,school_floor,0.0,0,400,400,0.0,0.0,1.0,-3159.03,0.8286
697,8,school_floor,0.0,0,400,400,0.125,0.1094,1.0375,-3206.09,0.8246
698,8,school_floor,0.0,0,400,400,0.0,0.0,1.0,-3231.9,0.8206
699,8,school_floor,0.0,0,400,400,0.0,0.0,1.0,-3118.97,0.8166
700,8,school_floor,0.0,0,400,400,0.0,0.0,1.0,-3284.94,0.8126
701,8,school_floor,0.0,0,400,400,0.125,0.1094,1.0375,-3232.15,0.8086
702,8,school_floor,0.0,0,400,400,0.0,0.0,1.0,-3088.93,0.8046
703,8,school_floor,0.0,0,400,400,0.125,0.1094,1.0372,-3139.09,0.8006
704,8,school_floor,0.0,0,400,400,0.1025,0.0735,1.0375,-3192.02,0.7966
705,8,school_floor,0.0,0,400,400,0.2272,0.1387,1.0747,-3411.76,0.7927
706,8,school_floor,0.0,0,400,400,0.0,0.0,1.0,-3125.45,0.7887
707,8,school_floor,0.0,0,400,400,0.37,0.2282,1.1125,-3349.77,0.7847
708,8,school_floor,0.25,0,321.5,400,0.25,0.1875,1.075,-3061.85,0.7809
709,8,school_floor,0.0,0,400,400,0.125,0.1094,1.0375,-3400.47,0.7769
710,8,school_floor,0.0,0,400,400,0.125,0.1094,1.0375,-3361.99,0.7729
711,8,school_floor,0.25,0,168.5,400,0.25,0.1875,1.075,-2955.2,0.7695
712,8,school_floor,0.0,0,400,400,0.375,0.2344,1.1124,-3807.3,0.7655
713,8,school_floor,0.125,0,179.0,400,0.25,0.1875,1.075,-3217.91,0.7618
714,8,school_floor,0.125,0,75.0,400,0.125,0.1094,1.0375,-2937.34,0.7582
715,8,school_floor,0.125,0,54.0,400,0.125,0.1094,1.0375,-2964.17,0.7546
716,8,school_floor,0.125,0,65.0,400,0.0,0.0,1.0,-2711.42,0.7511
717,8,school_floor,0.125,0,62.0,400,0.2325,0.1634,1.075,-3161.82,0.7475
718,8,school_floor,0.0,0,400,400,0.13,0.1083,1.0391,-3394.19,0.7435
719,8,school_floor,0.125,0,58.0,400,0.0,0.0,1.0,-2700.35,0.7399
720,8,school_floor,0.125,0,24.0,400,0.0,0.0,1.0,-2709.34,0.7364
721,8,school_floor,0.25,0,92.5,400,0.0,0.0,1.0,-2348.34,0.7332
722,8,school_floor,0.0,0,400,400,0.5,0.25,1.15,-3484.79,0.7292
723,8,school_floor,0.0,0,400,400,0.0,0.0,1.0,-3228.44,0.7252
724,8,school_floor,0.0,0,400,400,0.0,0.0,1.0,-3173.43,0.7212
725,8,school_floor,0.125,0,51.0,400,0.125,0.1094,1.0375,-3003.86,0.7176
726,8,school_floor,0.25,0,102.0,400,0.25,0.1875,1.075,-2460.9,0.7144
727,8,school_floor,0.0,0,400,400,0.0,0.0,1.0,-3072.13,0.7104
728,8,school_floor,0.25,0,69.5,400,0.0,0.0,1.0,-2354.99,0.7072
729,8,school_floor,0.25,0,80.0,400,0.0,0.0,1.0,-2302.94,0.704
730,8,school_floor,0.125,0,30.0,400,0.375,0.2344,1.1125,-2770.51,0.7005
731,8,school_floor,0.0,0,400,400,0.0084,0.0002,1.0032,-3180.22,0.6965
732,8,school_floor,0.25,0,220.0,400,0.035,0.0086,1.0,-2655.98,0.693
733,8,school_floor,0.0,0,400,400,0.045,0.0142,1.0037,-3148.78,0.689
734,8,school_floor,0.25,0,162.5,400,0.0,0.0,1.0,-2407.25,0.6856
735,8,school_floor,0.125,0,260.0,400,0.035,0.0037,1.01,-3005.17,0.6818
736,8,school_floor,0.625,0,186.0,400,0.0,0.0,1.0,-1680.58,0.6791
737,8,school_floor,0.5,0,140.5,400,0.0,0.0,1.0,-1768.22,0.6764
738,8,school_floor,0.5,0,163.75,400,0.0,0.0,1.0,-1832.19,0.6736
739,8,school_floor,0.25,0,256.0,400,0.0225,0.0035,1.0084,-2675.65,0.67
740,8,school_floor,0.375,0,205.0,400,0.0,0.0,1.0,-2360.92,0.6667
741,8,school_floor,0.125,0,157.0,400,0.3085,0.1695,1.0929,-2923.44,0.663
742,8,school_floor,0.5,0,297.25,400,0.1077,0.0424,1.0375,-2471.65,0.6596
743,8,school_floor,0.5,0,259.5,400,0.06,0.0252,1.0219,-2191.16,0.6563
744,8,school_floor,0.5,0,177.75,400,0.0,0.0,1.0,-1993.9,0.6534
745,8,school_floor,0.375,0,242.67,400,0.0,0.0,1.0,-2268.39,0.65
746,8,school_floor,0.375,0,187.67,400,0.0,0.0,1.0,-2188.18,0.6468
747,8,school_floor,0.375,0,332.0,400,0.0,0.0,1.0,-2584.28,0.643
748,8,school_floor,0.625,0,239.4,400,0.0,0.0,1.0,-1770.62,0.64
749,8,school_floor,0.75,0,256.83,400,0.0,0.0,1.0,-1593.7,0.6371
750,8,school_floor,0.5,0,210.25,400,0.0,0.0,1.0,-1931.02,0.6341
751,8,school_floor,0.625,0,157.6,400,0.0,0.0,1.0,-1398.84,0.6316
752,8,school_floor,0.625,0,241.2,400,0.0,0.0,1.0,-1785.03,0.6286
753,8,school_floor,0.625,0,202.8,400,0.1175,0.0966,1.0343,-1620.12,0.6258
754,8,school_floor,0.5,0,312.5,400,0.0,0.0,1.0,-2308.1,0.6223
755,8,school_floor,0.625,0,239.4,400,0.0,0.0,1.0,-1791.39,0.6193
756,8,school_floor,0.875,0,180.0,400,0.0,0.0,1.0,-884.82,0.6172
757,8,school_floor,0.625,0,283.6,400,0.0,0.0,1.0,-2006.91,0.614
758,8,school_floor,0.75,0,193.83,400,0.0,0.0,1.0,-1324.94,0.6115
759,8,school_floor,0.75,0,230.33,400,0.0,0.0,1.0,-1443.52,0.6088
760,8,school_floor,0.75,0,220.0,400,0.0,0.0,1.0,-1419.23,0.6061
761,8,school_floor,0.875,0,193.14,400,0.0,0.0,1.0,-946.96,0.604
762,8,school_floor,0.875,0,264.14,400,0.0,0.0,1.0,-1385.72,0.6012
763,8,school_floor,1.0,1,262.12,399,0.0,0.0,1.0,-1133.56,0.5985
764,8,school_floor,0.875,0,245.14,400,0.0,0.0,1.0,-1290.15,0.5959
765,8,school_floor,0.875,0,189.14,400,0.0,0.0,1.0,-932.77,0.5938
766,8,school_floor,0.625,0,196.6,400,0.0,0.0,1.0,-1608.3,0.591
767,8,school_floor,0.875,0,233.0,400,0.0,0.0,1.0,-1180.8,0.5885
768,8,school_floor,0.875,0,252.86,400,0.0,0.0,1.0003,-1345.15,0.5858
769,8,school_floor,0.875,0,245.29,400,0.0,0.0,1.0,-1305.52,0.5831
770,8,school_floor,1.0,1,189.25,392,0.0,0.0,1.0,-648.11,0.5813
771,8,school_floor,1.0,1,194.12,377,0.0,0.0,1.0,-698.85,0.5793
772,8,school_floor,0.625,0,196.8,400,0.0,0.0,1.0,-1597.51,0.5766
773,8,school_floor,0.75,0,205.33,400,0.0,0.0,1.0,-1305.48,0.5741
774,8,school_floor,0.625,0,162.4,400,0.0,0.0,1.0,-1339.91,0.5716
775,8,school_floor,1.0,1,226.25,387,0.0,0.0,1.0,-865.6,0.5693
776,8,school_floor,0.875,0,205.14,400,0.0,0.0,1.0,-1007.2,0.567
777,8,school_floor,1.0,1,178.5,346,0.0,0.0,1.0,-581.73,0.5652
778,8,school_floor,1.0,1,168.88,304,0.0,0.0,1.0,-463.23,0.5635
779,8,school_floor,0.625,0,167.6,400,0.0,0.0,1.0,-1426.85,0.561
780,8,school_floor,1.0,1,205.38,376,0.0,0.0,1.0,-743.13,0.5589
781,9,office_wing_medium,0.0,0,400,400,0.18,0.1316,1.06,-4529.49,0.996
782,9,office_wing_medium,0.0,0,400,400,0.0,0.0,1.0,-4026.98,0.992
783,9,office_wing_medium,0.0,0,400,400,0.1,0.09,1.0299,-3956.18,0.988
784,9,office_wing_medium,0.0,0,400,400,0.2,0.16,1.0599,-4418.61,0.984
785,9,office_wing_medium,0.0,0,400,400,0.118,0.0893,1.0362,-4174.89,0.98
786,9,office_wing_medium,0.0,0,400,400,0.0,0.0,1.0,-3968.85,0.9761
787,9,office_wing_medium,0.0,0,400,400,0.192,0.1478,1.06,-4551.96,0.9721
788,9,office_wing_medium,0.0,0,400,400,0.1,0.09,1.03,-4126.93,0.9681
789,9,office_wing_medium,0.0,0,400,400,0.1,0.09,1.03,-4136.95,0.9641
790,9,office_wing_medium,0.0,0,400,400,0.0,0.0,1.0,-3929.21,0.9601
791,9,office_wing_medium,0.0,0,400,400,0.1,0.09,1.03,-4311.96,0.9561
792,9,office_wing_medium,0.0,0,400,400,0.068,0.0416,1.03,-4074.73,0.9521
793,9,office_wing_medium,0.0,0,400,400,0.1,0.09,1.03,-4442.31,0.9481
794,9,office_wing_medium,0.0,0,400,400,0.1,0.09,1.03,-4268.51,0.9441
795,9,office_wing_medium,0.0,0,400,400,0.1,0.09,1.03,-4059.05,0.9401
796,9,office_wing_medium,0.0,0,400,400,0.074,0.0493,1.0298,-3968.75,0.9361
797,9,office_wing_medium,0.0,0,400,400,0.0,0.0,1.0,-4008.82,0.9321
798,9,office_wing_medium,0.1,0,207.0,400,0.068,0.0416,1.029,-3891.84,0.9283
799,9,office_wing_medium,0.1,0,270.0,400,0.0,0.0,1.0,-3780.54,0.9245
800,9,office_wing_medium,0.1,0,132.0,400,0.2,0.16,1.06,-3894.96,0.9208
801,9,office_wing_medium,0.0,0,400,400,0.2,0.16,1.0547,-4174.37,0.9168
802,9,office_wing_medium,0.0,0,400,400,0.0,0.0,1.0,-3919.01,0.9128
803,9,office_wing_medium,0.0,0,400,400,0.18,0.1299,1.0599,-4068.64,0.9088
804,9,office_wing_medium,0.0,0,400,400,0.106,0.0891,1.03,-4405.17,0.9048
805,9,office_wing_medium,0.0,0,400,400,0.0,0.0,1.0,-3915.11,0.9008
806,9,office_wing_medium,0.0,0,400,400,0.056,0.0282,1.0211,-4028.59,0.8968
807,9,office_wing_medium,0.0,0,400,400,0.066,0.0392,1.03,-4217.37,0.8928
808,9,office_wing_medium,0.1,0,113.0,400,0.0,0.0,1.0,-3527.46,0.8891
809,9,office_wing_medium,0.0,0,400,400,0.206,0.1579,1.06,-3936.44,0.8851
810,9,office_wing_medium,0.1,0,177.0,400,0.2,0.16,1.06,-3724.01,0.8814
811,9,office_wing_medium,0.1,0,142.0,400,0.29,0.1969,1.09,-4013.13,0.8776
812,9,office_wing_medium,0.1,0,259.0,400,0.154,0.066,1.0495,-3991.72,0.8738
813,9,office_wing_medium,0.0,0,400,400,0.084,0.0635,1.03,-3971.35,0.8698
814,9,office_wing_medium,0.1,0,210.0,400,0.2257,0.1281,1.0412,-3647.38,0.866
815,9,office_wing_medium,0.2,0,270.0,400,0.0,0.0,1.0,-3509.75,0.8622
816,9,office_wing_medium,0.1,0,260.0,400,0.0523,0.0198,1.0175,-3855.86,0.8584
817,9,office_wing_medium,0.1,0,381.0,400,0.358,0.2055,1.1125,-4242.54,0.8544
818,9,office_wing_medium,0.3,0,212.67,400,0.07,0.0441,1.0299,-3030.45,0.851
819,9,office_wing_medium,0.1,0,117.0,400,0.256,0.1658,1.0811,-3564.12,0.8473
820,9,office_wing_medium,0.3,0,246.0,400,0.056,0.0282,1.0211,-3209.05,0.8437
821,9,office_wing_medium,0.2,0,267.0,400,0.25,0.1545,1.0721,-3667.13,0.84
822,9,office_wing_medium,0.3,0,258.67,400,0.074,0.0493,1.03,-3155.6,0.8365
823,9,office_wing_medium,0.1,0,244.0,400,0.0,0.0,1.0,-3620.42,0.8326
824,9,office_wing_medium,0.2,0,276.5,400,0.0,0.0,1.0,-3497.95,0.8289
825,9,office_wing_medium,0.1,0,219.0,400,0.2009,0.075,1.077,-3748.36,0.8251
826,9,office_wing_medium,0.1,0,328.0,400,0.0,0.0,1.0,-3731.42,0.8211
827,9,office_wing_medium,0.3,0,306.67,400,0.09,0.0396,1.0452,-3275.26,0.8174
828,9,office_wing_medium,0.2,0,237.0,400,0.066,0.0392,1.03,-3408.69,0.8138
829,9,office_wing_medium,0.2,0,199.0,400,0.164,0.0975,1.0522,-3445.18,0.8102
830,9,office_wing_medium,0.4,0,295.25,400,0.06,0.0324,1.0242,-3174.73,0.8066
831,9,office_wing_medium,0.3,0,207.0,400,0.31,0.2049,1.0925,-3169.76,0.8032
832,9,office_wing_medium,0.4,0,215.0,400,0.0,0.0,1.0003,-2714.94,0.7999
833,9,office_wing_medium,0.3,0,176.67,400,0.004,0.0001,1.0013,-2965.91,0.7966
834,9,office_wing_medium,0.3,0,163.67,400,0.07,0.0442,1.0153,-2834.82,0.7933
835,9,office_wing_medium,0.2,0,295.5,400,0.1,0.09,1.0275,-3475.23,0.7895
836,9,office_wing_medium,0.2,0,263.0,400,0.292,0.1994,1.0876,-3442.21,0.7858
837,9,office_wing_medium,0.2,0,117.0,400,0.082,0.0514,1.03,-3252.85,0.7824
838,9,office_wing_medium,0.3,0,233.67,400,0.0702,0.0417,1.0121,-3041.43,0.7789
839,9,office_wing_medium,0.3,0,144.33,400,0.072,0.0467,1.03,-2792.56,0.7757
840,9,office_wing_medium,0.5,0,248.2,400,0.048,0.0093,1.025,-2649.4,0.7724
841,9,office_wing_medium,0.2,0,230.5,400,0.1334,0.0934,1.045,-3382.21,0.7688
842,9,office_wing_medium,0.3,0,249.0,400,0.2461,0.1573,1.0743,-3214.92,0.7653
843,9,office_wing_medium,0.2,0,84.0,400,0.082,0.0543,1.0192,-3120.48,0.7619
844,9,office_wing_medium,0.2,0,182.5,400,0.0,0.0,1.0,-3201.59,0.7583
845,9,office_wing_medium,0.4,0,241.5,400,0.0,0.0,1.0,-2829.7,0.755
846,9,office_wing_medium,0.5,0,205.4,400,0.0792,0.0403,1.0332,-2547.27,0.752
847,9,office_wing_medium,0.3,0,269.33,400,0.0,0.0,1.0,-3291.52,0.7483
848,9,office_wing_medium,0.3,0,243.33,400,0.078,0.0548,1.0205,-3160.37,0.7448
849,9,office_wing_medium,0.4,0,219.25,400,0.0,0.0,1.0,-2845.8,0.7416
850,9,office_wing_medium,0.3,0,186.33,400,0.0454,0.0149,1.016,-2933.2,0.7382
851,9,office_wing_medium,0.4,0,279.25,400,0.092,0.0762,1.0296,-3001.63,0.7347
852,9,office_wing_medium,0.2,0,285.0,400,0.0,0.0,1.0,-3428.64,0.7309
853,9,office_wing_medium,0.3,0,295.0,400,0.0,0.0,1.0001,-3198.09,0.7273
854,9,office_wing_medium,0.1,0,191.0,400,0.0,0.0,1.0,-3524.32,0.7235
855,9,office_wing_medium,0.2,0,251.0,400,0.0,0.0,1.0,-3440.68,0.7198
856,9,office_wing_medium,0.0,0,400,400,0.0,0.0,1.0,-3846.57,0.7158
857,9,office_wing_medium,0.3,0,306.0,400,0.0161,0.0023,1.0049,-3339.69,0.7121
858,9,office_wing_medium,0.1,0,382.0,400,0.0,0.0,1.0,-3584.88,0.7081
859,9,office_wing_medium,0.0,0,400,400,0.016,0.0023,1.005,-3881.33,0.7041
860,9,office_wing_medium,0.0,0,400,400,0.0,0.0,1.0,-3785.8,0.7001
861,9,office_wing_medium,0.1,0,311.0,400,0.0,0.0,1.0,-3613.42,0.6962
862,9,office_wing_medium,0.1,0,315.0,400,0.0,0.0,1.0,-3660.1,0.6923
863,9,office_wing_medium,0.0,0,400,400,0.0,0.0,1.0,-3769.35,0.6883
864,9,office_wing_medium,0.2,0,336.5,400,0.0,0.0,1.0,-3457.04,0.6845
865,9,office_wing_medium,0.1,0,193.0,400,0.0,0.0,1.0,-3498.99,0.6807
866,9,office_wing_medium,0.0,0,400,400,0.0,0.0,1.0,-3775.99,0.6767
867,9,office_wing_medium,0.0,0,400,400,0.0,0.0,1.0,-3782.13,0.6727
868,9,office_wing_medium,0.0,0,400,400,0.0,0.0,1.0,-3920.22,0.6687
869,9,office_wing_medium,0.0,0,400,400,0.1,0.09,1.0292,-3856.31,0.6647
870,9,office_wing_medium,0.1,0,301.0,400,0.1,0.09,1.0285,-3634.89,0.6608
871,9,office_wing_medium,0.0,0,400,400,0.0,0.0,1.0,-3818.49,0.6568
872,9,office_wing_medium,0.0,0,400,400,0.0,0.0,1.0,-3783.34,0.6528
873,9,office_wing_medium,0.0,0,400,400,0.0,0.0,1.0,-3835.77,0.6488
874,9,office_wing_medium,0.2,0,183.0,400,0.036,0.0117,1.0043,-3172.96,0.6453
875,9,office_wing_medium,0.1,0,109.0,400,0.0,0.0,1.0,-3497.62,0.6416
876,9,office_wing_medium,0.1,0,344.0,400,0.038,0.013,1.0148,-3727.74,0.6376
877,9,office_wing_medium,0.1,0,221.0,400,0.0,0.0,1.0,-3571.54,0.6338
878,9,office_wing_medium,0.2,0,175.5,400,0.06,0.0324,1.0157,-3319.8,0.6303
879,9,office_wing_medium,0.0,0,400,400,0.092,0.0762,1.0293,-4049.12,0.6263
880,9,office_wing_medium,0.1,0,44.0,400,0.1,0.09,1.03,-3406.87,0.6227
881,9,office_wing_medium,0.0,0,400,400,0.0,0.0,1.0,-3913.94,0.6187
882,9,office_wing_medium,0.0,0,400,400,0.098,0.0864,1.0297,-3895.68,0.6147
883,9,office_wing_medium,0.0,0,400,400,0.0,0.0,1.0,-3885.24,0.6107
884,9,office_wing_medium,0.0,0,400,400,0.0,0.0,1.0,-3951.45,0.6067
885,9,office_wing_medium,0.4,0,259.0,400,0.016,0.0023,1.005,-2843.56,0.6033
886,9,office_wing_medium,0.2,0,312.0,400,0.0,0.0,1.0,-3465.91,0.5994
887,9,office_wing_medium,0.1,0,164.0,400,0.294,0.2019,1.09,-3699.14,0.5957
888,9,office_wing_medium,0.2,0,214.5,400,0.2321,0.1513,1.0679,-3924.55,0.5921
889,9,office_wing_medium,0.2,0,314.5,400,0.054,0.0262,1.015,-3562.35,0.5882
890,9,office_wing_medium,0.3,0,317.0,400,0.0,0.0,1.0,-3314.5,0.5845
891,9,office_wing_medium,0.5,0,248.0,400,0.0,0.0,1.0,-2593.86,0.5813
892,9,office_wing_medium,0.5,0,294.8,400,0.066,0.0392,1.015,-2850.48,0.5778
893,9,office_wing_medium,0.8,0,268.5,400,0.0,0.0,1.0,-1928.73,0.5749
894,9,office_wing_medium,0.7,0,209.57,400,0.02,0.0036,1.0078,-1777.74,0.5722
895,9,office_wing_medium,0.5,0,238.8,400,0.146,0.0958,1.0461,-2600.11,0.569
896,9,office_wing_medium,0.4,0,261.5,400,0.0888,0.0662,1.0229,-2977.85,0.5656
897,9,office_wing_medium,0.5,0,240.4,400,0.05,0.0225,1.0151,-2539.3,0.5624
898,9,office_wing_medium,0.3,0,277.0,400,0.042,0.0159,1.0064,-3186.61,0.5588
899,9,office_wing_medium,0.5,0,203.0,400,0.012,0.0013,1.0032,-2334.72,0.5557
900,9,office_wing_medium,0.7,0,223.43,400,0.0,0.0,1.0,-1937.54,0.553
901,9,office_wing_medium,0.6,0,190.17,400,0.0303,0.0082,1.0154,-2016.19,0.5503
902,9,office_wing_medium,0.5,0,183.2,400,0.0,0.0,1.0,-2213.82,0.5473
903,9,office_wing_medium,0.6,0,147.67,400,0.0,0.0,1.0,-1820.03,0.5449
904,9,office_wing_medium,0.7,0,227.57,400,0.0,0.0,1.0,-1913.92,0.5421
905,9,office_wing_medium,0.6,0,194.67,400,0.0,0.0,1.0,-2072.55,0.5393
906,9,office_wing_medium,0.4,0,129.25,400,0.2,0.16,1.06,-2459.94,0.5364
907,9,office_wing_medium,0.8,0,222.25,400,0.0,0.0,1.0,-1592.19,0.5338
908,9,office_wing_medium,0.7,0,266.86,400,0.0,0.0,1.0,-2157.22,0.5308
909,9,office_wing_medium,0.6,0,185.33,400,0.0,0.0,1.0,-2003.62,0.5281
910,9,office_wing_medium,0.5,0,199.2,400,0.0,0.0,1.0,-2214.02,0.5251
911,9,office_wing_medium,0.8,0,225.12,400,0.0246,0.0055,1.0122,-1632.56,0.5225
912,9,office_wing_medium,1.0,1,272.5,397,0.0199,0.0036,1.0076,-1502.87,0.5198
913,9,office_wing_medium,0.9,0,267.11,400,0.0804,0.0263,1.0306,-1680.59,0.517
914,9,office_wing_medium,0.8,0,227.25,400,0.0,0.0,1.0,-1523.26,0.5143
915,9,office_wing_medium,1.0,1,251.7,397,0.0704,0.0215,1.0305,-1305.21,0.5118
916,9,office_wing_medium,0.9,0,187.0,400,0.026,0.0061,1.0152,-1017.87,0.5098
917,9,office_wing_medium,0.9,0,210.67,400,0.032,0.0043,1.0062,-1199.24,0.5075
918,9,office_wing_medium,1.0,1,195.8,305,0.0,0.0,1.0,-770.18,0.5055
919,9,office_wing_medium,0.9,0,238.44,400,0.0952,0.037,1.0318,-1409.52,0.503
920,9,office_wing_medium,0.8,0,214.88,400,0.0084,0.0006,1.0021,-1542.54,0.5005
921,9,office_wing_medium,0.9,0,190.44,400,0.0836,0.0287,1.022,-1020.66,0.4983
922,9,office_wing_medium,0.7,0,194.0,400,0.0252,0.0057,1.015,-1577.34,0.4958
923,9,office_wing_medium,0.8,0,179.0,400,0.0592,0.0141,1.0152,-1279.92,0.4936
924,9,office_wing_medium,0.9,0,204.67,400,0.024,0.0052,1.0122,-1114.74,0.4913
925,9,office_wing_medium,1.0,1,181.0,378,0.0509,0.0145,1.016,-664.52,0.4895
926,9,office_wing_medium,0.7,0,148.71,400,0.1264,0.0503,1.0481,-1432.83,0.4873
927,9,office_wing_medium,0.9,0,183.44,400,0.0,0.0,1.0,-964.57,0.4852
928,9,office_wing_medium,0.9,0,202.0,400,0.0,0.0,1.0,-1129.74,0.483
929,9,office_wing_medium,1.0,1,207.4,364,0.0488,0.0214,1.0158,-849.92,0.481
930,9,office_wing_medium,1.0,1,229.0,368,0.0,0.0,1.0,-990.41,0.4787
931,9,office_wing_medium,0.8,0,155.62,400,0.0,0.0,1.0,-1093.88,0.4766
932,10,hazard_near_exit_medium,0.2,0,138.0,420,0.0,0.0,1.0,-3443.25,0.9965
933,10,hazard_near_exit_medium,0.1,0,129.0,420,0.0,0.0,1.0,-3789.98,0.9928
934,10,hazard_near_exit_medium,0.0,0,420,420,0.0,0.0,1.0,-4175.5,0.9888
935,10,hazard_near_exit_medium,0.2,0,54.5,420,0.0,0.0,1.0,-3247.97,0.9855
936,10,hazard_near_exit_medium,0.1,0,6.0,420,0.0,0.0,1.0,-3646.24,0.9819
937,10,hazard_near_exit_medium,0.1,0,4.0,420,0.0,0.0,1.0,-3643.43,0.9783
938,10,hazard_near_exit_medium,0.1,0,23.0,420,0.0,0.0,1.0,-3679.26,0.9747
939,10,hazard_near_exit_medium,0.2,0,55.5,420,0.074,0.0493,1.03,-3316.81,0.9714
940,10,hazard_near_exit_medium,0.2,0,106.5,420,0.0,0.0,1.0,-3356.69,0.968
941,10,hazard_near_exit_medium,0.2,0,375.5,420,0.0,0.0,1.0,-3862.54,0.9641
942,10,hazard_near_exit_medium,0.2,0,166.5,420,0.0,0.0,1.0,-3469.94,0.9606
943,10,hazard_near_exit_medium,0.2,0,169.0,420,0.0,0.0,1.0,-3471.66,0.9571
944,10,hazard_near_exit_medium,0.3,0,205.33,420,0.0,0.0,1.0,-3244.26,0.9537
945,10,hazard_near_exit_medium,0.1,0,67.0,420,0.0,0.0,1.0,-3699.11,0.9501
946,10,hazard_near_exit_medium,0.1,0,47.0,420,0.0,0.0,1.0,-3673.6,0.9464
947,10,hazard_near_exit_medium,0.1,0,91.0,420,0.0,0.0,1.0,-3723.57,0.9428
948,10,hazard_near_exit_medium,0.2,0,150.0,420,0.0,0.0,1.0,-3428.13,0.9393
949,10,hazard_near_exit_medium,0.2,0,35.5,420,0.0,0.0,1.0,-3230.67,0.936
950,10,hazard_near_exit_medium,0.3,0,210.0,420,0.0,0.0,1.0,-3244.71,0.9326
951,10,hazard_near_exit_medium,0.2,0,98.0,420,0.0,0.0,1.0,-3353.65,0.9292
952,10,hazard_near_exit_medium,0.4,0,186.0,420,0.0,0.0,1.0,-2854.77,0.9261
953,10,hazard_near_exit_medium,0.2,0,207.0,420,0.0,0.0,1.0,-3567.65,0.9226
954,10,hazard_near_exit_medium,0.3,0,155.33,420,0.0,0.0,1.0,-3120.1,0.9193
955,10,hazard_near_exit_medium,0.2,0,20.0,420,0.0,0.0,1.0,-3187.21,0.9161
956,10,hazard_near_exit_medium,0.3,0,112.0,420,0.0,0.0,1.0,-2978.62,0.913
957,10,hazard_near_exit_medium,0.2,0,59.0,420,0.0,0.0,1.0,-3248.92,0.9097
958,10,hazard_near_exit_medium,0.2,0,196.0,420,0.0,0.0,1.0,-3544.67,0.9061
959,10,hazard_near_exit_medium,0.2,0,181.5,420,0.0,0.0,1.0,-3515.4,0.9026
960,10,hazard_near_exit_medium,0.3,0,137.33,420,0.0,0.0,1.0,-3029.49,0.8994
961,10,hazard_near_exit_medium,0.3,0,140.33,420,0.0,0.0,1.0,-3054.41,0.8962
962,10,hazard_near_exit_medium,0.3,0,172.67,420,0.0,0.0,1.0,-3168.24,0.8929
963,10,hazard_near_exit_medium,0.2,0,200.0,420,0.0,0.0,1.0,-3528.41,0.8893
964,10,hazard_near_exit_medium,0.3,0,196.67,420,0.0,0.0,1.0,-3220.38,0.886
965,10,hazard_near_exit_medium,0.4,0,217.5,420,0.0,0.0,1.0,-2998.51,0.8827
966,10,hazard_near_exit_medium,0.3,0,170.67,420,0.0,0.0,1.0,-3130.53,0.8795
967,10,hazard_near_exit_medium,0.3,0,190.0,420,0.0,0.0,1.0,-3191.69,0.8761
968,10,hazard_near_exit_medium,0.3,0,84.33,420,0.0,0.0,1.0,-2902.51,0.8731
969,10,hazard_near_exit_medium,0.4,0,139.0,420,0.0,0.0,1.0,-2649.03,0.8702
970,10,hazard_near_exit_medium,0.3,0,177.33,420,0.0,0.0,1.0,-3190.71,0.8669
971,10,hazard_near_exit_medium,0.3,0,141.0,420,0.0,0.0,1.0,-3048.49,0.8637
972,10,hazard_near_exit_medium,0.2,0,227.0,420,0.0,0.0,1.0,-3605.69,0.8601
973,10,hazard_near_exit_medium,0.4,0,133.25,420,0.0,0.0,1.0,-2638.61,0.8572
974,10,hazard_near_exit_medium,0.3,0,148.33,420,0.0,0.0,1.0,-3070.45,0.8539
975,10,hazard_near_exit_medium,0.4,0,143.0,420,0.0,0.0,1.0,-2698.1,0.851
976,10,hazard_near_exit_medium,0.4,0,116.0,420,0.0,0.0,1.0,-2576.05,0.8482
977,10,hazard_near_exit_medium,0.3,0,60.33,420,0.0,0.0,1.0,-2816.97,0.8452
978,10,hazard_near_exit_medium,0.3,0,106.0,420,0.0,0.0,1.0,-2946.99,0.8421
979,10,hazard_near_exit_medium,0.3,0,115.67,420,0.0,0.0,1.0,-2994.21,0.839
980,10,hazard_near_exit_medium,0.3,0,150.33,420,0.0,0.0,1.0,-3071.56,0.8358
981,10,hazard_near_exit_medium,0.2,0,180.0,420,0.0,0.0,1.0,-3473.87,0.8322
982,10,hazard_near_exit_medium,0.3,0,131.67,420,0.0,0.0,1.0,-2972.6,0.829
983,10,hazard_near_exit_medium,0.3,0,126.33,420,0.0,0.0,1.0,-2999.2,0.8259
984,10,hazard_near_exit_medium,0.3,0,93.33,420,0.0,0.0,1.0,-2901.32,0.8228
985,10,hazard_near_exit_medium,0.3,0,168.33,420,0.0,0.0,1.0,-3104.73,0.8196
986,10,hazard_near_exit_medium,0.3,0,160.67,420,0.0,0.0,1.0,-3056.97,0.8163
987,10,hazard_near_exit_medium,0.2,0,42.0,420,0.0,0.0,1.0,-3212.13,0.813
988,10,hazard_near_exit_medium,0.3,0,81.67,420,0.0,0.0,1.0,-2873.5,0.81
989,10,hazard_near_exit_medium,0.2,0,93.0,420,0.052,0.0243,1.0073,-3213.76,0.8066
990,10,hazard_near_exit_medium,0.3,0,99.33,420,0.0,0.0,1.0,-2895.45,0.8036
991,10,hazard_near_exit_medium,0.3,0,114.67,420,0.042,0.0159,1.0054,-2913.39,0.8004
992,10,hazard_near_exit_medium,0.4,0,99.25,420,0.0,0.0,1.0,-2453.9,0.7977
993,10,hazard_near_exit_medium,0.3,0,165.67,420,0.0,0.0,1.0,-3067.05,0.7944
994,10,hazard_near_exit_medium,0.4,0,87.25,420,0.0,0.0,1.0,-2439.77,0.7917
995,10,hazard_near_exit_medium,0.3,0,139.33,420,0.0,0.0,1.0,-2985.63,0.7885
996,10,hazard_near_exit_medium,0.4,0,142.25,420,0.0,0.0,1.0,-2629.02,0.7855
997,10,hazard_near_exit_medium,0.2,0,96.5,420,0.1,0.09,1.0271,-3243.96,0.7822
998,10,hazard_near_exit_medium,0.4,0,64.25,420,0.0,0.0,1.0,-2352.16,0.7795
999,10,hazard_near_exit_medium,0.5,0,170.8,420,0.0,0.0,1.0,-2382.53,0.7767
1000,10,hazard_near_exit_medium,0.2,0,95.5,420,0.0,0.0,1.0,-3223.41,0.7733
1001,10,hazard_near_exit_medium,0.2,0,15.0,420,0.0,0.0,1.0,-3104.2,0.7701
1002,10,hazard_near_exit_medium,0.1,0,4.0,420,0.08,0.0576,1.03,-3563.32,0.7665
1003,10,hazard_near_exit_medium,0.2,0,66.0,420,0.076,0.052,1.0183,-3172.29,0.7632
1004,10,hazard_near_exit_medium,0.4,0,222.25,420,0.0,0.0,1.0,-2910.53,0.76
1005,10,hazard_near_exit_medium,0.5,0,156.2,420,0.0,0.0,1.0,-2293.02,0.7572
1006,10,hazard_near_exit_medium,0.4,0,117.5,420,0.0,0.0,1.0,-2471.88,0.7544
1007,10,hazard_near_exit_medium,0.4,0,90.25,420,0.0,0.0,1.0,-2381.64,0.7517
1008,10,hazard_near_exit_medium,0.4,0,254.75,420,0.0,0.0,1.0,-3031.01,0.7483
1009,10,hazard_near_exit_medium,0.3,0,41.33,420,0.0,0.0,1.0,-2714.71,0.7454
1010,10,hazard_near_exit_medium,0.5,0,227.2,420,0.0,0.0,1.0,-2633.16,0.7423
1011,10,hazard_near_exit_medium,0.4,0,104.0,420,0.0,0.0,1.0,-2457.32,0.7395
1012,10,hazard_near_exit_medium,0.5,0,191.0,420,0.0,0.0,1.0,-2469.53,0.7366
1013,10,hazard_near_exit_medium,0.3,0,243.67,420,0.0,0.0,1.0,-3251.79,0.7331
1014,10,hazard_near_exit_medium,0.6,0,206.33,420,0.0,0.0,1.0,-2275.62,0.7303
1015,10,hazard_near_exit_medium,0.4,0,126.75,420,0.0,0.0,1.0,-2589.16,0.7275
1016,10,hazard_near_exit_medium,0.4,0,168.5,420,0.0,0.0,1.0,-2723.22,0.7244
1017,10,hazard_near_exit_medium,0.6,0,185.33,420,0.0,0.0,1.0,-2148.93,0.7218
1018,10,hazard_near_exit_medium,0.5,0,124.2,420,0.0,0.0,1.0,-2203.56,0.7192
1019,10,hazard_near_exit_medium,0.6,0,177.5,420,0.0,0.0,1.0,-2130.46,0.7166
1020,10,hazard_near_exit_medium,0.6,0,197.83,420,0.0,0.0,1.0,-2234.69,0.7139
1021,10,hazard_near_exit_medium,0.4,0,131.25,420,0.0,0.0,1.0,-2565.67,0.711
1022,10,hazard_near_exit_medium,0.6,0,235.5,420,0.0,0.0,1.0,-2422.76,0.708
1023,10,hazard_near_exit_medium,0.6,0,150.33,420,0.0,0.0,1.0,-1876.66,0.7056
1024,10,hazard_near_exit_medium,0.6,0,235.17,420,0.0,0.0,1.0,-2417.84,0.7026
1025,10,hazard_near_exit_medium,0.4,0,130.75,420,0.0,0.0,1.0,-2557.06,0.6997
1026,10,hazard_near_exit_medium,0.7,0,213.0,420,0.0,0.0,1.0,-1963.28,0.6971
1027,10,hazard_near_exit_medium,0.6,0,156.17,420,0.0,0.0,1.0,-1902.66,0.6946
1028,10,hazard_near_exit_medium,0.6,0,199.17,420,0.0,0.0,1.0,-2200.61,0.6919
1029,10,hazard_near_exit_medium,0.7,0,173.0,420,0.0,0.0,1.0,-1675.2,0.6896
1030,10,hazard_near_exit_medium,0.5,0,182.4,420,0.0,0.0,1.0,-2412.24,0.6867
1031,10,hazard_near_exit_medium,0.7,0,185.29,420,0.0,0.0,1.0,-1773.62,0.6843
1032,10,hazard_near_exit_medium,0.5,0,269.8,420,0.0,0.0,1.0,-2771.52,0.681
1033,10,hazard_near_exit_medium,0.5,0,267.4,420,0.0,0.0,1.0,-2757.04,0.6777
1034,10,hazard_near_exit_medium,0.6,0,218.0,420,0.0,0.0,1.0,-2259.99,0.6749
1035,10,hazard_near_exit_medium,0.7,0,177.29,420,0.0,0.0,1.0,-1730.94,0.6725
1036,10,hazard_near_exit_medium,0.3,0,149.33,420,0.0,0.0,1.0,-2902.21,0.6693
1037,10,hazard_near_exit_medium,0.5,0,203.2,420,0.0,0.0,1.0,-2442.65,0.6663
1038,10,hazard_near_exit_medium,0.5,0,225.4,420,0.0,0.0,1.0,-2538.23,0.6633
1039,10,hazard_near_exit_medium,0.7,0,169.14,420,0.0,0.0,1.0,-1644.41,0.6609
1040,10,hazard_near_exit_medium,0.5,0,151.0,420,0.0,0.0,1.0,-2191.88,0.6582
1041,10,hazard_near_exit_medium,0.4,0,182.25,420,0.0,0.0,1.0,-2650.49,0.6551
1042,10,hazard_near_exit_medium,0.5,0,222.2,420,0.0,0.0,1.0,-2530.95,0.6521
1043,10,hazard_near_exit_medium,0.7,0,208.57,420,0.0,0.0,1.0,-1893.31,0.6495
1044,10,hazard_near_exit_medium,0.8,0,211.25,420,0.0,0.0,1.0,-1613.08,0.6471
1045,10,hazard_near_exit_medium,0.6,0,195.83,420,0.0,0.0,1.0,-2103.02,0.6444
1046,10,hazard_near_exit_medium,0.6,0,253.17,420,0.0,0.0,1.0,-2376.62,0.6413
1047,10,hazard_near_exit_medium,0.6,0,245.5,420,0.0,0.0,1.0,-2413.7,0.6383
1048,10,hazard_near_exit_medium,0.6,0,158.5,420,0.0,0.0,1.0,-1896.19,0.6358
1049,10,hazard_near_exit_medium,0.6,0,157.83,420,0.0,0.0,1.0,-1915.26,0.6333
1050,10,hazard_near_exit_medium,0.7,0,147.29,420,0.0,0.0,1.0,-1503.91,0.6312
1051,10,hazard_near_exit_medium,0.5,0,145.4,420,0.0,0.0,1.0,-2170.35,0.6285
1052,10,hazard_near_exit_medium,0.8,0,215.88,420,0.0,0.0,1.0,-1626.36,0.626
1053,10,hazard_near_exit_medium,0.7,0,244.29,420,0.0,0.0,1.0,-2085.12,0.6232
1054,10,hazard_near_exit_medium,0.7,0,210.71,420,0.0,0.0,1.0,-1886.1,0.6206
1055,10,hazard_near_exit_medium,0.8,0,175.25,420,0.0,0.0,1.0,-1337.13,0.6185
1056,10,hazard_near_exit_medium,0.8,0,158.88,420,0.0,0.0,1.0,-1191.89,0.6165
1057,10,hazard_near_exit_medium,0.8,0,263.38,420,0.0,0.0,1.0,-1954.09,0.6137
1058,10,hazard_near_exit_medium,0.6,0,294.5,420,0.0,0.0,1.0,-2588.1,0.6104
1059,10,hazard_near_exit_medium,0.6,0,167.17,420,0.0,0.0,1.0,-1909.93,0.6079
1060,10,hazard_near_exit_medium,0.6,0,213.33,420,0.0,0.0,1.0,-2181.04,0.605
1061,10,hazard_near_exit_medium,0.8,0,197.75,420,0.0,0.0,1.0,-1486.07,0.6027
1062,10,hazard_near_exit_medium,0.8,0,213.88,420,0.0,0.0,1.0,-1585.85,0.6003
1063,10,hazard_near_exit_medium,0.9,0,217.0,420,0.0,0.0,1.0,-1338.91,0.5981
1064,10,hazard_near_exit_medium,0.7,0,239.29,420,0.0,0.0,1.0,-2023.48,0.5953
1065,10,hazard_near_exit_medium,0.8,0,237.88,420,0.0,0.0,1.0,-1742.74,0.5927
1066,10,hazard_near_exit_medium,0.9,0,215.67,420,0.0,0.0,1.0,-1290.87,0.5904
1067,10,hazard_near_exit_medium,0.7,0,145.43,420,0.0,0.0,1.0,-1434.99,0.5883
1068,10,hazard_near_exit_medium,0.9,0,184.11,420,0.0,0.0,1.0,-1022.18,0.5863
1069,10,hazard_near_exit_medium,0.8,0,199.0,420,0.0,0.0,1.0,-1413.98,0.584
1070,10,hazard_near_exit_medium,0.9,0,188.33,420,0.0,0.0,1.0,-1042.74,0.582
1071,10,hazard_near_exit_medium,0.9,0,199.33,420,0.0,0.0,1.0,-1179.18,0.5799
1072,10,hazard_near_exit_medium,0.9,0,194.22,420,0.0,0.0,1.0,-1171.28,0.5778
1073,10,hazard_near_exit_medium,0.8,0,277.38,420,0.0,0.0,1.0,-2014.93,0.5749
1074,10,hazard_near_exit_medium,1.0,1,167.4,371,0.0,0.0,1.0,-568.5,0.5733
1075,10,hazard_near_exit_medium,0.7,0,166.57,420,0.0,0.0,1.0,-1590.66,0.571
1076,10,hazard_near_exit_medium,0.7,0,169.57,420,0.0,0.0,1.0,-1564.97,0.5687
1077,10,hazard_near_exit_medium,0.9,0,210.78,420,0.0,0.0,1.0,-1250.91,0.5665
1078,10,hazard_near_exit_medium,0.8,0,188.38,420,0.0,0.0,1.0,-1351.35,0.5642
1079,10,hazard_near_exit_medium,0.7,0,189.0,420,0.0,0.0,1.0,-1677.49,0.5618
1080,10,hazard_near_exit_medium,0.9,0,231.11,420,0.0,0.0,1.0,-1375.48,0.5594
1081,10,hazard_near_exit_medium,0.8,0,176.25,420,0.0,0.0,1.0,-1299.27,0.5573
1082,10,hazard_near_exit_medium,1.0,1,208.6,341,0.0,0.0,1.0,-872.83,0.5553
1083,10,hazard_near_exit_medium,0.9,0,203.44,420,0.0,0.0,1.0,-1188.74,0.5531
1084,11,bridge_open_medium,0.0909,0,326.0,400,0.0,0.0,1.0,-4188.13,0.9965
1085,11,bridge_open_medium,0.0,0,400,400,0.0,0.0,1.0,-4355.31,0.9929
1086,11,bridge_open_medium,0.1818,0,136.0,400,0.0,0.0,1.0,-3620.44,0.9897
1087,11,bridge_open_medium,0.1818,0,184.5,400,0.0,0.0,1.0,-3743.55,0.9864
1088,11,bridge_open_medium,0.0909,0,370.0,400,0.0,0.0,1.0,-4228.92,0.9829
1089,11,bridge_open_medium,0.1818,0,200.5,400,0.0,0.0,1.0,-3783.33,0.9796
1090,11,bridge_open_medium,0.1818,0,151.0,400,0.0,0.0,1.0,-3679.31,0.9764
1091,11,bridge_open_medium,0.0909,0,248.0,400,0.0,0.0,1.0,-4095.49,0.9729
1092,11,bridge_open_medium,0.0909,0,34.0,400,0.0,0.0,1.0,-3884.74,0.9696
1093,11,bridge_open_medium,0.1818,0,108.0,400,0.0,0.0,1.0,-3564.18,0.9665
1094,11,bridge_open_medium,0.1818,0,77.5,400,0.0,0.0,1.0,-3541.64,0.9634
1095,11,bridge_open_medium,0.1818,0,102.0,400,0.0,0.0,1.0,-3575.41,0.9603
1096,11,bridge_open_medium,0.2727,0,90.67,400,0.0,0.0,1.0,-3132.54,0.9574
1097,11,bridge_open_medium,0.1818,0,268.5,400,0.0,0.0,1.0,-3894.34,0.9541
1098,11,bridge_open_medium,0.2727,0,314.33,400,0.0,0.0,1.0,-3835.82,0.9507
1099,11,bridge_open_medium,0.0909,0,309.0,400,0.0,0.0,1.0,-4164.83,0.9471
1100,11,bridge_open_medium,0.1818,0,274.5,400,0.0,0.0,1.0,-3905.58,0.9437
1101,11,bridge_open_medium,0.0,0,400,400,0.0,0.0,1.0,-4314.07,0.9401
1102,11,bridge_open_medium,0.0909,0,92.0,400,0.0,0.0,1.0,-3925.35,0.9368
1103,11,bridge_open_medium,0.2727,0,242.67,400,0.0,0.0,1.0,-3566.21,0.9336
1104,11,bridge_open_medium,0.2727,0,279.0,400,0.0,0.0,1.0,-3705.5,0.9303
1105,11,bridge_open_medium,0.2727,0,82.0,400,0.0,0.0,1.0,-3131.3,0.9274
1106,11,bridge_open_medium,0.5455,0,214.17,400,0.0,0.0,1.0,-2690.29,0.9247
1107,11,bridge_open_medium,0.1818,0,139.5,400,0.0,0.0,1.0,-3652.9,0.9216
1108,11,bridge_open_medium,0.3636,0,217.5,400,0.0,0.0,1.0,-3238.24,0.9186
1109,11,bridge_open_medium,0.5455,0,299.0,400,0.0,0.0,1.0,-3194.51,0.9155
1110,11,bridge_open_medium,0.3636,0,220.5,400,0.0,0.0,1.0,-3286.08,0.9124
1111,11,bridge_open_medium,0.3636,0,225.0,400,0.0,0.0,1.0,-3287.95,0.9094
1112,11,bridge_open_medium,0.2727,0,140.0,400,0.0,0.0,1.0,-3304.53,0.9064
1113,11,bridge_open_medium,0.3636,0,180.25,400,0.0,0.0,1.0,-3081.99,0.9036
1114,11,bridge_open_medium,0.3636,0,159.25,400,0.0,0.0,1.0,-3037.53,0.9007
1115,11,bridge_open_medium,0.1818,0,163.5,400,0.0,0.0,1.0,-3670.75,0.8975
1116,11,bridge_open_medium,0.2727,0,198.33,400,0.0,0.0,1.0,-3492.23,0.8944
1117,11,bridge_open_medium,0.3636,0,179.5,400,0.0,0.0,1.0,-3111.94,0.8915
1118,11,bridge_open_medium,0.4545,0,206.0,400,0.0,0.0,1.0,-2911.82,0.8887
1119,11,bridge_open_medium,0.5455,0,158.17,400,0.0,0.0,1.0,-2370.03,0.8863
1120,11,bridge_open_medium,0.4545,0,270.8,400,0.0,0.0,1.0,-3244.35,0.8832
1121,11,bridge_open_medium,0.3636,0,88.0,400,0.0,0.0,1.0,-2749.86,0.8807
1122,11,bridge_open_medium,0.6364,0,216.29,400,0.0,0.0,1.0,-2413.44,0.8781
1123,11,bridge_open_medium,0.5455,0,194.17,400,0.0,0.0,1.0,-2553.19,0.8755
1124,11,bridge_open_medium,0.6364,0,228.57,400,0.0,0.0,1.0,-2534.14,0.8729
1125,11,bridge_open_medium,0.5455,0,224.5,400,0.0,0.0,1.0,-2708.75,0.8702
1126,11,bridge_open_medium,0.5455,0,210.67,400,0.0,0.0,1.0,-2666.92,0.8675
1127,11,bridge_open_medium,0.3636,0,304.0,400,0.0,0.0,1.0,-3572.21,0.8642
1128,11,bridge_open_medium,0.5455,0,240.67,400,0.0,0.0,1.0,-2830.27,0.8614
1129,11,bridge_open_medium,0.5455,0,154.0,400,0.0,0.0,1.0,-2332.35,0.859
1130,11,bridge_open_medium,0.3636,0,168.5,400,0.0,0.0,1.0,-3029.69,0.8561
1131,11,bridge_open_medium,0.6364,0,145.43,400,0.0,0.0,1.0,-1930.18,0.854
1132,11,bridge_open_medium,0.7273,0,245.38,400,0.0,0.0,1.0,-2365.08,0.8514
1133,11,bridge_open_medium,0.6364,0,193.57,400,0.0,0.0,1.0,-2264.68,0.849
1134,11,bridge_open_medium,0.8182,0,162.78,400,0.0,0.0,1.0,-1393.39,0.8471
1135,11,bridge_open_medium,0.6364,0,127.43,400,0.0,0.0,1.0,-1783.59,0.8451
1136,11,bridge_open_medium,0.7273,0,170.5,400,0.0,0.0,1.0,-1800.3,0.843
1137,11,bridge_open_medium,0.6364,0,169.0,400,0.0,0.0,1.0,-2083.37,0.8407
1138,11,bridge_open_medium,0.9091,0,166.7,400,0.0,0.0,1.0,-1128.9,0.839
1139,11,bridge_open_medium,0.5455,0,147.67,400,0.0,0.0,1.0,-2272.06,0.8366
1140,11,bridge_open_medium,0.7273,0,230.0,400,0.0,0.0,1.0,-2211.9,0.8342
1141,11,bridge_open_medium,0.7273,0,183.0,400,0.0,0.0,1.0,-1856.78,0.832
1142,11,bridge_open_medium,0.6364,0,148.0,400,0.0,0.0,1.0,-1910.98,0.8298
1143,11,bridge_open_medium,0.8182,0,189.89,400,0.0,0.0,1.0,-1626.54,0.8278
1144,11,bridge_open_medium,0.7273,0,198.0,400,0.0,0.0,1.0,-1984.55,0.8255
1145,11,bridge_open_medium,0.7273,0,245.88,400,0.0,0.0,1.0,-2336.58,0.8229
1146,11,bridge_open_medium,0.7273,0,195.88,400,0.0,0.0,1.0,-1977.6,0.8206
1147,11,bridge_open_medium,1.0,1,224.91,378,0.0,0.0,1.0,-1411.02,0.8186
1148,11,bridge_open_medium,0.9091,0,247.2,400,0.0,0.0,1.0,-1894.79,0.8162
1149,11,bridge_open_medium,0.8182,0,163.33,400,0.0,0.0,1.0,-1404.12,0.8144
1150,11,bridge_open_medium,0.7273,0,124.62,400,0.0,0.0,1.0,-1445.55,0.8126
1151,11,bridge_open_medium,0.8182,0,164.22,400,0.0,0.0,1.0,-1405.04,0.8107
1152,11,bridge_open_medium,0.7273,0,148.12,400,0.0,0.0,1.0,-1604.77,0.8088
1153,11,bridge_open_medium,0.7273,0,82.25,400,0.0,0.0,1.0,-1094.3,0.8072
1154,11,bridge_open_medium,0.9091,0,144.7,400,0.0,0.0,1.0,-901.75,0.8057
1155,11,bridge_open_medium,0.8182,0,161.44,400,0.0,0.0,1.0,-1366.34,0.8039
1156,11,bridge_open_medium,0.9091,0,228.7,400,0.0,0.0,1.0,-1707.82,0.8017
1157,11,bridge_open_medium,0.6364,0,196.14,400,0.0,0.0,1.0,-2237.28,0.7993
1158,11,bridge_open_medium,0.9091,0,167.1,400,0.0,0.0,1.0,-1100.84,0.7976
1159,11,bridge_open_medium,0.8182,0,120.67,400,0.0,0.0,1.0,-1007.99,0.796
1160,11,bridge_open_medium,1.0,1,201.45,387,0.0,0.0,1.0,-1132.54,0.7942
1161,11,bridge_open_medium,0.7273,0,166.5,400,0.0,0.0,1.0,-1712.39,0.7921
1162,11,bridge_open_medium,0.7273,0,149.38,400,0.0,0.0,1.0,-1549.09,0.7902
1163,11,bridge_open_medium,0.9091,0,145.6,400,0.0,0.0,1.0,-889.91,0.7886
1164,11,bridge_open_medium,0.8182,0,152.56,400,0.0,0.0,1.0,-1284.82,0.7869
1165,11,bridge_open_medium,1.0,1,194.45,395,0.0,0.0,1.0,-1066.7,0.7851
1166,11,bridge_open_medium,0.8182,0,170.11,400,0.0,0.0,1.0,-1434.84,0.7832
1167,11,bridge_open_medium,0.8182,0,160.78,400,0.0,0.0,1.0,-1342.84,0.7814
1168,12,bridge_corridor_medium,0.0,0,400,400,0.0,0.0,1.0,-4329.7,0.9964
1169,12,bridge_corridor_medium,0.0,0,400,400,0.0,0.0,1.0,-4363.25,0.9928
1170,12,bridge_corridor_medium,0.0,0,400,400,0.0,0.0,1.0,-4336.73,0.9892
1171,12,bridge_corridor_medium,0.0909,0,291.0,400,0.0,0.0,1.0,-4114.82,0.9857
1172,12,bridge_corridor_medium,0.0,0,400,400,0.0,0.0,1.0,-4345.31,0.9821
1173,12,bridge_corridor_medium,0.0,0,400,400,0.0,0.0,1.0,-4338.93,0.9785
1174,12,bridge_corridor_medium,0.0,0,400,400,0.0,0.0,1.0,-4328.78,0.9749
1175,12,bridge_corridor_medium,0.0,0,400,400,0.0,0.0,1.0,-4355.39,0.9713
1176,12,bridge_corridor_medium,0.0,0,400,400,0.0,0.0,1.0,-4336.25,0.9677
1177,12,bridge_corridor_medium,0.0909,0,331.0,400,0.0,0.0,1.0,-4190.8,0.9641
1178,12,bridge_corridor_medium,0.0,0,400,400,0.0,0.0,1.0,-4362.95,0.9605
1179,12,bridge_corridor_medium,0.0,0,400,400,0.0,0.0,1.0,-4389.16,0.9569
1180,12,bridge_corridor_medium,0.0909,0,257.0,400,0.0,0.0,1.0,-4072.37,0.9534
1181,12,bridge_corridor_medium,0.0,0,400,400,0.0,0.0,1.0,-4319.91,0.9498
1182,12,bridge_corridor_medium,0.0909,0,345.0,400,0.0,0.0,1.0,-4172.83,0.9463
1183,12,bridge_corridor_medium,0.0,0,400,400,0.0,0.0,1.0,-4309.36,0.9427
1184,12,bridge_corridor_medium,0.0,0,400,400,0.0,0.0,1.0,-4303.13,0.939
1185,12,bridge_corridor_medium,0.1818,0,238.5,400,0.0,0.0,1.0,-3832.97,0.9357
1186,12,bridge_corridor_medium,0.0,0,400,400,0.0,0.0,1.0,-4320.31,0.9321
1187,12,bridge_corridor_medium,0.0,0,400,400,0.0,0.0,1.0,-4293.87,0.9285
1188,12,bridge_corridor_medium,0.0909,0,225.0,400,0.0,0.0,1.0,-4027.86,0.925
1189,12,bridge_corridor_medium,0.0909,0,312.0,400,0.0,0.0,1.0,-4165.22,0.9215
1190,12,bridge_corridor_medium,0.0,0,400,400,0.0,0.0,1.0,-4279.57,0.9179
1191,12,bridge_corridor_medium,0.1818,0,204.5,400,0.0,0.0,1.0,-3747.32,0.9146
1192,12,bridge_corridor_medium,0.0,0,400,400,0.0,0.0,1.0,-4235.39,0.911
1193,12,bridge_corridor_medium,0.0909,0,325.0,400,0.0,0.0,1.0,-4059.59,0.9075
1194,12,bridge_corridor_medium,0.1818,0,265.5,400,0.0,0.0,1.0,-3792.23,0.9041
1195,12,bridge_corridor_medium,0.1818,0,338.0,400,0.0,0.0,1.0,-3962.63,0.9006
1196,12,bridge_corridor_medium,0.1818,0,159.5,400,0.0,0.0,1.0,-3634.67,0.8974
1197,12,bridge_corridor_medium,0.0909,0,208.0,400,0.0,0.0,1.0,-3994.32,0.8939
1198,12,bridge_corridor_medium,0.0,0,400,400,0.0,0.0,1.0,-4243.1,0.8903
1199,12,bridge_corridor_medium,0.2727,0,224.0,400,0.0,0.0,1.0,-3423.87,0.8872
1200,12,bridge_corridor_medium,0.0909,0,193.0,400,0.0,0.0,1.0,-3943.11,0.8837
1201,12,bridge_corridor_medium,0.2727,0,300.67,400,0.0,0.0,1.0,-3626.56,0.8804
1202,12,bridge_corridor_medium,0.0909,0,239.0,400,0.0,0.0,1.0,-3933.57,0.8769
1203,12,bridge_corridor_medium,0.0909,0,217.0,400,0.0,0.0,1.0,-3932.88,0.8734
1204,12,bridge_corridor_medium,0.1818,0,249.5,400,0.0,0.0,1.0,-3695.03,0.8701
1205,12,bridge_corridor_medium,0.0909,0,358.0,400,0.0,0.0,1.0,-4050.79,0.8665
1206,12,bridge_corridor_medium,0.0909,0,236.0,400,0.0,0.0,1.0,-3948.38,0.8631
1207,12,bridge_corridor_medium,0.0,0,400,400,0.0,0.0,1.0,-4155.88,0.8594
1208,12,bridge_corridor_medium,0.0,0,400,400,0.0,0.0,1.0,-4204.33,0.8558
1209,12,bridge_corridor_medium,0.0,0,400,400,0.0,0.0,1.0,-4155.74,0.8522
1210,12,bridge_corridor_medium,0.0,0,400,400,0.0,0.0,1.0,-4203.08,0.8486
1211,12,bridge_corridor_medium,0.0,0,400,400,0.0,0.0,1.0,-4161.49,0.845
1212,12,bridge_corridor_medium,0.0,0,400,400,0.0,0.0,1.0,-4164.28,0.8414
1213,12,bridge_corridor_medium,0.0,0,400,400,0.0,0.0,1.0,-4128.32,0.8378
1214,12,bridge_corridor_medium,0.0909,0,344.0,400,0.0,0.0,1.0,-4001.26,0.8343
1215,12,bridge_corridor_medium,0.0,0,400,400,0.0,0.0,1.0,-4072.93,0.8307
1216,12,bridge_corridor_medium,0.0909,0,293.0,400,0.0,0.0,1.0,-3964.4,0.8272
1217,12,bridge_corridor_medium,0.0909,0,177.0,400,0.0,0.0,1.0,-3854.89,0.8237
1218,12,bridge_corridor_medium,0.0909,0,171.0,400,0.0,0.0,1.0,-3835.34,0.8203
1219,12,bridge_corridor_medium,0.0909,0,295.0,400,0.0,0.0,1.0,-4033.96,0.8168
1220,12,bridge_corridor_medium,0.0,0,400,400,0.0,0.0,1.0,-4289.11,0.8132
1221,12,bridge_corridor_medium,0.0909,0,179.0,400,0.0,0.0,1.0,-3941.39,0.8098
1222,12,bridge_corridor_medium,0.0,0,400,400,0.0,0.0,1.0,-4245.86,0.8062
1223,12,bridge_corridor_medium,0.0,0,400,400,0.0,0.0,1.0,-4227.41,0.8026
1224,12,bridge_corridor_medium,0.0909,0,261.0,400,0.0,0.0,1.0,-3956.7,0.7991
1225,12,bridge_corridor_medium,0.1818,0,154.0,400,0.0,0.0,1.0,-3500.12,0.7959
1226,12,bridge_corridor_medium,0.1818,0,120.5,400,0.0,0.0,1.0,-3467.78,0.7927
1227,12,bridge_corridor_medium,0.1818,0,120.0,400,0.0,0.0,1.0,-3477.93,0.7896
1228,12,bridge_corridor_medium,0.1818,0,132.0,400,0.0,0.0,1.0,-3554.43,0.7864
1229,12,bridge_corridor_medium,0.0,0,400,400,0.0,0.0,1.0,-4280.77,0.7828
1230,12,bridge_corridor_medium,0.0909,0,90.0,400,0.0,0.0,1.0,-3918.99,0.7795
1231,12,bridge_corridor_medium,0.0909,0,168.0,400,0.0,0.0,1.0,-3920.9,0.7761
1232,12,bridge_corridor_medium,0.1818,0,125.5,400,0.0,0.0,1.0,-3552.25,0.7729
1233,12,bridge_corridor_medium,0.1818,0,209.0,400,0.0,0.0,1.0,-3661.79,0.7696
1234,12,bridge_corridor_medium,0.1818,0,100.0,400,0.0,0.0,1.0,-3477.06,0.7665
1235,12,bridge_corridor_medium,0.0909,0,89.0,400,0.0,0.0,1.0,-3841.93,0.7631
1236,12,bridge_corridor_medium,0.4545,0,222.2,400,0.0,0.0,1.0,-2864.12,0.7603
1237,12,bridge_corridor_medium,0.1818,0,194.0,400,0.0,0.0,1.0,-3602.94,0.757
1238,12,bridge_corridor_medium,0.0909,0,125.0,400,0.0,0.0,1.0,-3913.14,0.7536
1239,12,bridge_corridor_medium,0.2727,0,192.67,400,0.0,0.0,1.0,-3364.43,0.7505
1240,12,bridge_corridor_medium,0.1818,0,100.5,400,0.0,0.0,1.0,-3449.34,0.7474
1241,12,bridge_corridor_medium,0.1818,0,357.5,400,0.0,0.0,1.0,-3930.01,0.7439
1242,12,bridge_corridor_medium,0.4545,0,243.0,400,0.0,0.0,1.0,-2931.26,0.7409
1243,12,bridge_corridor_medium,0.3636,0,214.5,400,0.0,0.0,1.0,-3149.15,0.7379
1244,12,bridge_corridor_medium,0.4545,0,255.4,400,0.0,0.0,1.0,-3041.15,0.7349
1245,12,bridge_corridor_medium,0.6364,0,286.71,400,0.0,0.0,1.0,-2764.61,0.732
1246,12,bridge_corridor_medium,0.4545,0,257.2,400,0.0,0.0,1.0,-3000.8,0.7289
1247,12,bridge_corridor_medium,0.4545,0,219.8,400,0.0,0.0,1.0,-2823.86,0.7261
1248,12,bridge_corridor_medium,0.6364,0,223.29,400,0.0,0.0,1.0,-2284.75,0.7235
1249,12,bridge_corridor_medium,0.5455,0,260.83,400,0.0,0.0,1.0,-2833.38,0.7206
1250,12,bridge_corridor_medium,0.4545,0,200.4,400,0.0,0.0,1.0,-2660.09,0.7178
1251,12,bridge_corridor_medium,0.6364,0,220.0,400,0.0,0.0,1.0,-2184.83,0.7152
1252,12,bridge_corridor_medium,0.7273,0,217.75,400,0.0,0.0,1.0,-1925.9,0.7128
1253,12,bridge_corridor_medium,0.6364,0,214.43,400,0.0,0.0,1.0,-2147.14,0.7103
1254,12,bridge_corridor_medium,0.6364,0,258.43,400,0.0,0.0,1.0,-2448.1,0.7075
1255,12,bridge_corridor_medium,0.7273,0,247.12,400,0.0,0.0,1.0,-2155.04,0.7049
1256,12,bridge_corridor_medium,0.6364,0,221.86,400,0.0,0.0,1.0,-2187.96,0.7023
1257,12,bridge_corridor_medium,0.8182,0,231.89,400,0.0,0.0,1.0,-1764.99,0.6999
1258,12,bridge_corridor_medium,0.6364,0,228.0,400,0.0,0.0,1.0,-2222.89,0.6973
1259,12,bridge_corridor_medium,0.7273,0,256.25,400,0.0,0.0,1.0,-2145.02,0.6946
1260,12,bridge_corridor_medium,0.8182,0,272.33,400,0.0,0.0,1.0,-2077.11,0.692
1261,12,bridge_corridor_medium,0.7273,0,314.5,400,0.0,0.0,1.0,-2565.57,0.6889
1262,12,bridge_corridor_medium,0.7273,0,262.88,400,0.0,0.0,1.0,-2216.75,0.6862
1263,12,bridge_corridor_medium,0.8182,0,296.89,400,0.0,0.0,1.0,-2294.06,0.6834
1264,12,bridge_corridor_medium,0.4545,0,276.6,400,0.0,0.0,1.0,-3001.81,0.6803
1265,12,bridge_corridor_medium,0.5455,0,247.33,400,0.0,0.0,1.0,-2593.01,0.6774
1266,12,bridge_corridor_medium,0.4545,0,298.4,400,0.0,0.0,1.0,-3080.97,0.6743
1267,12,bridge_corridor_medium,0.0909,0,396.0,400,0.0,0.0,1.0,-3939.88,0.6707
1268,12,bridge_corridor_medium,0.0909,0,374.0,400,0.0,0.0,1.0,-3895.62,0.6671
1269,12,bridge_corridor_medium,0.0909,0,367.0,400,0.0,0.0,1.0,-3895.83,0.6635
1270,12,bridge_corridor_medium,0.0909,0,365.0,400,0.0,0.0,1.0,-3941.44,0.6599
1271,12,bridge_corridor_medium,0.0,0,400,400,0.0,0.0,1.0,-4044.54,0.6563
1272,12,bridge_corridor_medium,0.0,0,400,400,0.0,0.0,1.0,-4118.27,0.6527
1273,12,bridge_corridor_medium,0.0,0,400,400,0.0,0.0,1.0,-4085.8,0.6491
1274,12,bridge_corridor_medium,0.0,0,400,400,0.0,0.0,1.0,-4140.11,0.6455
1275,12,bridge_corridor_medium,0.0,0,400,400,0.0,0.0,1.0,-4128.75,0.6419
1276,12,bridge_corridor_medium,0.0,0,400,400,0.0,0.0,1.0,-4086.84,0.6383
1277,12,bridge_corridor_medium,0.1818,0,294.5,400,0.0,0.0,1.0,-3668.98,0.6349
1278,12,bridge_corridor_medium,0.3636,0,316.25,400,0.0,0.0,1.0,-3377.28,0.6315
1279,12,bridge_corridor_medium,0.4545,0,262.4,400,0.0,0.0,1.0,-3002.41,0.6285
1280,12,bridge_corridor_medium,0.5455,0,231.67,400,0.0,0.0,1.0,-2567.32,0.6257
1281,12,bridge_corridor_medium,0.4545,0,267.8,400,0.0,0.0,1.0,-3053.01,0.6227
1282,12,bridge_corridor_medium,0.7273,0,285.5,400,0.0,0.0,1.0,-2410.1,0.6198
1283,12,bridge_corridor_medium,0.1818,0,130.0,400,0.0,0.0,1.0,-3522.32,0.6166
1284,12,bridge_corridor_medium,0.1818,0,91.5,400,0.0,0.0,1.0,-3494.85,0.6135
1285,12,bridge_corridor_medium,0.2727,0,142.33,400,0.0,0.0,1.0,-3113.24,0.6106
1286,12,bridge_corridor_medium,0.9091,0,241.2,400,0.0,0.0,1.0,-1568.4,0.6083
1287,12,bridge_corridor_medium,0.6364,0,207.57,400,0.0,0.0,1.0,-2145.74,0.6058
1288,12,bridge_corridor_medium,0.6364,0,274.43,400,0.0,0.0,1.0,-2570.71,0.6029
1289,12,bridge_corridor_medium,0.9091,0,251.8,400,0.0,0.0,1.0,-1674.21,0.6005
1290,12,bridge_corridor_medium,0.9091,0,235.3,400,0.0,0.0,1.0,-1522.17,0.5982
1291,12,bridge_corridor_medium,0.8182,0,272.56,400,0.0,0.0,1.0,-2049.6,0.5956
1292,12,bridge_corridor_medium,0.9091,0,226.7,400,0.0,0.0,1.0,-1388.87,0.5934
1293,12,bridge_corridor_medium,0.9091,0,216.1,400,0.0,0.0,1.0,-1328.26,0.5913
1294,12,bridge_corridor_medium,0.8182,0,232.78,400,0.0,0.0,1.0,-1714.91,0.5889
1295,12,bridge_corridor_medium,0.8182,0,198.67,400,0.0,0.0,1.0,-1440.94,0.5868
1296,12,bridge_corridor_medium,0.8182,0,201.22,400,0.0,0.0,1.0,-1486.19,0.5847
1297,12,bridge_corridor_medium,0.9091,0,208.4,400,0.0,0.0,1.0,-1259.46,0.5826
1298,12,bridge_corridor_medium,0.9091,0,218.5,400,0.0,0.0,1.0,-1379.69,0.5805
1299,12,bridge_corridor_medium,0.9091,0,273.4,400,0.0,0.0,1.0,-1845.89,0.578
1300,12,bridge_corridor_medium,1.0,1,235.27,317,0.0,0.0,1.0,-1205.84,0.5758
1301,12,bridge_corridor_medium,0.8182,0,185.56,400,0.0,0.0,1.0,-1289.26,0.5738
1302,12,bridge_corridor_medium,0.8182,0,202.11,400,0.0,0.0,1.0,-1450.13,0.5717
1303,12,bridge_corridor_medium,0.9091,0,229.4,400,0.0,0.0,1.0,-1376.57,0.5695
1304,12,bridge_corridor_medium,0.8182,0,196.0,400,0.0,0.0,1.0,-1448.91,0.5674
1305,12,bridge_corridor_medium,0.9091,0,196.0,400,0.0,0.0,1.0,-1163.57,0.5654
1306,12,bridge_corridor_medium,0.8182,0,204.22,400,0.0,0.0,1.0,-1552.35,0.5633
1307,12,bridge_corridor_medium,0.7273,0,178.25,400,0.0,0.0,1.0,-1624.84,0.5611
1308,12,bridge_corridor_medium,0.8182,0,173.44,400,0.0,0.0,1.0,-1289.88,0.5592
1309,12,bridge_corridor_medium,0.7273,0,173.25,400,0.0,0.0,1.0,-1542.55,0.5571
1310,12,bridge_corridor_medium,0.8182,0,220.44,400,0.0,0.0,1.0,-1591.63,0.5548
1311,12,bridge_corridor_medium,1.0,1,226.27,340,0.0,0.0,1.0,-1151.99,0.5527
1312,12,bridge_corridor_medium,1.0,1,233.27,374,0.0,0.0,1.0,-1144.39,0.5506
1313,12,bridge_corridor_medium,1.0,1,195.27,341,0.0,0.0,1.0,-790.91,0.5489
1314,13,bridge_hazard_intro,0.1667,0,222.0,420,0.0,0.0,1.0,-4422.11,0.9967
1315,13,bridge_hazard_intro,0.1667,0,262.0,420,0.0,0.0,1.0,-4477.81,0.9933
1316,13,bridge_hazard_intro,0.1667,0,253.5,420,0.0,0.0,1.0,-4459.16,0.9899
1317,13,bridge_hazard_intro,0.1667,0,262.0,420,0.0,0.0,1.0,-4504.04,0.9865
1318,13,bridge_hazard_intro,0.0,0,420,420,0.0,0.0,1.0,-4956.51,0.9828
1319,13,bridge_hazard_intro,0.0833,0,99.0,420,0.0,0.0,1.0,-4578.47,0.9794
1320,13,bridge_hazard_intro,0.3333,0,239.0,420,0.0,0.0,1.0,-3908.35,0.9763
1321,13,bridge_hazard_intro,0.0,0,420,420,0.0,0.0,1.0,-4954.38,0.9727
1322,13,bridge_hazard_intro,0.1667,0,177.5,420,0.0,0.0,1.0,-4311.95,0.9694
1323,13,bridge_hazard_intro,0.25,0,224.33,420,0.0,0.0,1.0,-4139.02,0.9662
1324,13,bridge_hazard_intro,0.0833,0,93.0,420,0.0,0.0,1.0,-4554.67,0.9628
1325,13,bridge_hazard_intro,0.1667,0,316.5,420,0.0,0.0,1.0,-4610.87,0.9594
1326,13,bridge_hazard_intro,0.25,0,298.67,420,0.0,0.0,1.0,-4327.42,0.956
1327,13,bridge_hazard_intro,0.3333,0,221.0,420,0.0,0.0,1.0,-3833.76,0.9529
1328,13,bridge_hazard_intro,0.0833,0,294.0,420,0.0,0.0,1.0,-4727.5,0.9494
1329,13,bridge_hazard_intro,0.3333,0,285.0,420,0.0,0.0,1.0,-4107.44,0.9462
1330,13,bridge_hazard_intro,0.1667,0,335.5,420,0.0,0.0,1.0,-4635.19,0.9427
1331,13,bridge_hazard_intro,0.4167,0,223.0,420,0.0,0.0,1.0,-3574.92,0.9397
1332,13,bridge_hazard_intro,0.1667,0,136.0,420,0.0,0.0,1.0,-4233.03,0.9365
1333,13,bridge_hazard_intro,0.3333,0,121.0,420,0.0,0.0,1.0,-3423.52,0.9338
1334,13,bridge_hazard_intro,0.25,0,191.0,420,0.0,0.0,1.0,-4027.1,0.9306
1335,13,bridge_hazard_intro,0.25,0,265.67,420,0.0,0.0,1.0,-4224.44,0.9273
1336,13,bridge_hazard_intro,0.3333,0,231.5,420,0.0,0.0,1.0,-3850.39,0.9242
1337,13,bridge_hazard_intro,0.25,0,83.33,420,0.0,0.0,1.0,-3699.13,0.9213
1338,13,bridge_hazard_intro,0.3333,0,202.5,420,0.0,0.0,1.0,-3732.16,0.9183
1339,13,bridge_hazard_intro,0.25,0,144.33,420,0.0,0.0,1.0,-3888.18,0.9153
1340,13,bridge_hazard_intro,0.25,0,99.67,420,0.0,0.0,1.0,-3747.7,0.9124
1341,13,bridge_hazard_intro,0.0833,0,346.0,420,0.0,0.0,1.0,-4758.51,0.9088
1342,13,bridge_hazard_intro,0.3333,0,173.25,420,0.0,0.0,1.0,-3652.27,0.9059
1343,13,bridge_hazard_intro,0.25,0,111.67,420,0.0,0.0,1.0,-3804.09,0.9029
1344,13,bridge_hazard_intro,0.25,0,111.0,420,0.0,0.0,1.0,-3808.96,0.9
1345,13,bridge_hazard_intro,0.25,0,300.67,420,0.0,0.0,1.0,-4368.04,0.8966
1346,13,bridge_hazard_intro,0.4167,0,171.0,420,0.0,0.0,1.0,-3276.44,0.8939
1347,13,bridge_hazard_intro,0.5,0,278.17,420,0.0,0.0,1.0,-3557.35,0.8908
1348,13,bridge_hazard_intro,0.4167,0,190.8,420,0.0,0.0,1.0,-3374.82,0.888
1349,13,bridge_hazard_intro,0.5,0,236.5,420,0.0,0.0,1.0,-3338.07,0.8852
1350,13,bridge_hazard_intro,0.3333,0,198.75,420,0.0,0.0,1.0,-3740.07,0.8822
1351,13,bridge_hazard_intro,0.5,0,244.5,420,0.0,0.0,1.0,-3367.91,0.8793
1352,13,bridge_hazard_intro,0.3333,0,144.25,420,0.0,0.0,1.0,-3520.34,0.8765
1353,13,bridge_hazard_intro,0.4167,0,152.4,420,0.0,0.0,1.0,-3227.04,0.8739
1354,13,bridge_hazard_intro,0.6667,0,195.5,420,0.0,0.0,1.0,-2466.7,0.8715
1355,13,bridge_hazard_intro,0.5,0,152.17,420,0.0,0.0,1.0,-2872.03,0.869
1356,13,bridge_hazard_intro,0.6667,0,178.12,420,0.0,0.0,1.0,-2358.67,0.8668
1357,13,bridge_hazard_intro,0.5,0,91.83,420,0.0,0.0,1.0,-2516.45,0.8646
1358,13,bridge_hazard_intro,0.5833,0,193.29,420,0.0,0.0,1.0,-2773.06,0.8621
1359,13,bridge_hazard_intro,0.5,0,168.33,420,0.0,0.0,1.0,-2966.22,0.8596
1360,13,bridge_hazard_intro,0.5,0,199.67,420,0.0,0.0,1.0,-3089.94,0.8569
1361,13,bridge_hazard_intro,0.5833,0,160.0,420,0.0,0.0,1.0,-2544.22,0.8546
1362,13,bridge_hazard_intro,0.4167,0,107.4,420,0.0,0.0,1.0,-2950.5,0.8521
1363,13,bridge_hazard_intro,0.5833,0,267.0,420,0.0,0.0,1.0,-3224.4,0.8492
1364,13,bridge_hazard_intro,0.5,0,112.17,420,0.0,0.0,1.0,-2577.21,0.8469
1365,13,bridge_hazard_intro,0.9167,0,207.73,420,0.0,0.0,1.0,-1629.78,0.845
1366,13,bridge_hazard_intro,0.6667,0,273.88,420,0.0,0.0,1.0,-3037.66,0.8422
1367,13,bridge_hazard_intro,0.75,0,185.67,420,0.0,0.0,1.0,-2040.4,0.8401
1368,13,bridge_hazard_intro,0.6667,0,167.38,420,0.0,0.0,1.0,-2212.57,0.8379
1369,13,bridge_hazard_intro,0.75,0,155.11,420,0.0,0.0,1.0,-1751.23,0.836
1370,13,bridge_hazard_intro,0.9167,0,225.18,420,0.0,0.0,1.0,-1832.5,0.8339
1371,13,bridge_hazard_intro,1.0,1,178.83,393,0.0,0.0,1.0,-998.23,0.8324
1372,13,bridge_hazard_intro,0.5833,0,153.57,420,0.0,0.0,1.0,-2422.52,0.8301
1373,13,bridge_hazard_intro,0.9167,0,194.27,420,0.0,0.0,1.0,-1481.42,0.8282
1374,13,bridge_hazard_intro,0.8333,0,194.6,420,0.0,0.0,1.0,-1773.11,0.8262
1375,13,bridge_hazard_intro,0.9167,0,226.18,420,0.0,0.0,1.0,-1809.49,0.8241
1376,13,bridge_hazard_intro,0.75,0,171.56,420,0.0,0.0,1.0,-1899.43,0.8221
1377,13,bridge_hazard_intro,0.6667,0,184.0,420,0.0,0.0,1.0,-2302.83,0.8199
1378,13,bridge_hazard_intro,0.9167,0,221.45,420,0.0,0.0,1.0,-1786.13,0.8178
1379,13,bridge_hazard_intro,0.8333,0,214.3,420,0.0,0.0,1.0,-1989.15,0.8157
1380,13,bridge_hazard_intro,0.9167,0,218.73,420,0.0,0.0,1.0,-1729.31,0.8136
1381,13,bridge_hazard_intro,0.75,0,207.44,420,0.0,0.0,1.0,-2188.1,0.8114
1382,13,bridge_hazard_intro,0.9167,0,170.91,420,0.0,0.0,1.0,-1238.74,0.8097
1383,13,bridge_hazard_intro,1.0,1,183.17,388,0.0,0.0,1.0,-1044.79,0.8081
1384,13,bridge_hazard_intro,0.9167,0,178.64,420,0.0,0.0,1.0,-1279.33,0.8064
1385,13,bridge_hazard_intro,0.9167,0,165.18,420,0.0,0.0,1.0,-1168.37,0.8048
1386,13,bridge_hazard_intro,1.0,1,176.75,381,0.0,0.0,1.0,-982.08,0.8033
1387,13,bridge_hazard_intro,0.9167,0,191.82,420,0.0,0.0,1.0,-1437.89,0.8015
1388,13,bridge_hazard_intro,1.0,1,206.83,413,0.0,0.0,1.0,-1318.47,0.7997
1389,13,bridge_hazard_intro,1.0,1,172.75,371,0.0,0.0,1.0,-918.36,0.7982
1390,14,bridge_multi_exit,0.0,0,420,420,0.0833,0.0764,1.025,-5595.32,0.996
1391,14,bridge_multi_exit,0.0,0,420,420,0.0833,0.0764,1.0229,-5340.93,0.992
1392,14,bridge_multi_exit,0.0,0,420,420,0.0833,0.0764,1.025,-5869.87,0.988
1393,14,bridge_multi_exit,0.25,0,282.33,420,0.0,0.0,1.0,-4309.3,0.9844
1394,14,bridge_multi_exit,0.0833,0,375.0,420,0.1384,0.0797,1.05,-4952.49,0.9804
1395,14,bridge_multi_exit,0.0833,0,337.0,420,0.0683,0.0514,1.025,-4831.61,0.9765
1396,14,bridge_multi_exit,0.0833,0,304.0,420,0.0833,0.0764,1.025,-5226.4,0.9726
1397,14,bridge_multi_exit,0.25,0,235.33,420,0.015,0.0025,1.0052,-4225.4,0.969
1398,14,bridge_multi_exit,0.0833,0,198.0,420,0.0,0.0,1.0,-4785.55,0.9652
1399,14,bridge_multi_exit,0.1667,0,158.5,420,0.0283,0.0088,1.0129,-4307.97,0.9616
1400,14,bridge_multi_exit,0.1667,0,318.0,420,0.0,0.0,1.0,-4817.99,0.9578
1401,14,bridge_multi_exit,0.1667,0,280.5,420,0.0833,0.0764,1.025,-4749.66,0.954
1402,14,bridge_multi_exit,0.1667,0,213.5,420,0.0,0.0,1.0,-4347.74,0.9504
1403,14,bridge_multi_exit,0.3333,0,269.25,420,0.0,0.0,1.0,-4043.96,0.9469
1404,14,bridge_multi_exit,0.3333,0,241.5,420,0.0,0.0,1.0,-3919.66,0.9434
1405,14,bridge_multi_exit,0.25,0,294.33,420,0.0833,0.0764,1.025,-4885.97,0.9397
1406,14,bridge_multi_exit,0.1667,0,140.5,420,0.0,0.0,1.0,-4234.75,0.9362
1407,14,bridge_multi_exit,0.3333,0,249.0,420,0.1483,0.112,1.0487,-4161.4,0.9327
1408,14,bridge_multi_exit,0.3333,0,186.75,420,0.04,0.0091,1.017,-3849.32,0.9295
1409,14,bridge_multi_exit,0.4167,0,225.8,420,0.0,0.0,1.0,-3546.41,0.9263
1410,14,bridge_multi_exit,0.5,0,288.5,420,0.0,0.0,1.0,-3655.64,0.9229
1411,14,bridge_multi_exit,0.3333,0,231.75,420,0.0,0.0,1.0,-3925.5,0.9195
1412,14,bridge_multi_exit,0.5,0,270.33,420,0.0,0.0,1.0,-3534.44,0.9162
1413,14,bridge_multi_exit,0.5833,0,244.57,420,0.0,0.0,1.0,-3086.34,0.9132
1414,14,bridge_multi_exit,0.5833,0,343.14,420,0.0,0.0,1.0,-3799.92,0.9096
1415,14,bridge_multi_exit,0.5,0,214.67,420,0.0,0.0,1.0,-3193.26,0.9066
1416,14,bridge_multi_exit,0.5833,0,288.71,420,0.0,0.0,1.0,-3437.09,0.9034
1417,14,bridge_multi_exit,0.5,0,252.0,420,0.0,0.0,1.0,-3413.11,0.9002
1418,14,bridge_multi_exit,0.5,0,218.0,420,0.0,0.0,1.0,-3316.74,0.8971
1419,14,bridge_multi_exit,0.5,0,189.67,420,0.0,0.0,1.0,-3027.64,0.8942
1420,14,bridge_multi_exit,0.75,0,287.78,420,0.0,0.0,1.0,-2945.75,0.8912
1421,14,bridge_multi_exit,0.6667,0,185.0,420,0.0,0.0,1.0,-2382.43,0.8887
1422,14,bridge_multi_exit,0.6667,0,236.88,420,0.0,0.0,1.0,-2776.9,0.8858
1423,14,bridge_multi_exit,0.5,0,240.17,420,0.0,0.0,1.0,-3318.63,0.8827
1424,14,bridge_multi_exit,0.6667,0,279.25,420,0.0,0.0,1.0,-3123.76,0.8796
1425,14,bridge_multi_exit,0.6667,0,236.75,420,0.0,0.0,1.0,-2807.66,0.8768
1426,14,bridge_multi_exit,0.75,0,190.22,420,0.0,0.0,1.0,-2090.53,0.8744
1427,14,bridge_multi_exit,0.6667,0,233.5,420,0.0,0.0,1.0,-2756.5,0.8716
1428,14,bridge_multi_exit,0.5833,0,238.71,420,0.0,0.0,1.0,-3014.39,0.8686
1429,14,bridge_multi_exit,0.8333,0,269.2,420,0.0,0.0,1.0,-2585.01,0.8658
1430,14,bridge_multi_exit,0.6667,0,201.25,420,0.0,0.0,1.0,-2499.39,0.8632
1431,14,bridge_multi_exit,0.75,0,232.44,420,0.0,0.0,1.0,-2454.05,0.8606
1432,14,bridge_multi_exit,0.8333,0,227.5,420,0.0,0.0,1.0,-2141.49,0.8581
1433,14,bridge_multi_exit,0.75,0,250.33,420,0.0,0.0,1.0,-2639.52,0.8553
1434,14,bridge_multi_exit,0.75,0,175.89,420,0.0,0.0,1.0,-1984.89,0.8531
1435,14,bridge_multi_exit,0.8333,0,192.5,420,0.0,0.0,1.0,-1813.06,0.8509
1436,14,bridge_multi_exit,0.75,0,232.67,420,0.0,0.0,1.0,-2485.63,0.8482
1437,14,bridge_multi_exit,0.9167,0,248.73,420,0.0,0.0,1.0,-2100.63,0.8457
1438,14,bridge_multi_exit,0.75,0,218.56,420,0.0,0.0,1.0,-2329.56,0.8432
1439,14,bridge_multi_exit,0.9167,0,233.91,420,0.0,0.0,1.0,-1947.04,0.8408
1440,14,bridge_multi_exit,0.6667,0,212.25,420,0.0,0.0,1.0,-2569.9,0.8381
1441,14,bridge_multi_exit,0.6667,0,187.75,420,0.0,0.0,1.0,-2371.55,0.8356
1442,14,bridge_multi_exit,0.8333,0,206.8,420,0.0,0.0,1.0,-1928.85,0.8333
1443,14,bridge_multi_exit,0.9167,0,212.64,420,0.0,0.0,1.0,-1717.3,0.8311
1444,14,bridge_multi_exit,0.9167,0,226.27,420,0.0,0.0,1.0,-1902.15,0.8288
1445,14,bridge_multi_exit,1.0,1,235.33,407,0.0,0.0,1.0,-1682.66,0.8266
1446,14,bridge_multi_exit,1.0,1,214.0,417,0.0,0.0,1.0,-1444.18,0.8245
1447,14,bridge_multi_exit,0.8333,0,194.1,420,0.0,0.0,1.0,-1842.52,0.8223
1448,14,bridge_multi_exit,1.0,1,248.67,418,0.0,0.0,1.0,-1836.78,0.82
1449,14,bridge_multi_exit,0.8333,0,179.4,420,0.0,0.0,1.0,-1698.72,0.8179
1450,14,bridge_multi_exit,0.9167,0,215.36,420,0.0,0.0,1.0,-1750.88,0.8157
1451,14,bridge_multi_exit,1.0,1,217.08,343,0.0,0.0,1.0,-1457.57,0.8136
1452,14,bridge_multi_exit,0.8333,0,199.8,420,0.0,0.0,1.0,-1872.78,0.8114
1453,15,hazard_bypass_medium,0.0833,0,77.0,450,0.0,0.0,1.0,-5110.27,0.9973
1454,15,hazard_bypass_medium,0.0,0,450,450,0.1667,0.1389,1.05,-6835.26,0.9943
1455,15,hazard_bypass_medium,0.0833,0,15.0,450,0.0617,0.0418,1.025,-4876.33,0.9916
1456,15,hazard_bypass_medium,0.1667,0,65.5,450,0.0833,0.0764,1.025,-4698.18,0.9891
1457,15,hazard_bypass_medium,0.1667,0,206.5,450,0.1533,0.1186,1.05,-5622.8,0.9864
1458,15,hazard_bypass_medium,0.0833,0,55.0,450,0.0833,0.0764,1.025,-5591.4,0.9837
1459,15,hazard_bypass_medium,0.1667,0,255.0,450,0.0,0.0,1.0,-4832.45,0.981
1460,15,hazard_bypass_medium,0.1667,0,334.0,450,0.1667,0.1389,1.05,-6289.14,0.9782
1461,15,hazard_bypass_medium,0.0833,0,52.0,450,0.25,0.1875,1.075,-6185.97,0.9754
1462,15,hazard_bypass_medium,0.0833,0,275.0,450,0.1483,0.112,1.0399,-5146.98,0.9726
1463,15,hazard_bypass_medium,0.0833,0,77.0,450,0.25,0.1875,1.075,-6472.31,0.9698
1464,15,hazard_bypass_medium,0.0,0,450,450,0.1667,0.1389,1.05,-5374.08,0.9669
1465,15,hazard_bypass_medium,0.25,0,178.67,450,0.1183,0.07,1.0467,-5016.19,0.9644
1466,15,hazard_bypass_medium,0.0833,0,5.0,450,0.1617,0.1308,1.0498,-4932.55,0.9617
1467,15,hazard_bypass_medium,0.25,0,234.33,450,0.1667,0.1389,1.0489,-4515.47,0.9591
1468,15,hazard_bypass_medium,0.1667,0,262.0,450,0.0,0.0,1.0,-4830.04,0.9564
1469,15,hazard_bypass_medium,0.1667,0,80.0,450,0.0,0.0,1.0,-4399.26,0.9538
1470,15,hazard_bypass_medium,0.25,0,324.67,450,0.0,0.0,1.0,-5114.06,0.9511
1471,15,hazard_bypass_medium,0.0833,0,64.0,450,0.0833,0.0764,1.025,-5081.28,0.9484
1472,15,hazard_bypass_medium,0.1667,0,239.5,450,0.0833,0.0764,1.025,-4730.96,0.9457
1473,15,hazard_bypass_medium,0.0833,0,386.0,450,0.0,0.0,1.0,-5510.64,0.9428
1474,15,hazard_bypass_medium,0.25,0,250.33,450,0.195,0.1201,1.0592,-4606.34,0.9401
1475,15,hazard_bypass_medium,0.25,0,174.67,450,0.0433,0.0207,1.0158,-4450.5,0.9376
1476,15,hazard_bypass_medium,0.3333,0,210.75,450,0.0833,0.0764,1.025,-4233.95,0.9352
1477,15,hazard_bypass_medium,0.1667,0,254.5,450,0.2083,0.1441,1.0643,-4831.39,0.9325
1478,15,hazard_bypass_medium,0.0833,0,204.0,450,0.0833,0.0764,1.0253,-5404.5,0.9297
1479,15,hazard_bypass_medium,0.0833,0,402.0,450,0.2819,0.1646,1.0867,-5488.01,0.9268
1480,15,hazard_bypass_medium,0.1667,0,253.0,450,0.2006,0.1258,1.063,-4943.4,0.9241
1481,15,hazard_bypass_medium,0.1667,0,219.0,450,0.055,0.0333,1.0093,-4991.84,0.9214
1482,15,hazard_bypass_medium,0.0833,0,94.0,450,0.255,0.1853,1.0749,-5076.84,0.9186
1483,15,hazard_bypass_medium,0.1667,0,288.5,450,0.14,0.1001,1.0351,-5043.96,0.9158
1484,15,hazard_bypass_medium,0.0,0,450,450,0.0117,0.0015,1.0,-5673.75,0.9129
1485,15,hazard_bypass_medium,0.0833,0,362.0,450,0.0768,0.0391,1.0321,-5458.18,0.91
1486,15,hazard_bypass_medium,0.0,0,450,450,0.33,0.1763,1.1009,-6508.47,0.9071
1487,15,hazard_bypass_medium,0.25,0,221.0,450,0.25,0.1875,1.075,-4754.91,0.9045
1488,15,hazard_bypass_medium,0.0833,0,8.0,450,0.0633,0.0371,1.0252,-5029.84,0.9018
1489,15,hazard_bypass_medium,0.0,0,450,450,0.13,0.0798,1.0479,-5546.14,0.8989
1490,15,hazard_bypass_medium,0.0,0,450,450,0.1667,0.1389,1.0474,-5724.94,0.8959
1491,15,hazard_bypass_medium,0.0833,0,3.0,450,0.1283,0.0912,1.0416,-5045.31,0.8932
1492,15,hazard_bypass_medium,0.0,0,450,450,0.0683,0.0514,1.0249,-5942.38,0.8903
1493,15,hazard_bypass_medium,0.0833,0,61.0,450,0.1667,0.1389,1.049,-5275.85,0.8876
1494,15,hazard_bypass_medium,0.0,0,450,450,0.065,0.0465,1.0249,-5943.55,0.8846
1495,15,hazard_bypass_medium,0.0,0,450,450,0.055,0.0333,1.0092,-5401.52,0.8817
1496,15,hazard_bypass_medium,0.0833,0,4.0,450,0.0,0.0,1.0,-5412.2,0.879
1497,15,hazard_bypass_medium,0.0,0,450,450,0.0,0.0,1.0,-5355.52,0.876
1498,15,hazard_bypass_medium,0.0,0,450,450,0.0,0.0,1.0,-5298.86,0.8731
1499,15,hazard_bypass_medium,0.0,0,450,450,0.0,0.0,1.0,-5294.43,0.8702
1500,15,hazard_bypass_medium,0.0,0,450,450,0.0,0.0,1.0,-5427.41,0.8672
1501,15,hazard_bypass_medium,0.0833,0,109.0,450,0.0,0.0,1.0,-4997.8,0.8645
1502,15,hazard_bypass_medium,0.0,0,450,450,0.0,0.0,1.0,-5304.12,0.8615
1503,15,hazard_bypass_medium,0.0833,0,4.0,450,0.0,0.0,1.0,-4892.11,0.8588
1504,15,hazard_bypass_medium,0.0833,0,210.0,450,0.0833,0.0764,1.0249,-5124.57,0.856
1505,15,hazard_bypass_medium,0.0,0,450,450,0.0,0.0,1.0,-5585.87,0.8531
1506,15,hazard_bypass_medium,0.0,0,450,450,0.0,0.0,1.0,-5437.42,0.8501
1507,15,hazard_bypass_medium,0.0833,0,255.0,450,0.0,0.0,1.0,-5025.88,0.8473
1508,15,hazard_bypass_medium,0.1667,0,257.0,450,0.0,0.0,1.0,-4757.97,0.8446
1509,15,hazard_bypass_medium,0.0833,0,25.0,450,0.0,0.0,1.0,-4940.45,0.8418
1510,15,hazard_bypass_medium,0.25,0,141.0,450,0.0,0.0,1.0,-4199.9,0.8394
1511,15,hazard_bypass_medium,0.25,0,234.67,450,0.06,0.0276,1.0232,-4584.09,0.8368
1512,15,hazard_bypass_medium,0.4167,0,244.4,450,0.0967,0.058,1.0379,-3832.11,0.8344
1513,15,hazard_bypass_medium,0.5,0,231.0,450,0.0833,0.0764,1.025,-3583.14,0.8322
1514,15,hazard_bypass_medium,0.4167,0,223.6,450,0.1636,0.0734,1.0553,-3785.9,0.8299
1515,15,hazard_bypass_medium,0.25,0,296.67,450,0.3223,0.1818,1.0901,-5024.78,0.8272
1516,15,hazard_bypass_medium,0.4167,0,204.8,450,0.0727,0.0297,1.0181,-3770.25,0.8249
1517,15,hazard_bypass_medium,0.4167,0,263.2,450,0.165,0.1165,1.052,-4096.93,0.8225
1518,15,hazard_bypass_medium,0.3333,0,137.75,450,0.0855,0.0346,1.0196,-3844.55,0.8202
1519,15,hazard_bypass_medium,0.5,0,267.0,450,0.0467,0.024,1.0176,-3714.75,0.8179
1520,15,hazard_bypass_medium,0.5,0,229.67,450,0.0,0.0,1.0,-3610.69,0.8157
1521,15,hazard_bypass_medium,0.4167,0,264.6,450,0.0503,0.0279,1.0225,-3962.97,0.8132
1522,15,hazard_bypass_medium,0.5,0,202.5,450,0.0,0.0,1.0,-3292.14,0.8111
1523,15,hazard_bypass_medium,0.4167,0,279.6,450,0.0,0.0,1.0,-3996.91,0.8086
1524,15,hazard_bypass_medium,0.5,0,254.83,450,0.0,0.0,1.0,-3560.33,0.8063
1525,15,hazard_bypass_medium,0.4167,0,321.4,450,0.0,0.0,1.0,-4273.27,0.8037
1526,15,hazard_bypass_medium,0.75,0,246.67,450,0.0,0.0,1.0,-2658.48,0.8018
1527,15,hazard_bypass_medium,0.75,0,273.78,450,0.0,0.0,1.0,-2888.91,0.7997
1528,15,hazard_bypass_medium,0.6667,0,283.5,450,0.0617,0.0418,1.025,-3314.99,0.7975
1529,15,hazard_bypass_medium,0.8333,0,257.6,450,0.0,0.0,1.0,-2545.39,0.7956
1530,15,hazard_bypass_medium,0.4167,0,208.8,450,0.0,0.0,1.0,-3943.26,0.7933
1531,15,hazard_bypass_medium,0.5833,0,274.71,450,0.0,0.0,1.0,-3492.15,0.791
1532,15,hazard_bypass_medium,0.4167,0,304.8,450,0.0,0.0,1.0,-4095.94,0.7885
1533,15,hazard_bypass_medium,0.6667,0,196.38,450,0.0,0.0,1.0,-2599.93,0.7867
1534,15,hazard_bypass_medium,0.6667,0,242.25,450,0.0,0.0,1.0,-2956.72,0.7846
1535,15,hazard_bypass_medium,0.8333,0,259.3,450,0.0,0.0,1.0,-2685.38,0.7827
1536,15,hazard_bypass_medium,0.6667,0,210.5,450,0.0,0.0,1.0,-2681.18,0.7808
1537,15,hazard_bypass_medium,0.8333,0,230.6,450,0.0833,0.0764,1.0233,-2209.79,0.7791
1538,15,hazard_bypass_medium,0.8333,0,191.8,450,0.0,0.0,1.0,-1842.89,0.7775
1539,15,hazard_bypass_medium,0.8333,0,241.0,450,0.0,0.0,1.0,-2306.15,0.7757
1540,15,hazard_bypass_medium,0.8333,0,213.6,450,0.0,0.0,1.0002,-2084.94,0.7741
1541,15,hazard_bypass_medium,0.9167,0,219.36,450,0.0,0.0,1.0,-1871.71,0.7725
1542,15,hazard_bypass_medium,0.8333,0,193.3,450,0.0,0.0,1.0,-2005.39,0.771
1543,15,hazard_bypass_medium,0.8333,0,251.8,450,0.035,0.0135,1.0093,-2444.07,0.7691
1544,15,hazard_bypass_medium,0.75,0,219.11,450,0.0,0.0,1.0001,-2460.17,0.7673
1545,15,hazard_bypass_medium,0.9167,0,251.73,450,0.0,0.0,1.0,-2153.52,0.7656
1546,15,hazard_bypass_medium,0.9167,0,215.18,450,0.0,0.0,1.0,-1707.44,0.764
1547,15,hazard_bypass_medium,1.0,1,209.75,336,0.0,0.0,1.0,-1327.82,0.7627
1548,15,hazard_bypass_medium,0.9167,0,287.27,450,0.0,0.0,1.0,-2475.21,0.7607
1549,15,hazard_bypass_medium,0.9167,0,234.36,450,0.0,0.0,1.0,-1996.99,0.759
1550,15,hazard_bypass_medium,1.0,1,226.17,417,0.0,0.0,1.0,-1539.81,0.7576
1551,15,hazard_bypass_medium,1.0,1,213.5,367,0.0,0.0,1.0,-1360.9,0.7562
1552,15,hazard_bypass_medium,1.0,1,218.17,357,0.0,0.0,1.0,-1429.1,0.7547
1553,15,hazard_bypass_medium,1.0,1,224.42,386,0.0,0.0,1.0,-1524.84,0.7533
1554,15,hazard_bypass_medium,1.0,1,190.42,373,0.0,0.0,1.0,-1129.54,0.752
1555,16,mall_medium,0.3333,0,69.75,450,0.0733,0.0592,1.025,-4336.62,0.9975
1556,16,mall_medium,0.25,0,137.67,450,0.0833,0.0764,1.025,-4820.27,0.9946
1557,16,mall_medium,0.25,0,169.33,450,0.0833,0.0764,1.025,-4408.23,0.9917
1558,16,mall_medium,0.3333,0,60.75,450,0.0833,0.0764,1.025,-3857.0,0.9892
1559,16,mall_medium,0.1667,0,65.0,450,0.0,0.0,1.0,-4976.27,0.9862
1560,16,mall_medium,0.3333,0,125.5,450,0.0833,0.0764,1.025,-4394.83,0.9835
1561,16,mall_medium,0.25,0,122.67,450,0.0833,0.0764,1.025,-4503.76,0.9807
1562,16,mall_medium,0.1667,0,7.5,450,0.0,0.0,1.0,-4313.27,0.9777
1563,16,mall_medium,0.3333,0,122.25,450,0.0,0.0,1.0,-3726.46,0.9751
1564,16,mall_medium,0.25,0,32.0,450,0.0517,0.0294,1.0225,-4064.86,0.9724
1565,16,mall_medium,0.25,0,73.0,450,0.0167,0.0031,1.0065,-4030.36,0.9697
1566,16,mall_medium,0.1667,0,30.5,450,0.0,0.0,1.0,-4594.34,0.9667
1567,16,mall_medium,0.25,0,51.0,450,0.0833,0.0764,1.025,-4039.52,0.964
1568,16,mall_medium,0.1667,0,20.5,450,0.0833,0.0764,1.025,-4666.14,0.9611
1569,16,mall_medium,0.25,0,132.67,450,0.0,0.0,1.0,-4182.98,0.9582
1570,16,mall_medium,0.0833,0,22.0,450,0.0683,0.0514,1.0247,-5329.2,0.955
1571,16,mall_medium,0.25,0,80.0,450,0.0783,0.0675,1.025,-4284.14,0.9522
1572,16,mall_medium,0.1667,0,13.0,450,0.0833,0.0764,1.025,-4683.19,0.9493
1573,16,mall_medium,0.0833,0,276.0,450,0.0,0.0,1.0,-5114.41,0.9459
1574,16,mall_medium,0.3333,0,117.25,450,0.0,0.0,1.0,-3708.96,0.9432
1575,16,mall_medium,0.1667,0,67.5,450,0.0833,0.0764,1.025,-4597.02,0.9402
1576,16,mall_medium,0.25,0,49.33,450,0.0,0.0,1.0,-4149.05,0.9375
1577,16,mall_medium,0.25,0,27.67,450,0.0683,0.0514,1.025,-4050.52,0.9349
1578,16,mall_medium,0.25,0,122.67,450,0.0,0.0,1.0,-4100.41,0.932
1579,16,mall_medium,0.3333,0,87.0,450,0.0833,0.0764,1.025,-3743.71,0.9294
1580,16,mall_medium,0.25,0,38.0,450,0.0,0.0,1.0,-3937.36,0.9268
1581,16,mall_medium,0.3333,0,131.75,450,0.0,0.0,1.0,-3759.71,0.9241
1582,16,mall_medium,0.3333,0,47.5,450,0.0,0.0,1.0,-3494.26,0.9216
1583,16,mall_medium,0.0833,0,153.0,450,0.0833,0.0764,1.025,-5247.56,0.9183
1584,16,mall_medium,0.3333,0,38.25,450,0.0,0.0,1.0,-3441.53,0.9159
1585,16,mall_medium,0.25,0,41.33,450,0.0,0.0,1.0,-3868.97,0.9132
1586,16,mall_medium,0.25,0,191.33,450,0.0767,0.0647,1.025,-4492.89,0.9102
1587,16,mall_medium,0.0833,0,406.0,450,0.0833,0.0764,1.025,-5418.45,0.9068
1588,16,mall_medium,0.25,0,106.0,450,0.0717,0.0565,1.025,-4645.22,0.9039
1589,16,mall_medium,0.25,0,111.0,450,0.0,0.0,1.0,-4169.59,0.9011
1590,16,mall_medium,0.1667,0,187.5,450,0.0833,0.0764,1.025,-4731.36,0.8979
1591,16,mall_medium,0.3333,0,98.25,450,0.0,0.0,1.0,-3607.58,0.8954
1592,16,mall_medium,0.4167,0,148.4,450,0.0,0.0,1.0,-3375.85,0.8928
1593,16,mall_medium,0.1667,0,6.5,450,0.0833,0.0764,1.0217,-4244.34,0.8899
1594,16,mall_medium,0.3333,0,111.0,450,0.0683,0.0514,1.025,-3799.34,0.8873
1595,16,mall_medium,0.4167,0,156.6,450,0.0,0.0,1.0,-3631.03,0.8848
1596,16,mall_medium,0.25,0,56.67,450,0.08,0.0704,1.025,-4354.64,0.882
1597,16,mall_medium,0.4167,0,174.8,450,0.0833,0.0764,1.025,-3853.49,0.8794
1598,16,mall_medium,0.25,0,30.67,450,0.0,0.0,1.0,-3835.85,0.8768
1599,16,mall_medium,0.3333,0,158.0,450,0.0833,0.0764,1.025,-4245.85,0.874
1600,16,mall_medium,0.3333,0,116.75,450,0.0833,0.0764,1.025,-3861.46,0.8714
1601,16,mall_medium,0.25,0,123.33,450,0.0,0.0,1.0,-4220.35,0.8685
1602,16,mall_medium,0.3333,0,40.0,450,0.0833,0.0764,1.025,-3644.67,0.8661
1603,16,mall_medium,0.4167,0,104.6,450,0.0,0.0,1.0,-3399.96,0.8637
1604,16,mall_medium,0.4167,0,78.8,450,0.0,0.0,1.0,-3052.56,0.8614
1605,16,mall_medium,0.5,0,141.17,450,0.0417,0.0191,1.0151,-3198.37,0.8591
1606,16,mall_medium,0.3333,0,157.75,450,0.0617,0.0418,1.0249,-4088.46,0.8564
1607,16,mall_medium,0.5,0,188.33,450,0.0,0.0,1.0,-3244.4,0.8539
1608,16,mall_medium,0.5,0,111.33,450,0.0833,0.0764,1.025,-3052.41,0.8517
1609,16,mall_medium,0.4167,0,108.8,450,0.0833,0.0764,1.025,-3436.84,0.8493
1610,16,mall_medium,0.5,0,128.83,450,0.0,0.0,1.0,-2844.7,0.8471
1611,16,mall_medium,0.4167,0,175.8,450,0.0833,0.0764,1.025,-3958.88,0.8445
1612,16,mall_medium,0.5,0,175.5,450,0.0,0.0,1.0,-3114.68,0.8421
1613,16,mall_medium,0.3333,0,84.0,450,0.0833,0.0764,1.025,-3802.95,0.8395
1614,16,mall_medium,0.3333,0,32.0,450,0.08,0.0704,1.025,-3543.76,0.8371
1615,16,mall_medium,0.4167,0,195.6,450,0.0,0.0,1.0,-3589.07,0.8344
1616,16,mall_medium,0.4167,0,139.4,450,0.08,0.0704,1.025,-3646.4,0.832
1617,16,mall_medium,0.5833,0,123.0,450,0.0833,0.0764,1.025,-2674.15,0.8299
1618,16,mall_medium,0.3333,0,27.5,450,0.0,0.0,1.0,-3261.87,0.8275
1619,16,mall_medium,0.3333,0,144.25,450,0.0833,0.0764,1.025,-4160.67,0.8248
1620,16,mall_medium,0.4167,0,143.0,450,0.0833,0.0764,1.025,-3790.51,0.8223
1621,16,mall_medium,0.5,0,241.5,450,0.0,0.0,1.0,-3503.16,0.8197
1622,16,mall_medium,0.3333,0,186.5,450,0.0833,0.0764,1.025,-4493.46,0.8168
1623,16,mall_medium,0.4167,0,220.4,450,0.0,0.0,1.0,-3724.36,0.8141
1624,16,mall_medium,0.5,0,179.67,450,0.0617,0.0418,1.025,-3417.23,0.8117
1625,16,mall_medium,0.4167,0,145.8,450,0.0,0.0,1.0,-3330.49,0.8091
1626,16,mall_medium,0.3333,0,75.25,450,0.0833,0.0764,1.025,-4225.2,0.8066
1627,16,mall_medium,0.4167,0,142.6,450,0.0,0.0,1.0,-3348.11,0.8041
1628,16,mall_medium,0.5,0,108.33,450,0.0,0.0,1.0,-2727.8,0.802
1629,16,mall_medium,0.5833,0,194.14,450,0.0833,0.0764,1.025,-3874.41,0.7996
1630,16,mall_medium,0.5833,0,244.0,450,0.0,0.0,1.0,-3217.94,0.7971
1631,16,mall_medium,0.5833,0,156.14,450,0.0833,0.0764,1.025,-3497.58,0.7949
1632,16,mall_medium,0.3333,0,65.25,450,0.0833,0.0764,1.025,-3875.18,0.7924
1633,16,mall_medium,0.3333,0,209.5,450,0.0833,0.0764,1.025,-4255.02,0.7895
1634,16,mall_medium,0.6667,0,181.62,450,0.0833,0.0764,1.025,-2697.67,0.7874
1635,16,mall_medium,0.4167,0,140.0,450,0.0833,0.0764,1.025,-3457.02,0.7849
1636,16,mall_medium,0.5,0,109.0,450,0.0833,0.0764,1.025,-2982.27,0.7828
1637,16,mall_medium,0.5,0,155.83,450,0.0,0.0,1.0,-3200.52,0.7804
1638,16,mall_medium,0.5,0,262.5,450,0.0833,0.0764,1.025,-3867.53,0.7777
1639,16,mall_medium,0.5,0,147.5,450,0.0833,0.0764,1.025,-3237.98,0.7753
1640,16,mall_medium,0.6667,0,223.88,450,0.0,0.0,1.0,-2783.43,0.773
1641,16,mall_medium,0.4167,0,146.0,450,0.0833,0.0764,1.025,-3596.14,0.7705
1642,16,mall_medium,0.6667,0,178.38,450,0.0833,0.0764,1.025,-2807.19,0.7684
1643,16,mall_medium,0.75,0,205.22,450,0.0,0.0,1.0,-2319.2,0.7663
1644,16,mall_medium,0.6667,0,303.12,450,0.065,0.0465,1.025,-3622.17,0.7636
1645,16,mall_medium,0.5833,0,178.14,450,0.0,0.0,1.0,-2776.49,0.7614
1646,16,mall_medium,0.4167,0,141.6,450,0.1667,0.1389,1.05,-3718.7,0.7589
1647,16,mall_medium,0.5,0,156.17,450,0.0833,0.0764,1.025,-3230.22,0.7565
1648,16,mall_medium,0.5833,0,165.29,450,0.0833,0.0764,1.025,-2884.59,0.7543
1649,16,mall_medium,0.6667,0,225.25,450,0.0833,0.0764,1.025,-2993.43,0.752
1650,16,mall_medium,0.25,0,265.0,450,0.0833,0.0764,1.025,-4634.09,0.7488
1651,16,mall_medium,0.5,0,101.33,450,0.0733,0.0592,1.025,-2857.9,0.7467
1652,16,mall_medium,0.4167,0,120.4,450,0.0,0.0,1.0,-3216.7,0.7443
1653,16,mall_medium,0.4167,0,101.6,450,0.0833,0.0764,1.025,-3339.31,0.7419
1654,16,mall_medium,0.1667,0,70.0,450,0.0,0.0,1.0,-4406.54,0.7389
1655,16,mall_medium,0.3333,0,165.75,450,0.0833,0.0764,1.025,-4019.4,0.7361
1656,16,mall_medium,0.25,0,161.0,450,0.0833,0.0764,1.025,-4525.4,0.7332
1657,16,mall_medium,0.3333,0,61.25,450,0.0833,0.0764,1.025,-3579.42,0.7307
1658,16,mall_medium,0.3333,0,177.25,450,0.0833,0.0764,1.025,-4085.5,0.7279
1659,16,mall_medium,0.1667,0,66.0,450,0.0567,0.0353,1.025,-4564.67,0.7249
1660,16,mall_medium,0.3333,0,46.75,450,0.0,0.0,1.0,-3497.18,0.7225
1661,16,mall_medium,0.25,0,79.33,450,0.0,0.0,1.0,-3972.63,0.7197
1662,16,mall_medium,0.1667,0,28.0,450,0.0717,0.0565,1.025,-4485.75,0.7168
1663,16,mall_medium,0.25,0,16.0,450,0.08,0.0704,1.025,-4028.1,0.7141
1664,16,mall_medium,0.25,0,106.67,450,0.08,0.0704,1.022,-4298.72,0.7113
1665,16,mall_medium,0.1667,0,32.5,450,0.0833,0.0764,1.025,-4567.81,0.7083
1666,16,mall_medium,0.4167,0,104.0,450,0.0,0.0,1.0,-3218.8,0.706
1667,16,mall_medium,0.25,0,34.0,450,0.0,0.0,1.0,-3860.49,0.7033
1668,16,mall_medium,0.3333,0,124.75,450,0.0,0.0,1.0,-3715.72,0.7006
1669,16,mall_medium,0.1667,0,10.0,450,0.0833,0.0764,1.025,-4560.53,0.6977
1670,16,mall_medium,0.25,0,9.0,450,0.0833,0.0764,1.025,-4013.16,0.6951
1671,16,mall_medium,0.25,0,50.0,450,0.0833,0.0764,1.025,-4162.19,0.6924
1672,16,mall_medium,0.4167,0,77.0,450,0.0,0.0,1.0,-3103.72,0.6901
1673,16,mall_medium,0.3333,0,131.0,450,0.0,0.0,1.0,-3756.0,0.6874
1674,16,mall_medium,0.4167,0,80.8,450,0.0,0.0,1.0,-3114.76,0.6851
1675,16,mall_medium,0.4167,0,48.0,450,0.0,0.0,1.0,-2935.13,0.6829
1676,16,mall_medium,0.3333,0,109.0,450,0.0,0.0,1.0,-3662.8,0.6803
1677,16,mall_medium,0.4167,0,80.2,450,0.0,0.0,1.0,-3080.19,0.678
1678,16,mall_medium,0.5,0,137.5,450,0.0,0.0,1.0,-2965.22,0.6757
1679,16,mall_medium,0.3333,0,145.25,450,0.0,0.0,1.0,-3787.09,0.673
1680,16,mall_medium,0.25,0,204.0,450,0.0,0.0,1.0,-4390.02,0.67
1681,16,mall_medium,0.3333,0,90.75,450,0.0,0.0,1.0,-3628.68,0.6674
1682,16,mall_medium,0.3333,0,139.5,450,0.0,0.0,1.0,-3777.38,0.6648
1683,16,mall_medium,0.1667,0,29.0,450,0.0,0.0,1.0,-4421.89,0.6618
1684,16,mall_medium,0.3333,0,131.25,450,0.0,0.0,1.0,-3787.9,0.6591
1685,16,mall_medium,0.3333,0,107.25,450,0.0,0.0,1.0,-3692.54,0.6565
1686,16,mall_medium,0.25,0,137.33,450,0.0,0.0,1.0,-4193.62,0.6536
1687,16,mall_medium,0.3333,0,112.25,450,0.0,0.0,1.0,-3718.81,0.651
1688,16,mall_medium,0.0833,0,148.0,450,0.0,0.0,1.0,-4991.87,0.6477
1689,16,mall_medium,0.3333,0,158.0,450,0.0,0.0,1.0,-3851.25,0.645
1690,16,mall_medium,0.3333,0,166.0,450,0.0,0.0,1.0,-3895.67,0.6422
1691,16,mall_medium,0.3333,0,125.25,450,0.0,0.0,1.0,-3725.73,0.6396
1692,16,mall_medium,0.4167,0,123.2,450,0.0,0.0,1.0,-3274.53,0.6371
1693,16,mall_medium,0.4167,0,77.8,450,0.0,0.0,1.0,-3090.66,0.6349
1694,16,mall_medium,0.3333,0,90.5,450,0.0,0.0,1.0,-3636.0,0.6323
1695,16,mall_medium,0.5,0,74.83,450,0.0,0.0,1.0,-2602.79,0.6303
1696,16,mall_medium,0.3333,0,82.75,450,0.0,0.0,1.0,-3604.39,0.6277
1697,16,mall_medium,0.25,0,65.33,450,0.0,0.0,1.0,-4020.97,0.625
1698,16,mall_medium,0.25,0,14.0,450,0.0,0.0,1.0,-3846.91,0.6223
1699,16,mall_medium,0.25,0,165.0,450,0.0,0.0,1.0,-4345.93,0.6194
1700,16,mall_medium,0.1667,0,191.0,450,0.0,0.0,1.0,-4640.17,0.6162
1701,16,mall_medium,0.1667,0,105.0,450,0.0,0.0,1.0,-4480.87,0.6132
1702,16,mall_medium,0.25,0,82.33,450,0.0,0.0,1.0,-4014.87,0.6104
1703,16,mall_medium,0.25,0,15.67,450,0.0,0.0,1.0,-3854.06,0.6077
1704,16,mall_medium,0.0833,0,5.0,450,0.0,0.0,1.0,-4888.8,0.6045
1705,16,mall_medium,0.25,0,23.33,450,0.0,0.0,1.0,-3860.4,0.6019
1706,16,mall_medium,0.3333,0,105.75,450,0.0,0.0,1.0,-3609.79,0.5993
1707,16,mall_medium,0.4167,0,69.8,450,0.0,0.0,1.0,-3038.18,0.597
1708,16,mall_medium,0.3333,0,53.0,450,0.0,0.0,1.0,-3469.52,0.5946
1709,16,mall_medium,0.3333,0,74.0,450,0.0833,0.0764,1.025,-3531.59,0.592
1710,16,mall_medium,0.25,0,167.0,450,0.075,0.0619,1.025,-4401.18,0.5891
1711,16,mall_medium,0.4167,0,68.6,450,0.1667,0.1389,1.05,-3736.95,0.5868
1712,16,mall_medium,0.3333,0,91.5,450,0.0,0.0,1.0,-3557.26,0.5843
1713,16,mall_medium,0.3333,0,103.75,450,0.0,0.0,1.0,-3656.49,0.5817
1714,16,mall_medium,0.25,0,139.0,450,0.0,0.0,1.0,-4196.43,0.5788
1715,16,mall_medium,0.4167,0,109.6,450,0.0,0.0,1.0,-3143.07,0.5764
1716,16,mall_medium,0.4167,0,99.8,450,0.0,0.0,1.0,-3194.07,0.574
1717,16,mall_medium,0.5833,0,103.14,450,0.0,0.0,1.0,-2329.48,0.5721
1718,16,mall_medium,0.5833,0,107.29,450,0.0,0.0,1.0,-2343.55,0.5702
1719,16,mall_medium,0.75,0,190.67,450,0.0217,0.0052,1.0127,-2254.18,0.5682
1720,16,mall_medium,0.3333,0,106.5,450,0.0856,0.04,1.0213,-3648.48,0.5656
1721,16,mall_medium,0.5833,0,108.71,450,0.0,0.0,1.0,-2342.2,0.5636
1722,16,mall_medium,0.75,0,165.56,450,0.0,0.0,1.0,-2007.13,0.5618
1723,16,mall_medium,0.5833,0,153.57,450,0.005,0.0003,1.0,-2674.65,0.5596
1724,16,mall_medium,0.8333,0,122.3,450,0.0,0.0,1.0,-1164.78,0.5583
1725,16,mall_medium,0.75,0,146.44,450,0.0417,0.0191,1.0157,-1839.33,0.5565
1726,16,mall_medium,0.6667,0,130.38,450,0.0,0.0,1.0,-2088.45,0.5547
1727,16,mall_medium,0.5833,0,159.43,450,0.0,0.0,1.0,-2686.7,0.5525
1728,16,mall_medium,0.6667,0,107.88,450,0.0,0.0,1.0,-1917.02,0.5508
1729,16,mall_medium,0.8333,0,142.9,450,0.0,0.0,1.0,-1417.29,0.5493
1730,16,mall_medium,0.8333,0,195.0,450,0.0,0.0,1.0,-1915.71,0.5475
1731,16,mall_medium,0.6667,0,153.38,450,0.0,0.0,1.0,-2263.06,0.5455
1732,16,mall_medium,0.5833,0,100.29,450,0.0,0.0,1.0001,-2304.44,0.5436
1733,16,mall_medium,0.6667,0,128.0,450,0.0,0.0,1.0,-2130.28,0.5418
1734,16,mall_medium,0.75,0,119.67,450,0.0,0.0,1.0,-1577.86,0.5402
1735,16,mall_medium,0.75,0,137.78,450,0.0,0.0,1.0,-1752.59,0.5385
1736,16,mall_medium,0.6667,0,130.12,450,0.1117,0.0805,1.0379,-2283.15,0.5367
1737,16,mall_medium,0.6667,0,100.25,450,0.0833,0.0764,1.025,-2026.16,0.535
1738,16,mall_medium,0.75,0,139.56,450,0.0,0.0,1.0,-1758.88,0.5333
1739,16,mall_medium,0.75,0,134.67,450,0.0,0.0,1.0,-1705.27,0.5317
1740,16,mall_medium,0.6667,0,109.5,450,0.0817,0.0734,1.025,-2008.87,0.5299
1741,16,mall_medium,0.5833,0,135.43,450,0.0833,0.0764,1.025,-2646.7,0.5279
1742,16,mall_medium,0.6667,0,91.5,450,0.02,0.0044,1.0101,-1911.94,0.5262
1743,16,mall_medium,0.6667,0,91.38,450,0.08,0.0704,1.025,-1920.31,0.5246
1744,16,mall_medium,0.6667,0,116.25,450,0.0833,0.0764,1.025,-2106.52,0.5228
1745,16,mall_medium,0.6667,0,90.62,450,0.125,0.0886,1.0375,-2084.71,0.5212
1746,16,mall_medium,0.6667,0,77.12,450,0.0833,0.0764,1.025,-1795.4,0.5196
1747,16,mall_medium,0.5833,0,114.57,450,0.0,0.0,1.0,-2342.84,0.5176
1748,16,mall_medium,0.75,0,124.33,450,0.0,0.0,1.0,-1888.09,0.516
1749,16,mall_medium,0.6667,0,115.62,450,0.0,0.0,1.0,-1987.92,0.5143
1750,16,mall_medium,0.8333,0,84.1,450,0.0,0.0,1.0,-788.26,0.5132
1751,16,mall_medium,0.8333,0,122.9,450,0.0,0.0,1.0,-1137.09,0.5118
1752,16,mall_medium,0.8333,0,102.0,450,0.0,0.0,1.0,-970.54,0.5105
1753,16,mall_medium,0.75,0,133.22,450,0.0,0.0,1.0,-1683.81,0.5089
1754,16,mall_medium,0.9167,0,90.82,450,0.0,0.0,1.0,-380.03,0.508
1755,16,mall_medium,0.75,0,88.33,450,0.0,0.0,1.0,-1296.87,0.5066
1756,16,mall_medium,0.75,0,124.78,450,0.0,0.0,1.0,-1573.96,0.505
1757,16,mall_medium,0.9167,0,107.0,450,0.0,0.0,1.0,-580.27,0.5039
1758,16,mall_medium,0.8333,0,134.0,450,0.0,0.0,1.0,-1228.62,0.5025
1759,16,mall_medium,0.9167,0,123.27,450,0.0,0.0,1.0,-747.19,0.5013
1760,16,mall_medium,1.0,1,130.92,387,0.0,0.0,1.0,-422.24,0.5003
1761,16,mall_medium,1.0,1,137.75,442,0.0,0.0,1.0,-484.8,0.4992
1762,16,mall_medium,0.9167,0,122.36,450,0.0,0.0,1.0,-679.8,0.498
1763,16,mall_medium,1.0,1,136.08,418,0.0,0.0,1.0,-448.01,0.497
1764,16,mall_medium,0.9167,0,132.82,450,0.0,0.0,1.0,-789.71,0.4958
1765,16,mall_medium,0.9167,0,142.09,450,0.0,0.0,1.0,-913.41,0.4945
1766,16,mall_medium,1.0,1,141.58,371,0.0,0.0,1.0,-524.67,0.4934
1767,16,mall_medium,1.0,1,154.17,365,0.0,0.0,1.0,-662.1,0.4922
1768,17,hazard_dense_office,0.0833,0,121.0,450,0.545,0.2089,1.162,-6478.24,0.9972
1769,17,hazard_dense_office,0.25,0,188.67,450,0.3167,0.2015,1.1,-7128.3,0.9947
1770,17,hazard_dense_office,0.25,0,143.33,450,0.3333,0.2222,1.1,-7287.67,0.9923
1771,17,hazard_dense_office,0.25,0,303.67,450,0.4133,0.2393,1.125,-8332.46,0.9896
1772,17,hazard_dense_office,0.0833,0,279.0,450,0.5967,0.2295,1.1753,-9159.28,0.9867
1773,17,hazard_dense_office,0.0,0,450,450,0.4167,0.2431,1.125,-7216.18,0.9838
1774,17,hazard_dense_office,0.1667,0,76.0,450,0.2067,0.1432,1.0645,-5916.43,0.9813
1775,17,hazard_dense_office,0.0833,0,73.0,450,0.49,0.2411,1.1491,-8085.45,0.9785
1776,17,hazard_dense_office,0.3333,0,206.25,450,0.3333,0.2222,1.0998,-5330.45,0.9761
1777,17,hazard_dense_office,0.0833,0,33.0,450,0.2017,0.1407,1.0545,-7075.26,0.9734
1778,17,hazard_dense_office,0.0833,0,211.0,450,0.2883,0.183,1.0887,-5971.92,0.9706
1779,17,hazard_dense_office,0.0833,0,215.0,450,0.4983,0.2484,1.1486,-7607.57,0.9678
1780,17,hazard_dense_office,0.0833,0,356.0,450,0.3333,0.2222,1.1,-7056.22,0.9649
1781,17,hazard_dense_office,0.0833,0,273.0,450,0.2383,0.1687,1.0654,-5941.93,0.962
1782,17,hazard_dense_office,0.25,0,170.67,450,0.1855,0.1365,1.0507,-6806.18,0.9596
1783,17,hazard_dense_office,0.0,0,450,450,0.3583,0.2124,1.1132,-8523.67,0.9566
1784,17,hazard_dense_office,0.0833,0,242.0,450,0.4617,0.1904,1.1296,-7806.0,0.9538
1785,17,hazard_dense_office,0.0,0,450,450,0.33,0.1819,1.1085,-7074.55,0.9508
1786,17,hazard_dense_office,0.0833,0,345.0,450,0.2567,0.1847,1.075,-6730.21,0.948
1787,17,hazard_dense_office,0.0833,0,202.0,450,0.2567,0.1548,1.0881,-6445.11,0.9452
1788,17,hazard_dense_office,0.0,0,450,450,0.1437,0.1024,1.05,-6535.64,0.9422
1789,17,hazard_dense_office,0.1667,0,337.0,450,0.2437,0.1784,1.0653,-5635.47,0.9394
1790,17,hazard_dense_office,0.0,0,450,450,0.1667,0.1389,1.05,-6651.86,0.9365
1791,17,hazard_dense_office,0.0833,0,203.0,450,0.34,0.1831,1.1084,-6454.09,0.9336
1792,17,hazard_dense_office,0.1667,0,164.5,450,0.39,0.2198,1.1251,-7334.9,0.931
1793,17,hazard_dense_office,0.0833,0,188.0,450,0.355,0.1903,1.0929,-6710.14,0.9282
1794,17,hazard_dense_office,0.1667,0,103.0,450,0.3883,0.2188,1.1059,-5806.42,0.9257
1795,17,hazard_dense_office,0.0833,0,247.0,450,0.3417,0.2174,1.1013,-7200.68,0.9228
1796,17,hazard_dense_office,0.3333,0,180.5,450,0.0396,0.0084,1.0128,-4698.69,0.9205
1797,17,hazard_dense_office,0.0833,0,303.0,450,0.525,0.2128,1.1645,-7655.16,0.9176
1798,17,hazard_dense_office,0.25,0,95.0,450,0.3267,0.1848,1.1101,-5650.23,0.9153
1799,17,hazard_dense_office,0.25,0,349.67,450,0.4333,0.2072,1.1173,-5931.57,0.9125
1800,17,hazard_dense_office,0.25,0,117.33,450,0.3583,0.192,1.1229,-5042.58,0.9101
1801,17,hazard_dense_office,0.25,0,189.67,450,0.4167,0.1981,1.1374,-5301.42,0.9076
1802,17,hazard_dense_office,0.1667,0,142.0,450,0.4933,0.2436,1.1397,-6865.59,0.905
1803,17,hazard_dense_office,0.0833,0,251.0,450,0.34,0.1862,1.1025,-6656.71,0.9021
1804,17,hazard_dense_office,0.1667,0,73.5,450,0.23,0.1619,1.0678,-5306.57,0.8996
1805,17,hazard_dense_office,0.1667,0,122.5,450,0.3317,0.22,1.0994,-5918.24,0.897
1806,17,hazard_dense_office,0.0833,0,51.0,450,0.257,0.1445,1.0903,-5749.67,0.8943
1807,17,hazard_dense_office,0.25,0,130.0,450,0.35,0.1814,1.125,-5351.45,0.8919
1808,17,hazard_dense_office,0.1667,0,166.5,450,0.485,0.2375,1.1503,-6919.88,0.8892
1809,17,hazard_dense_office,0.1667,0,169.0,450,0.3124,0.1465,1.1055,-6404.19,0.8866
1810,17,hazard_dense_office,0.1667,0,103.0,450,0.32,0.1781,1.0978,-5421.62,0.884
1811,17,hazard_dense_office,0.0833,0,67.0,450,0.4151,0.1889,1.1405,-6587.96,0.8813
1812,17,hazard_dense_office,0.0833,0,113.0,450,0.2967,0.1609,1.0888,-5641.17,0.8785
1813,17,hazard_dense_office,0.25,0,129.0,450,0.33,0.2179,1.0997,-5234.89,0.8761
1814,17,hazard_dense_office,0.25,0,132.67,450,0.4167,0.2431,1.1239,-4995.82,0.8737
1815,17,hazard_dense_office,0.25,0,203.0,450,0.3667,0.2021,1.1148,-5109.72,0.8712
1816,17,hazard_dense_office,0.1667,0,104.5,450,0.3383,0.1897,1.101,-5979.41,0.8686
1817,17,hazard_dense_office,0.1667,0,253.5,450,0.3583,0.1846,1.1153,-5735.48,0.8659
1818,17,hazard_dense_office,0.1667,0,108.5,450,0.3817,0.2092,1.1244,-5047.7,0.8633
1819,17,hazard_dense_office,0.4167,0,234.6,450,0.155,0.1209,1.0501,-4168.83,0.8609
1820,17,hazard_dense_office,0.1667,0,174.0,450,0.2267,0.1585,1.075,-5217.05,0.8583
1821,17,hazard_dense_office,0.25,0,268.0,450,0.4267,0.2252,1.1311,-5412.85,0.8557
1822,17,hazard_dense_office,0.4167,0,161.4,450,0.4533,0.2273,1.1378,-4009.23,0.8535
1823,17,hazard_dense_office,0.1667,0,312.5,450,0.2383,0.1391,1.0759,-5219.43,0.8507
1824,17,hazard_dense_office,0.25,0,137.67,450,0.2233,0.1507,1.0698,-4993.86,0.8483
1825,17,hazard_dense_office,0.0833,0,54.0,450,0.3333,0.1668,1.1092,-5603.07,0.8456
1826,17,hazard_dense_office,0.3333,0,161.0,450,0.2795,0.139,1.1027,-5263.61,0.8433
1827,17,hazard_dense_office,0.3333,0,158.75,450,0.3817,0.1745,1.113,-4734.78,0.8409
1828,17,hazard_dense_office,0.1667,0,113.0,450,0.305,0.1913,1.095,-4799.29,0.8384
1829,17,hazard_dense_office,0.1667,0,162.0,450,0.3583,0.1876,1.1177,-5790.68,0.8357
1830,17,hazard_dense_office,0.1667,0,146.0,450,0.3033,0.1921,1.1,-4937.6,0.8331
1831,17,hazard_dense_office,0.3333,0,113.0,450,0.4067,0.1722,1.131,-4506.76,0.8309
1832,17,hazard_dense_office,0.25,0,207.33,450,0.2028,0.128,1.061,-4976.1,0.8284
1833,17,hazard_dense_office,0.4167,0,122.6,450,0.26,0.1516,1.0863,-3794.82,0.8263
1834,17,hazard_dense_office,0.1667,0,299.0,450,0.6483,0.1755,1.2127,-5772.6,0.8236
1835,17,hazard_dense_office,0.3333,0,151.0,450,0.5367,0.2281,1.1596,-4708.71,0.8213
1836,17,hazard_dense_office,0.25,0,139.0,450,0.1933,0.1228,1.0651,-4437.12,0.8188
1837,17,hazard_dense_office,0.3333,0,127.0,450,0.2867,0.1733,1.0845,-4149.47,0.8166
1838,17,hazard_dense_office,0.25,0,221.67,450,0.3423,0.1609,1.1119,-5189.96,0.814
1839,17,hazard_dense_office,0.0833,0,327.0,450,0.3295,0.1217,1.1006,-5565.57,0.8112
1840,17,hazard_dense_office,0.25,0,177.0,450,0.3367,0.2084,1.0977,-4619.14,0.8087
1841,17,hazard_dense_office,0.3333,0,232.5,450,0.2467,0.1178,1.0853,-4889.1,0.8062
1842,17,hazard_dense_office,0.25,0,166.33,450,0.2683,0.1252,1.1034,-4805.06,0.8037
1843,17,hazard_dense_office,0.25,0,93.33,450,0.2678,0.1505,1.0914,-4777.83,0.8014
1844,17,hazard_dense_office,0.25,0,273.0,450,0.3429,0.1252,1.1236,-5141.96,0.7987
1845,17,hazard_dense_office,0.1667,0,133.5,450,0.4229,0.1703,1.1471,-4928.47,0.7961
1846,17,hazard_dense_office,0.3333,0,184.5,450,0.175,0.0777,1.0642,-4295.76,0.7937
1847,17,hazard_dense_office,0.1667,0,209.0,450,0.3494,0.159,1.1141,-5240.23,0.7911
1848,17,hazard_dense_office,0.1667,0,137.5,450,0.4668,0.1661,1.1494,-4948.85,0.7885
1849,17,hazard_dense_office,0.1667,0,189.5,450,0.3002,0.1257,1.0899,-5242.73,0.7858
1850,17,hazard_dense_office,0.3333,0,176.5,450,0.2044,0.1353,1.0564,-4159.85,0.7835
1851,17,hazard_dense_office,0.25,0,110.0,450,0.2777,0.1105,1.0798,-4843.67,0.7811
1852,17,hazard_dense_office,0.25,0,209.33,450,0.2167,0.1382,1.0756,-4651.85,0.7785
1853,17,hazard_dense_office,0.25,0,171.33,450,0.2329,0.1282,1.077,-4697.27,0.776
1854,17,hazard_dense_office,0.5,0,157.0,450,0.143,0.0941,1.0475,-3407.88,0.7741
1855,17,hazard_dense_office,0.3333,0,142.25,450,0.215,0.1286,1.0632,-3940.8,0.7718
1856,17,hazard_dense_office,0.1667,0,62.0,450,0.1286,0.0764,1.0395,-4608.79,0.7693
1857,17,hazard_dense_office,0.0833,0,74.0,450,0.1317,0.0797,1.0447,-5221.43,0.7665
1858,17,hazard_dense_office,0.25,0,260.33,450,0.0751,0.0356,1.0251,-4768.48,0.7639
1859,17,hazard_dense_office,0.25,0,114.67,450,0.1458,0.0509,1.0548,-4222.29,0.7615
1860,17,hazard_dense_office,0.3333,0,208.5,450,0.0433,0.01,1.0154,-4259.58,0.7591
1861,17,hazard_dense_office,0.3333,0,106.5,450,0.1351,0.0488,1.0426,-3725.73,0.7569
1862,17,hazard_dense_office,0.25,0,106.67,450,0.1183,0.084,1.0386,-4447.16,0.7545
1863,17,hazard_dense_office,0.1667,0,236.0,450,0.0983,0.0764,1.0261,-4982.56,0.7518
1864,17,hazard_dense_office,0.25,0,72.0,450,0.16,0.0997,1.0521,-4228.18,0.7495
1865,17,hazard_dense_office,0.1667,0,114.0,450,0.115,0.0821,1.0371,-4705.38,0.7469
1866,17,hazard_dense_office,0.1667,0,196.5,450,0.08,0.0536,1.0276,-4822.26,0.7442
1867,17,hazard_dense_office,0.25,0,160.67,450,0.01,0.0011,1.0,-4383.87,0.7418
1868,17,hazard_dense_office,0.25,0,101.33,450,0.1083,0.0791,1.025,-4226.73,0.7394
1869,17,hazard_dense_office,0.3333,0,104.75,450,0.0167,0.0031,1.0065,-3800.82,0.7372
1870,17,hazard_dense_office,0.3333,0,125.0,450,0.005,0.0001,1.0017,-3966.5,0.735
1871,17,hazard_dense_office,0.1667,0,47.0,450,0.1233,0.0873,1.0396,-4879.6,0.7325
1872,17,hazard_dense_office,0.1667,0,160.5,450,0.1002,0.0519,1.0273,-4706.72,0.7299
1873,17,hazard_dense_office,0.0833,0,160.0,450,0.0553,0.0313,1.025,-5163.25,0.7271
1874,17,hazard_dense_office,0.25,0,205.67,450,0.14,0.0893,1.0417,-4491.34,0.7245
1875,17,hazard_dense_office,0.3333,0,97.75,450,0.1733,0.1019,1.0582,-3772.12,0.7224
1876,17,hazard_dense_office,0.25,0,97.0,450,0.0723,0.0292,1.0189,-4283.47,0.72
1877,17,hazard_dense_office,0.25,0,242.67,450,0.0,0.0,1.0001,-4516.16,0.7174
1878,17,hazard_dense_office,0.25,0,111.67,450,0.0067,0.0005,1.0,-4448.01,0.715
1879,17,hazard_dense_office,0.0833,0,327.0,450,0.3621,0.1786,1.1096,-5789.56,0.7121
1880,17,hazard_dense_office,0.1667,0,208.5,450,0.0833,0.0764,1.025,-4759.3,0.7095
1881,17,hazard_dense_office,0.4167,0,148.0,450,0.1667,0.1389,1.0501,-3579.97,0.7073
1882,17,hazard_dense_office,0.25,0,49.33,450,0.0,0.0,1.0001,-3956.78,0.705
1883,17,hazard_dense_office,0.3333,0,151.0,450,0.015,0.0025,1.0,-3811.27,0.7028
1884,17,hazard_dense_office,0.3333,0,117.75,450,0.0,0.0,1.0,-3651.27,0.7005
1885,17,hazard_dense_office,0.3333,0,95.0,450,0.0614,0.0415,1.025,-3552.71,0.6984
1886,17,hazard_dense_office,0.25,0,165.0,450,0.0,0.0,1.0,-4221.22,0.6959
1887,17,hazard_dense_office,0.4167,0,85.6,450,0.0083,0.0008,1.0021,-3120.91,0.6939
1888,17,hazard_dense_office,0.3333,0,100.75,450,0.0,0.0,1.0,-3629.83,0.6918
1889,17,hazard_dense_office,0.1667,0,54.5,450,0.0,0.0,1.0,-4489.96,0.6893
1890,17,hazard_dense_office,0.25,0,69.0,450,0.02,0.0044,1.0,-3961.56,0.6869
1891,17,hazard_dense_office,0.1667,0,163.0,450,0.0833,0.0764,1.0244,-4634.85,0.6843
1892,17,hazard_dense_office,0.1667,0,143.0,450,0.0017,0.0,1.0008,-4774.62,0.6817
1893,17,hazard_dense_office,0.4167,0,136.4,450,0.0833,0.0764,1.025,-3425.08,0.6796
1894,17,hazard_dense_office,0.25,0,147.0,450,0.0833,0.0764,1.025,-4175.41,0.6772
1895,17,hazard_dense_office,0.25,0,177.33,450,0.0133,0.002,1.0,-4461.96,0.6747
1896,17,hazard_dense_office,0.0833,0,172.0,450,0.4923,0.0917,1.1689,-5491.46,0.6719
1897,17,hazard_dense_office,0.0833,0,218.0,450,0.2263,0.104,1.0835,-5289.7,0.6691
1898,17,hazard_dense_office,0.1667,0,305.5,450,0.0967,0.0761,1.0285,-4815.28,0.6663
1899,17,hazard_dense_office,0.25,0,157.67,450,0.0833,0.0764,1.025,-4474.34,0.6638
1900,17,hazard_dense_office,0.25,0,286.67,450,0.1033,0.0545,1.0361,-4735.96,0.6611
1901,17,hazard_dense_office,0.1667,0,209.5,450,0.06,0.0396,1.025,-4748.9,0.6585
1902,17,hazard_dense_office,0.3333,0,199.25,450,0.0,0.0,1.0,-4106.06,0.6561
1903,17,hazard_dense_office,0.0,0,450,450,0.0,0.0,1.0,-5583.11,0.6531
1904,17,hazard_dense_office,0.0,0,450,450,0.005,0.0003,1.0,-5474.53,0.6502
1905,17,hazard_dense_office,0.25,0,285.33,450,0.0,0.0,1.0005,-4694.84,0.6475
1906,17,hazard_dense_office,0.0,0,450,450,0.085,0.0761,1.0217,-5543.29,0.6446
1907,17,hazard_dense_office,0.0833,0,94.0,450,0.05,0.0275,1.0084,-4977.24,0.6418
1908,17,hazard_dense_office,0.1667,0,398.0,450,0.0433,0.0207,1.0158,-5227.16,0.6389
1909,17,hazard_dense_office,0.0833,0,136.0,450,0.05,0.0275,1.0205,-5119.41,0.6362
1910,17,hazard_dense_office,0.0,0,450,450,0.0,0.0,1.0001,-5445.21,0.6332
1911,17,hazard_dense_office,0.0,0,450,450,0.2275,0.1234,1.0705,-5510.74,0.6303
1912,17,hazard_dense_office,0.0,0,450,450,0.0,0.0,1.0,-5545.25,0.6274
1913,17,hazard_dense_office,0.1667,0,234.0,450,0.015,0.0025,1.0052,-4800.64,0.6246
1914,17,hazard_dense_office,0.25,0,109.67,450,0.0,0.0,1.0,-4074.84,0.6223
1915,17,hazard_dense_office,0.0833,0,60.0,450,0.0583,0.0374,1.025,-4988.76,0.6195
1916,17,hazard_dense_office,0.0833,0,38.0,450,0.0667,0.0489,1.0149,-5057.61,0.6168
1917,17,hazard_dense_office,0.1667,0,57.5,450,0.035,0.0135,1.0065,-4381.87,0.6143
1918,17,hazard_dense_office,0.3333,0,235.0,450,0.15,0.1126,1.0492,-4307.81,0.6118
1919,17,hazard_dense_office,0.1667,0,65.5,450,0.0183,0.0037,1.0081,-4488.12,0.6093
1920,17,hazard_dense_office,0.25,0,85.0,450,0.08,0.0704,1.0198,-4089.38,0.607
1921,17,hazard_dense_office,0.1667,0,124.0,450,0.243,0.1304,1.0808,-4728.12,0.6044
1922,17,hazard_dense_office,0.0833,0,174.0,450,0.0717,0.0565,1.0249,-5113.1,0.6016
1923,17,hazard_dense_office,0.25,0,173.67,450,0.0617,0.0418,1.0257,-4304.21,0.5991
1924,17,hazard_dense_office,0.4167,0,226.6,450,0.2287,0.139,1.0613,-4122.62,0.5968
1925,17,hazard_dense_office,0.3333,0,130.0,450,0.0667,0.0489,1.0249,-3835.11,0.5945
1926,17,hazard_dense_office,0.1667,0,45.0,450,0.0874,0.0237,1.0301,-4500.86,0.592
1927,17,hazard_dense_office,0.1667,0,106.5,450,0.0,0.0,1.0,-4652.26,0.5895
1928,17,hazard_dense_office,0.1667,0,209.0,450,0.1613,0.1125,1.0494,-4787.91,0.5868
1929,17,hazard_dense_office,0.25,0,261.67,450,0.095,0.0453,1.0158,-4597.65,0.5841
1930,17,hazard_dense_office,0.1667,0,207.0,450,0.39,0.2198,1.125,-5652.06,0.5815
1931,17,hazard_dense_office,0.5833,0,145.86,450,0.0712,0.0237,1.0227,-2732.71,0.5797
1932,17,hazard_dense_office,0.6667,0,242.12,450,0.0933,0.0758,1.025,-4277.27,0.5776
1933,17,hazard_dense_office,0.25,0,268.33,450,0.2067,0.1312,1.0649,-6796.73,0.575
1934,17,hazard_dense_office,0.5,0,168.0,450,0.255,0.1853,1.075,-5274.1,0.573
1935,17,hazard_dense_office,0.3333,0,252.25,450,0.165,0.1361,1.05,-5804.6,0.5705
1936,17,hazard_dense_office,0.5833,0,107.14,450,0.1667,0.1389,1.05,-2963.92,0.5688
1937,17,hazard_dense_office,0.4167,0,69.6,450,0.0,0.0,1.0,-3053.24,0.5669
1938,17,hazard_dense_office,0.1667,0,53.0,450,0.1667,0.1389,1.0467,-4949.11,0.5644
1939,17,hazard_dense_office,0.3333,0,73.75,450,0.0,0.0,1.0,-3562.28,0.5623
1940,17,hazard_dense_office,0.25,0,65.33,450,0.1633,0.1335,1.05,-4347.63,0.56
1941,17,hazard_dense_office,0.3333,0,86.25,450,0.257,0.1787,1.0716,-3733.1,0.5578
1942,17,hazard_dense_office,0.25,0,79.0,450,0.4433,0.2148,1.1259,-4531.72,0.5555
1943,17,hazard_dense_office,0.5833,0,98.29,450,0.01,0.0011,1.0004,-2298.13,0.5539
1944,17,hazard_dense_office,0.4167,0,111.0,450,0.0667,0.0489,1.015,-3327.55,0.5519
1945,17,hazard_dense_office,0.3333,0,58.0,450,0.2717,0.1818,1.0754,-3747.49,0.5498
1946,17,hazard_dense_office,0.25,0,114.0,450,0.3467,0.1865,1.1149,-4492.21,0.5474
1947,17,hazard_dense_office,0.25,0,33.67,450,0.2641,0.146,1.0802,-4168.88,0.5451
1948,17,hazard_dense_office,0.4167,0,55.0,450,0.1183,0.084,1.0366,-3074.13,0.5433
1949,17,hazard_dense_office,0.4167,0,47.0,450,0.2467,0.1826,1.075,-3369.37,0.5414
1950,17,hazard_dense_office,0.25,0,148.0,450,0.3259,0.2129,1.0987,-4771.13,0.539
1951,17,hazard_dense_office,0.4167,0,82.0,450,0.205,0.1423,1.0642,-3502.6,0.5371
1952,17,hazard_dense_office,0.3333,0,45.5,450,0.2975,0.1803,1.1,-4031.28,0.535
1953,17,hazard_dense_office,0.25,0,59.0,450,0.4767,0.2327,1.15,-4804.43,0.5327
1954,17,hazard_dense_office,0.25,0,117.0,450,0.3167,0.1918,1.1,-4699.41,0.5303
1955,17,hazard_dense_office,0.4167,0,66.8,450,0.3283,0.2158,1.1,-3516.38,0.5284
1956,17,hazard_dense_office,0.4167,0,78.8,450,0.4333,0.216,1.1303,-3462.78,0.5265
1957,17,hazard_dense_office,0.1667,0,55.5,450,0.3317,0.1754,1.1067,-4789.25,0.524
1958,17,hazard_dense_office,0.1667,0,96.5,450,0.5,0.25,1.15,-5045.84,0.5214
1959,17,hazard_dense_office,0.4167,0,49.4,450,0.3317,0.22,1.1,-3340.96,0.5195
1960,17,hazard_dense_office,0.25,0,41.67,450,0.3943,0.2085,1.1244,-4174.43,0.5173
1961,17,hazard_dense_office,0.25,0,127.67,450,0.3296,0.2173,1.0974,-4441.97,0.5149
1962,17,hazard_dense_office,0.3333,0,93.5,450,0.165,0.1361,1.0499,-4030.85,0.5127
1963,17,hazard_dense_office,0.1667,0,93.0,450,0.4717,0.2197,1.1397,-5118.36,0.5101
1964,17,hazard_dense_office,0.1667,0,45.5,450,0.3781,0.2068,1.1061,-4729.1,0.5076
1965,17,hazard_dense_office,0.4167,0,129.4,450,0.365,0.1944,1.1244,-3412.26,0.5056
1966,17,hazard_dense_office,0.0833,0,86.0,450,0.4645,0.2185,1.1389,-5137.63,0.5028
1967,17,hazard_dense_office,0.3333,0,87.5,450,0.0678,0.0464,1.0149,-3542.3,0.5007
1968,17,hazard_dense_office,0.3333,0,64.25,450,0.0507,0.0192,1.0151,-3613.03,0.4986
1969,17,hazard_dense_office,0.4167,0,133.8,450,0.005,0.0003,1.0,-3408.29,0.4965
1970,17,hazard_dense_office,0.1667,0,152.5,450,0.08,0.0704,1.0225,-4633.29,0.4939
1971,17,hazard_dense_office,0.0833,0,44.0,450,0.0,0.0,1.0,-4933.19,0.4912
1972,17,hazard_dense_office,0.0833,0,220.0,450,0.0,0.0,1.0,-5018.62,0.4883
1973,17,hazard_dense_office,0.25,0,94.33,450,0.29,0.1762,1.0875,-4296.23,0.486
1974,17,hazard_dense_office,0.1667,0,315.0,450,0.0,0.0,1.0,-5000.37,0.4832
1975,17,hazard_dense_office,0.3333,0,104.25,450,0.0,0.0,1.0,-3571.21,0.481
1976,17,hazard_dense_office,0.0,0,450,450,0.0833,0.0764,1.025,-5366.98,0.4781
1977,17,hazard_dense_office,0.0833,0,228.0,450,0.0,0.0,1.0,-5065.88,0.4752
1978,17,hazard_dense_office,0.0833,0,217.0,450,0.0236,0.0061,1.0128,-5141.98,0.4724
1979,17,hazard_dense_office,0.0,0,450,450,0.0567,0.0353,1.025,-5437.61,0.4695
1980,17,hazard_dense_office,0.0,0,450,450,0.0058,0.0004,1.0014,-5477.72,0.4665
1981,17,hazard_dense_office,0.0,0,450,450,0.073,0.052,1.0249,-5428.15,0.4636
1982,17,hazard_dense_office,0.0,0,450,450,0.0435,0.0195,1.0166,-5463.93,0.4607
1983,17,hazard_dense_office,0.0,0,450,450,0.0413,0.0166,1.0143,-5598.44,0.4577
1984,17,hazard_dense_office,0.0,0,450,450,0.2871,0.1333,1.0819,-5569.9,0.4548
1985,17,hazard_dense_office,0.0,0,450,450,0.0833,0.0764,1.0224,-5464.75,0.4518
1986,17,hazard_dense_office,0.0,0,450,450,0.1664,0.0615,1.0424,-5411.07,0.4489
1987,17,hazard_dense_office,0.0,0,450,450,0.1618,0.0802,1.0524,-5563.05,0.446
1988,17,hazard_dense_office,0.0,0,450,450,0.012,0.0016,1.0039,-5530.66,0.443
1989,17,hazard_dense_office,0.0,0,450,450,0.0,0.0,1.0,-5457.07,0.4401
1990,17,hazard_dense_office,0.0,0,450,450,0.1494,0.0908,1.0311,-5555.51,0.4371
1991,17,hazard_dense_office,0.0,0,450,450,0.03,0.0099,1.0025,-5373.61,0.4342
1992,17,hazard_dense_office,0.0,0,450,450,0.0,0.0,1.0,-5532.19,0.4313
1993,17,hazard_dense_office,0.0,0,450,450,0.0,0.0,1.0,-5518.01,0.4283
1994,17,hazard_dense_office,0.0833,0,14.0,450,0.0,0.0,1.0,-4855.72,0.4256
1995,17,hazard_dense_office,0.0833,0,48.0,450,0.0,0.0,1.0,-4970.11,0.4229
1996,17,hazard_dense_office,0.0833,0,19.0,450,0.1068,0.0758,1.0287,-4895.62,0.4202
1997,17,hazard_dense_office,0.0833,0,13.0,450,0.0902,0.0758,1.0217,-4951.63,0.4175
1998,17,hazard_dense_office,0.0833,0,23.0,450,0.1588,0.1265,1.05,-4973.14,0.4148
1999,17,hazard_dense_office,0.0,0,450,450,0.2733,0.1504,1.0996,-5792.63,0.4118
2000,17,hazard_dense_office,0.0833,0,51.0,450,0.3017,0.191,1.0975,-5261.46,0.4091
2001,17,hazard_dense_office,0.0833,0,84.0,450,0.2806,0.1667,1.0935,-4997.19,0.4064
2002,17,hazard_dense_office,0.0833,0,78.0,450,0.1633,0.1335,1.05,-5078.2,0.4036
2003,17,hazard_dense_office,0.0,0,450,450,0.0,0.0,1.0,-5305.17,0.4007
2004,17,hazard_dense_office,0.1667,0,136.0,450,0.0833,0.0764,1.025,-4621.46,0.3981
2005,17,hazard_dense_office,0.0833,0,27.0,450,0.0,0.0,1.0,-4926.93,0.3954
2006,17,hazard_dense_office,0.0833,0,14.0,450,0.0,0.0,1.0,-4768.03,0.3927
2007,17,hazard_dense_office,0.0833,0,24.0,450,0.01,0.0011,1.0001,-4854.87,0.39
2008,17,hazard_dense_office,0.0833,0,14.0,450,0.0,0.0,1.0,-4791.91,0.3873
2009,17,hazard_dense_office,0.0,0,450,450,0.125,0.0801,1.05,-5524.11,0.3843
2010,17,hazard_dense_office,0.0,0,450,450,0.0,0.0,1.0,-5268.16,0.3814
2011,17,hazard_dense_office,0.25,0,223.0,450,0.0167,0.0015,1.0003,-4531.32,0.3788
2012,17,hazard_dense_office,0.0833,0,64.0,450,0.0,0.0,1.0001,-4845.29,0.3761
2013,17,hazard_dense_office,0.0,0,450,450,0.005,0.0003,1.0,-5262.33,0.3731
2014,17,hazard_dense_office,0.0,0,450,450,0.0,0.0,1.0,-5140.62,0.3702
2015,17,hazard_dense_office,0.0,0,450,450,0.0333,0.0066,1.0137,-5228.17,0.3672
2016,17,hazard_dense_office,0.1667,0,36.5,450,0.1317,0.0927,1.0455,-4620.76,0.3648
2017,17,hazard_dense_office,0.0833,0,79.0,450,0.0367,0.0148,1.0141,-4934.39,0.362
2018,17,hazard_dense_office,0.0,0,450,450,0.0683,0.0514,1.0236,-5400.54,0.3591
2019,17,hazard_dense_office,0.0833,0,304.0,450,0.0,0.0,1.0,-4971.11,0.3562
2020,17,hazard_dense_office,0.0833,0,30.0,450,0.0,0.0,1.0,-4811.58,0.3535
2021,17,hazard_dense_office,0.0,0,450,450,0.0767,0.0647,1.025,-5411.74,0.3506
2022,17,hazard_dense_office,0.1667,0,103.5,450,0.1433,0.1044,1.047,-4674.61,0.348
2023,17,hazard_dense_office,0.0833,0,28.0,450,0.0783,0.0675,1.0231,-4965.52,0.3453
2024,17,hazard_dense_office,0.0833,0,324.0,450,0.055,0.0255,1.0196,-5268.38,0.3424
2025,17,hazard_dense_office,0.25,0,140.33,450,0.0586,0.0377,1.025,-4239.27,0.34
2026,17,hazard_dense_office,0.25,0,111.0,450,0.0,0.0,1.0,-4110.69,0.3376
2027,17,hazard_dense_office,0.0833,0,49.0,450,0.205,0.0881,1.0555,-4908.9,0.3349
2028,17,hazard_dense_office,0.25,0,54.33,450,0.0483,0.0257,1.0189,-4069.16,0.3326
2029,17,hazard_dense_office,0.0833,0,19.0,450,0.0,0.0,1.0,-4768.33,0.3299
2030,17,hazard_dense_office,0.0833,0,69.0,450,0.4267,0.2035,1.115,-5014.21,0.3271
2031,17,hazard_dense_office,0.25,0,250.0,450,0.2278,0.0913,1.0819,-4808.13,0.3245
2032,17,hazard_dense_office,0.1667,0,58.5,450,0.065,0.0333,1.0257,-4705.31,0.322
2033,17,hazard_dense_office,0.3333,0,105.5,450,0.0,0.0,1.0,-3696.41,0.3198
2034,17,hazard_dense_office,0.25,0,97.0,450,0.0517,0.0294,1.0225,-4209.98,0.3174
2035,17,hazard_dense_office,0.25,0,89.67,450,0.06,0.0396,1.0124,-4327.33,0.3151
2036,17,hazard_dense_office,0.4167,0,279.0,450,0.0634,0.0217,1.0276,-4064.7,0.3126
2037,17,hazard_dense_office,0.6667,0,304.5,450,0.005,0.0003,1.0018,-3405.45,0.3103
2038,17,hazard_dense_office,0.4167,0,147.4,450,0.16,0.1283,1.05,-3397.31,0.3082
2039,17,hazard_dense_office,0.25,0,140.67,450,0.0,0.0,1.0,-4064.91,0.3058
2040,17,hazard_dense_office,0.3333,0,329.5,450,0.0869,0.0732,1.0237,-4603.15,0.3031
2041,17,hazard_dense_office,0.1667,0,242.5,450,0.0,0.0,1.0,-4814.12,0.3004
2042,17,hazard_dense_office,0.0833,0,43.0,450,0.0583,0.0132,1.0195,-4794.6,0.2976
2043,17,hazard_dense_office,0.25,0,97.67,450,0.0167,0.0025,1.0052,-4036.32,0.2953
2044,17,hazard_dense_office,0.25,0,266.67,450,0.0,0.0,1.0,-4441.47,0.2926
2045,17,hazard_dense_office,0.3333,0,289.0,450,0.0,0.0,1.0,-4264.13,0.29
2046,17,hazard_dense_office,0.4167,0,372.4,450,0.05,0.0238,1.0185,-4493.18,0.2873
2047,17,hazard_dense_office,0.4167,0,319.0,450,0.1573,0.1242,1.0482,-4538.0,0.2847
2048,17,hazard_dense_office,0.0833,0,38.0,450,0.0183,0.0037,1.0079,-4967.44,0.282
2049,17,hazard_dense_office,0.3333,0,318.5,450,0.0,0.0,1.0,-4571.68,0.2794
2050,17,hazard_dense_office,0.0,0,450,450,0.143,0.1056,1.0484,-5361.53,0.2764
2051,17,hazard_dense_office,0.25,0,255.0,450,0.0,0.0,1.0,-4576.83,0.2738
2052,17,hazard_dense_office,0.25,0,169.67,450,0.0667,0.0265,1.0277,-4480.62,0.2713
2053,17,hazard_dense_office,0.0833,0,121.0,450,0.5017,0.209,1.1614,-5154.8,0.2686
2054,17,hazard_dense_office,0.0,0,450,450,0.3017,0.1538,1.0709,-5594.05,0.2656
2055,17,hazard_dense_office,0.1667,0,50.5,450,0.4511,0.2109,1.1413,-4834.04,0.2631
2056,17,hazard_dense_office,0.25,0,25.67,450,0.5186,0.1907,1.1615,-4188.86,0.2609
2057,17,hazard_dense_office,0.5,0,218.5,450,0.0167,0.0031,1.0,-3491.66,0.2587
2058,17,hazard_dense_office,0.5,0,194.33,450,0.0717,0.0565,1.025,-3563.74,0.2566
2059,17,hazard_dense_office,0.5,0,176.83,450,0.0833,0.0764,1.0247,-3300.13,0.2545
2060,17,hazard_dense_office,0.75,0,217.56,450,0.0,0.0,1.0,-2400.82,0.2527
2061,17,hazard_dense_office,0.5,0,102.5,450,0.3333,0.2222,1.1,-3807.13,0.2509
2062,17,hazard_dense_office,0.5,0,265.0,450,0.0833,0.0764,1.025,-4834.98,0.2486
2063,17,hazard_dense_office,0.5833,0,281.57,450,0.07,0.0248,1.0274,-3549.21,0.2463
2064,17,hazard_dense_office,0.9167,0,220.55,450,0.0,0.0,1.0,-1710.74,0.2447
2065,17,hazard_dense_office,0.4167,0,57.0,450,0.0,0.0,1.0,-2783.23,0.2428
2066,17,hazard_dense_office,0.5833,0,251.43,450,0.0067,0.0005,1.0017,-3084.1,0.2407
2067,17,hazard_dense_office,0.6667,0,126.25,450,0.0,0.0,1.0,-1936.69,0.2391
2068,17,hazard_dense_office,0.3333,0,104.75,450,0.025,0.0069,1.0,-3614.42,0.2369
2069,17,hazard_dense_office,0.4167,0,175.2,450,0.0467,0.024,1.0163,-3507.4,0.2347
2070,17,hazard_dense_office,0.8333,0,222.0,450,0.0,0.0,1.0,-1924.77,0.233
2071,17,hazard_dense_office,0.6667,0,231.62,450,0.08,0.0704,1.0246,-2714.05,0.2311
2072,17,hazard_dense_office,0.6667,0,269.0,450,0.045,0.0223,1.0162,-2961.28,0.2289
2073,17,hazard_dense_office,0.6667,0,185.12,450,0.0,0.0,1.0,-2443.11,0.2271
2074,17,hazard_dense_office,0.5,0,223.83,450,0.0,0.0,1.0,-3266.99,0.2249
2075,17,hazard_dense_office,1.0,1,176.33,318,0.0,0.0,1.0,-836.75,0.2238
2076,17,hazard_dense_office,0.8333,0,187.7,450,0.045,0.0175,1.0146,-1690.63,0.2222
2077,17,hazard_dense_office,0.4167,0,178.8,450,0.0,0.0,1.0,-3497.82,0.22
2078,17,hazard_dense_office,0.5833,0,222.71,450,0.0,0.0,1.0,-3223.47,0.218
2079,17,hazard_dense_office,0.5833,0,108.71,450,0.0,0.0,1.0,-2331.88,0.2163
2080,17,hazard_dense_office,0.8333,0,175.8,450,0.0,0.0,1.0,-1765.97,0.2149
2081,17,hazard_dense_office,0.5,0,169.83,450,0.0,0.0,1.0,-3108.58,0.2129
2082,17,hazard_dense_office,0.6667,0,227.25,450,0.0058,0.0004,1.0017,-2808.9,0.2109
2083,17,hazard_dense_office,0.75,0,176.0,450,0.0733,0.0592,1.0249,-1944.93,0.2093
2084,17,hazard_dense_office,0.5,0,236.0,450,0.0,0.0,1.0,-3732.75,0.207
2085,17,hazard_dense_office,0.5,0,143.0,450,0.005,0.0003,1.001,-2948.44,0.2051
2086,17,hazard_dense_office,0.25,0,112.33,450,0.1667,0.1389,1.05,-4477.21,0.2027
2087,17,hazard_dense_office,0.1667,0,93.0,450,0.0,0.0,1.0,-5036.53,0.2002
2088,17,hazard_dense_office,0.4167,0,101.2,450,0.0,0.0,1.0,-3299.99,0.1982
2089,17,hazard_dense_office,0.6667,0,169.0,450,0.0,0.0,1.0,-2259.9,0.1965
2090,17,hazard_dense_office,0.6667,0,171.38,450,0.06,0.0396,1.022,-2377.89,0.1947
2091,17,hazard_dense_office,0.4167,0,56.8,450,0.0,0.0,1.0,-3091.57,0.1929
2092,17,hazard_dense_office,0.3333,0,98.75,450,0.3383,0.2192,1.1,-4807.52,0.1907
2093,17,hazard_dense_office,0.25,0,38.0,450,0.1667,0.1389,1.05,-4081.66,0.1884
2094,17,hazard_dense_office,0.25,0,201.33,450,0.1617,0.096,1.0462,-4443.68,0.1859
2095,17,hazard_dense_office,0.4167,0,60.4,450,0.0567,0.0203,1.0151,-3027.73,0.184
2096,17,hazard_dense_office,0.5,0,44.83,450,0.035,0.0135,1.0136,-2538.75,0.1824
2097,17,hazard_dense_office,0.4167,0,97.2,450,0.3433,0.2167,1.1025,-3681.3,0.1804
2098,17,hazard_dense_office,0.5833,0,100.57,450,0.25,0.1875,1.075,-2641.24,0.1788
2099,17,hazard_dense_office,0.1667,0,79.5,450,0.1333,0.056,1.0379,-4631.73,0.1763
2100,17,hazard_dense_office,0.3333,0,42.0,450,0.1033,0.0775,1.0341,-3603.28,0.1742
2101,17,hazard_dense_office,0.25,0,51.33,450,0.1667,0.1389,1.05,-4118.5,0.1719
2102,17,hazard_dense_office,0.1667,0,97.0,450,0.0117,0.0015,1.0033,-4747.37,0.1694
2103,17,hazard_dense_office,0.1667,0,18.5,450,0.0,0.0,1.0,-4642.0,0.1669
2104,17,hazard_dense_office,0.25,0,70.67,450,0.0,0.0,1.0,-4190.32,0.1646
2105,17,hazard_dense_office,0.25,0,56.33,450,0.0,0.0,1.0,-4058.14,0.1623
2106,17,hazard_dense_office,0.3333,0,168.75,450,0.0,0.0,1.0,-4082.37,0.1599
2107,17,hazard_dense_office,0.1667,0,44.0,450,0.0,0.0,1.0,-4618.12,0.1574
2108,17,hazard_dense_office,0.1667,0,27.5,450,0.1339,0.0808,1.0505,-4937.71,0.155
2109,17,hazard_dense_office,0.25,0,54.0,450,0.2046,0.1421,1.0591,-4460.99,0.1527
2110,17,hazard_dense_office,0.4167,0,41.8,450,0.1667,0.1389,1.05,-3201.05,0.1508
2111,17,hazard_dense_office,0.0,0,450,450,0.0,0.0,1.0,-5304.29,0.1479
2112,17,hazard_dense_office,0.1667,0,227.0,450,0.2967,0.1881,1.0926,-5341.78,0.1452
2113,17,hazard_dense_office,0.1667,0,228.5,450,0.0168,0.0017,1.0009,-4902.77,0.1425
2114,17,hazard_dense_office,0.3333,0,54.25,450,0.0,0.0,1.0,-3329.09,0.1404
2115,17,hazard_dense_office,0.25,0,78.67,450,0.1033,0.0775,1.0243,-4065.16,0.1381
2116,17,hazard_dense_office,0.0833,0,112.0,450,0.0017,0.0,1.0,-5083.09,0.1353
2117,17,hazard_dense_office,0.0833,0,18.0,450,0.005,0.0003,1.0002,-4827.43,0.1326
2118,17,hazard_dense_office,0.25,0,382.0,450,0.0028,0.0001,1.0009,-4824.55,0.1298
2119,17,hazard_dense_office,0.4167,0,246.8,450,0.0567,0.0177,1.0124,-3842.95,0.1274
2120,17,hazard_dense_office,0.0,0,450,450,0.0317,0.011,1.0104,-5296.33,0.1245
2121,17,hazard_dense_office,0.1667,0,68.5,450,0.0333,0.0122,1.0061,-4300.03,0.1219
2122,17,hazard_dense_office,0.1667,0,162.0,450,0.051,0.0131,1.0193,-4614.66,0.1193
2123,17,hazard_dense_office,0.3333,0,249.75,450,0.0483,0.0257,1.0123,-4102.46,0.1168
2124,17,hazard_dense_office,0.4167,0,108.8,450,0.2729,0.1818,1.0877,-3685.57,0.1148
2125,17,hazard_dense_office,0.5,0,215.0,450,0.199,0.1338,1.0531,-3405.76,0.1126
2126,17,hazard_dense_office,0.25,0,187.0,450,0.0,0.0,1.0,-4143.74,0.1101
2127,17,hazard_dense_office,0.5833,0,298.43,450,0.2171,0.1461,1.0627,-3803.51,0.1077
2128,17,hazard_dense_office,0.3333,0,189.5,450,0.1433,0.0974,1.0365,-4103.98,0.1054
2129,17,hazard_dense_office,0.0833,0,35.0,450,0.5,0.25,1.15,-5606.55,0.1027
2130,17,hazard_dense_office,0.0,0,450,450,0.3817,0.2157,1.1093,-5875.24,0.0997
2131,17,hazard_dense_office,0.0,0,450,450,0.1563,0.0942,1.0467,-5586.64,0.0968
2132,17,hazard_dense_office,0.0,0,450,450,0.25,0.1875,1.075,-5916.61,0.0938
2133,17,hazard_dense_office,0.0,0,450,450,0.0,0.0,1.0,-5428.23,0.0909
2134,17,hazard_dense_office,0.0,0,450,450,0.0,0.0,1.0,-5540.82,0.0879
2135,17,hazard_dense_office,0.0,0,450,450,0.0,0.0,1.0,-5581.19,0.085
2136,17,hazard_dense_office,0.0,0,450,450,0.0817,0.0734,1.025,-5750.87,0.0821
2137,17,hazard_dense_office,0.0,0,450,450,0.0,0.0,1.0,-5441.35,0.0791
2138,17,hazard_dense_office,0.0,0,450,450,0.0,0.0,1.0,-5656.86,0.0762
2139,17,hazard_dense_office,0.0,0,450,450,0.0,0.0,1.0,-5224.17,0.0732
2140,17,hazard_dense_office,0.3333,0,323.0,450,0.2467,0.1648,1.0775,-4358.13,0.0706
2141,17,hazard_dense_office,0.4167,0,207.0,450,0.0133,0.002,1.0,-3665.97,0.0683
2142,17,hazard_dense_office,0.4167,0,262.8,450,0.0,0.0,1.0,-3801.38,0.0659
2143,17,hazard_dense_office,0.1667,0,148.5,450,0.1035,0.0601,1.0301,-4790.08,0.0633
2144,17,hazard_dense_office,0.0833,0,14.0,450,0.0,0.0,1.0,-4825.26,0.0606
2145,17,hazard_dense_office,0.0833,0,26.0,450,0.0317,0.011,1.003,-4979.06,0.0578
2146,17,hazard_dense_office,0.5833,0,155.14,450,0.0,0.0,1.0001,-2623.09,0.056
2147,17,hazard_dense_office,0.4167,0,179.2,450,0.0333,0.0122,1.0134,-3552.59,0.0538
2148,17,hazard_dense_office,0.3333,0,160.0,450,0.0909,0.0534,1.0267,-3778.96,0.0515
2149,17,hazard_dense_office,0.5,0,193.33,450,0.0,0.0,1.0001,-3220.63,0.05
2150,17,hazard_dense_office,0.75,0,216.33,450,0.0317,0.011,1.0125,-2389.67,0.05
2151,17,hazard_dense_office,0.8333,0,169.6,450,0.0,0.0,1.0,-1430.91,0.05
2152,17,hazard_dense_office,1.0,1,158.25,340,0.0,0.0,1.0,-595.53,0.05
2153,17,hazard_dense_office,0.8333,0,258.7,450,0.1383,0.0957,1.0499,-2451.03,0.05
2154,17,hazard_dense_office,0.8333,0,167.6,450,0.0,0.0,1.0,-1416.54,0.05
2155,17,hazard_dense_office,0.9167,0,153.91,450,0.0,0.0,1.0,-949.74,0.05
2156,17,hazard_dense_office,0.8333,0,174.0,450,0.0,0.0,1.0,-1548.94,0.05
2157,17,hazard_dense_office,0.9167,0,179.0,450,0.0,0.0,1.0,-1164.83,0.05
2158,17,hazard_dense_office,0.5833,0,137.86,450,0.0,0.0,1.0,-2464.89,0.05
2159,17,hazard_dense_office,0.75,0,226.44,450,0.0353,0.0134,1.0136,-2432.01,0.05
2160,17,hazard_dense_office,0.8333,0,164.7,450,0.0,0.0,1.0,-1449.97,0.05
2161,17,hazard_dense_office,0.9167,0,178.45,450,0.0036,0.0001,1.0023,-1059.27,0.05
2162,17,hazard_dense_office,0.8333,0,146.2,450,0.0,0.0,1.0,-1250.67,0.05
2163,17,hazard_dense_office,0.8333,0,95.1,450,0.0,0.0,1.0006,-755.82,0.05
2164,17,hazard_dense_office,0.8333,0,123.7,450,0.0,0.0,1.0,-1092.64,0.05
2165,17,hazard_dense_office,0.6667,0,171.38,450,0.0,0.0,1.0,-2284.37,0.05
2166,17,hazard_dense_office,0.8333,0,234.6,450,0.0,0.0,1.0,-2079.04,0.05
2167,17,hazard_dense_office,0.8333,0,165.5,450,0.0,0.0,1.0,-1407.76,0.05
2168,17,hazard_dense_office,0.75,0,147.0,450,0.0,0.0,1.0,-1614.15,0.05
2169,17,hazard_dense_office,0.6667,0,178.88,450,0.135,0.0971,1.0457,-2319.26,0.05
2170,17,hazard_dense_office,0.9167,0,196.18,450,0.0,0.0,1.0,-1333.24,0.05
2171,17,hazard_dense_office,0.6667,0,121.0,450,0.015,0.0025,1.0052,-1821.2,0.05
2172,17,hazard_dense_office,0.8333,0,194.5,450,0.0483,0.0257,1.0115,-1838.79,0.05
2173,17,hazard_dense_office,0.75,0,194.78,450,0.0267,0.0078,1.0006,-2021.52,0.05
2174,17,hazard_dense_office,0.5833,0,151.57,450,0.3317,0.22,1.1009,-2777.81,0.05
2175,17,hazard_dense_office,0.8333,0,182.3,450,0.0,0.0,1.0009,-1752.54,0.05
2176,17,hazard_dense_office,1.0,1,212.33,432,0.0033,0.0001,1.0013,-1325.37,0.05
2177,17,hazard_dense_office,0.8333,0,166.2,450,0.0,0.0,1.0001,-1631.49,0.05
2178,17,hazard_dense_office,0.75,0,210.0,450,0.0,0.0,1.0001,-2352.65,0.05
2179,17,hazard_dense_office,0.9167,0,154.64,450,0.0,0.0,1.0005,-921.0,0.05
2180,18,library_hard,0.0,0,450,450,0.0,0.0,1.0,-5370.39,0.9965
2181,18,library_hard,0.0,0,450,450,0.0,0.0,1.0,-5335.91,0.993
2182,18,library_hard,0.0833,0,334.0,450,0.0,0.0,1.0,-5133.63,0.9896
2183,18,library_hard,0.0,0,450,450,0.0867,0.076,1.0261,-5637.6,0.9861
2184,18,library_hard,0.0,0,450,450,0.0,0.0,1.0,-5748.6,0.9826
2185,18,library_hard,0.0,0,450,450,0.0833,0.0764,1.0249,-5344.45,0.9791
2186,18,library_hard,0.0,0,450,450,0.04,0.0176,1.0146,-6126.53,0.9756
2187,18,library_hard,0.0,0,450,450,0.0,0.0,1.0,-5357.85,0.9721
2188,18,library_hard,0.0833,0,17.0,450,0.0,0.0,1.0,-4874.08,0.9689
2189,18,library_hard,0.0833,0,125.0,450,0.0,0.0,1.0,-4964.99,0.9656
2190,18,library_hard,0.0,0,450,450,0.0983,0.0764,1.0251,-5701.69,0.9621
2191,18,library_hard,0.1667,0,246.0,450,0.0,0.0,1.0,-4773.94,0.9589
2192,18,library_hard,0.0,0,450,450,0.0,0.0,1.0,-5367.62,0.9554
2193,18,library_hard,0.0,0,450,450,0.0,0.0,1.0,-5334.86,0.9519
2194,18,library_hard,0.0833,0,346.0,450,0.0,0.0,1.0,-5174.43,0.9485
2195,18,library_hard,0.0,0,450,450,0.0167,0.0017,1.0047,-5764.05,0.945
2196,18,library_hard,0.0,0,450,450,0.04,0.0176,1.0061,-5383.98,0.9415
2197,18,library_hard,0.0833,0,443.0,450,0.0383,0.0162,1.0074,-5516.96,0.938
2198,18,library_hard,0.0833,0,116.0,450,0.0,0.0,1.0,-4967.88,0.9348
2199,18,library_hard,0.0833,0,71.0,450,0.0,0.0,1.0,-4930.0,0.9315
2200,18,library_hard,0.25,0,229.0,450,0.0,0.0,1.0,-4475.28,0.9284
2201,18,library_hard,0.0833,0,42.0,450,0.0,0.0,1.0,-4902.59,0.9252
2202,18,library_hard,0.0833,0,29.0,450,0.0,0.0,1.0,-4912.29,0.922
2203,18,library_hard,0.0833,0,410.0,450,0.0,0.0,1.0,-5234.33,0.9185
2204,18,library_hard,0.0,0,450,450,0.0,0.0,1.0,-5424.75,0.915
2205,18,library_hard,0.0833,0,401.0,450,0.0,0.0,1.0,-5405.59,0.9116
2206,18,library_hard,0.0,0,450,450,0.0833,0.0764,1.025,-5594.07,0.9081
2207,18,library_hard,0.0833,0,268.0,450,0.0,0.0,1.0,-5154.29,0.9047
2208,18,library_hard,0.0,0,450,450,0.005,0.0003,1.0007,-5659.81,0.9012
2209,18,library_hard,0.0833,0,195.0,450,0.0533,0.0313,1.025,-5248.29,0.8979
2210,18,library_hard,0.0,0,450,450,0.0336,0.0064,1.0092,-5399.75,0.8944
2211,18,library_hard,0.0,0,450,450,0.135,0.0971,1.0495,-5553.72,0.8909
2212,18,library_hard,0.0,0,450,450,0.0967,0.0534,1.0197,-5512.52,0.8874
2213,18,library_hard,0.0,0,450,450,0.0833,0.0764,1.0224,-5630.11,0.8839
2214,18,library_hard,0.0,0,450,450,0.0067,0.0005,1.0,-5444.99,0.8804
2215,18,library_hard,0.0,0,450,450,0.0733,0.0592,1.025,-5608.35,0.8769
2216,18,library_hard,0.0,0,450,450,0.1739,0.137,1.0463,-5507.61,0.8734
2217,18,library_hard,0.0,0,450,450,0.025,0.0069,1.0084,-5521.07,0.8699
2218,18,library_hard,0.0,0,450,450,0.02,0.0044,1.0,-5402.84,0.8665
2219,18,library_hard,0.0,0,450,450,0.055,0.0333,1.025,-5576.38,0.863
2220,18,library_hard,0.0,0,450,450,0.0833,0.0764,1.025,-5817.36,0.8595
2221,18,library_hard,0.0,0,450,450,0.0833,0.0764,1.025,-5395.98,0.856
2222,18,library_hard,0.0,0,450,450,0.0,0.0,1.0,-5389.81,0.8525
2223,18,library_hard,0.0,0,450,450,0.0833,0.0764,1.025,-5622.88,0.849
2224,18,library_hard,0.0,0,450,450,0.0,0.0,1.0,-5401.65,0.8455
2225,18,library_hard,0.0,0,450,450,0.0517,0.0294,1.0225,-5548.8,0.842
2226,18,library_hard,0.0,0,450,450,0.0,0.0,1.0,-5335.76,0.8385
2227,18,library_hard,0.0,0,450,450,0.0,0.0,1.0,-5312.69,0.835
2228,18,library_hard,0.0,0,450,450,0.0417,0.0191,1.0151,-5437.21,0.8315
2229,18,library_hard,0.0,0,450,450,0.0,0.0,1.0,-5313.27,0.828
2230,18,library_hard,0.0833,0,27.0,450,0.0,0.0,1.0,-4835.46,0.8248
2231,18,library_hard,0.0,0,450,450,0.0,0.0,1.0,-5415.28,0.8213
2232,18,library_hard,0.0,0,450,450,0.0,0.0,1.0,-5393.47,0.8178
2233,18,library_hard,0.0,0,450,450,0.075,0.0619,1.0185,-5303.76,0.8143
2234,18,library_hard,0.0,0,450,450,0.0,0.0,1.0,-5322.58,0.8108
2235,18,library_hard,0.0,0,450,450,0.04,0.0176,1.0146,-5396.74,0.8074
2236,18,library_hard,0.0,0,450,450,0.0,0.0,1.0,-5449.7,0.8039
2237,18,library_hard,0.0,0,450,450,0.1083,0.0791,1.0371,-5325.45,0.8004
2238,18,library_hard,0.0,0,450,450,0.0,0.0,1.0,-5396.51,0.7969
2239,18,library_hard,0.0,0,450,450,0.0,0.0,1.0,-5304.45,0.7934
2240,18,library_hard,0.0,0,450,450,0.0,0.0,1.0,-5297.77,0.7899
2241,18,library_hard,0.0,0,450,450,0.0,0.0,1.0,-5274.23,0.7864
2242,18,library_hard,0.0,0,450,450,0.0,0.0,1.0,-5288.5,0.7829
2243,18,library_hard,0.1667,0,231.0,450,0.0,0.0,1.0,-4741.88,0.7797
2244,18,library_hard,0.3333,0,244.75,450,0.0,0.0,1.0,-4177.09,0.7767
2245,18,library_hard,0.25,0,297.33,450,0.0,0.0,1.0,-4602.15,0.7735
2246,18,library_hard,0.0833,0,16.0,450,0.0,0.0,1.0,-4828.17,0.7703
2247,18,library_hard,0.25,0,113.33,450,0.0,0.0,1.0,-4037.79,0.7675
2248,18,library_hard,0.1667,0,115.5,450,0.0,0.0,1.0,-4596.26,0.7644
2249,18,library_hard,0.0833,0,160.0,450,0.0,0.0,1.0,-4981.07,0.7611
2250,18,library_hard,0.0833,0,33.0,450,0.0,0.0,1.0,-4912.03,0.7579
2251,18,library_hard,0.0833,0,156.0,450,0.0,0.0,1.0,-4952.16,0.7546
2252,18,library_hard,0.0833,0,82.0,450,0.0,0.0,1.0,-4940.88,0.7513
2253,18,library_hard,0.3333,0,180.5,450,0.0,0.0,1.0,-3926.91,0.7485
2254,18,library_hard,0.25,0,278.67,450,0.0,0.0,1.0,-4507.97,0.7454
2255,18,library_hard,0.4167,0,159.8,450,0.0,0.0,1.0,-3406.69,0.7428
2256,18,library_hard,0.5,0,209.33,450,0.0,0.0,1.0,-3361.89,0.7403
2257,18,library_hard,0.5,0,264.33,450,0.0,0.0,1.0,-3644.97,0.7375
2258,18,library_hard,0.1667,0,253.0,450,0.0,0.0,1.0,-4742.08,0.7343
2259,18,library_hard,0.25,0,265.67,450,0.0,0.0,1.0,-4384.07,0.7311
2260,18,library_hard,0.0833,0,164.0,450,0.0,0.0,1.0,-4870.1,0.7278
2261,18,library_hard,0.0833,0,387.0,450,0.0,0.0,1.0,-5147.79,0.7244
2262,18,library_hard,0.0833,0,237.0,450,0.0,0.0,1.0,-4983.73,0.721
2263,18,library_hard,0.0833,0,286.0,450,0.0,0.0,1.0,-5144.52,0.7176
2264,18,library_hard,0.0,0,450,450,0.0,0.0,1.0,-5362.55,0.7141
2265,18,library_hard,0.0833,0,353.0,450,0.0,0.0,1.0,-5124.02,0.7107
2266,18,library_hard,0.0,0,450,450,0.0,0.0,1.0,-5310.83,0.7072
2267,18,library_hard,0.0,0,450,450,0.0,0.0,1.0,-5218.91,0.7037
2268,18,library_hard,0.3333,0,352.0,450,0.0,0.0,1.0,-4533.6,0.7005
2269,18,library_hard,0.5,0,229.83,450,0.0,0.0,1.0,-3419.24,0.6978
2270,18,library_hard,0.75,0,302.89,450,0.0,0.0,1.0,-3103.23,0.6952
2271,18,library_hard,0.5833,0,202.71,450,0.0,0.0,1.0,-2999.14,0.6928
2272,18,library_hard,0.6667,0,208.25,450,0.0,0.0,1.0,-2567.95,0.6906
2273,18,library_hard,0.6667,0,208.0,450,0.0,0.0,1.0,-2607.2,0.6883
2274,18,library_hard,0.6667,0,250.62,450,0.0,0.0,1.0,-2902.98,0.6859
2275,18,library_hard,0.5,0,285.33,450,0.0,0.0,1.0,-3706.98,0.683
2276,18,library_hard,0.6667,0,283.12,450,0.0,0.0,1.0,-3193.13,0.6804
2277,18,library_hard,0.5833,0,191.86,450,0.0,0.0,1.0,-2803.77,0.6781
2278,18,library_hard,0.6667,0,261.12,450,0.0,0.0,1.0,-3064.24,0.6756
2279,18,library_hard,0.5833,0,207.43,450,0.0,0.0,1.0,-2909.63,0.6732
2280,18,library_hard,0.5833,0,302.71,450,0.0,0.0,1.0,-3538.62,0.6703
2281,18,library_hard,0.3333,0,139.5,450,0.0,0.0,1.0,-3632.79,0.6677
2282,18,library_hard,0.5,0,180.0,450,0.0,0.0,1.0,-3094.06,0.6652
2283,18,library_hard,0.4167,0,197.0,450,0.0,0.0,1.0,-3578.59,0.6625
2284,18,library_hard,0.75,0,207.89,450,0.0,0.0,1.0,-2274.23,0.6605
2285,18,library_hard,0.6667,0,245.88,450,0.0,0.0,1.0,-2898.94,0.658
2286,18,library_hard,0.5,0,212.83,450,0.0,0.0,1.0,-3302.42,0.6554
2287,18,library_hard,0.5,0,143.17,450,0.0,0.0,1.0,-2875.05,0.6531
2288,18,library_hard,0.4167,0,119.0,450,0.0,0.0,1.0,-3180.96,0.6507
2289,18,library_hard,0.5833,0,226.57,450,0.0,0.0,1.0,-3080.52,0.6482
2290,18,library_hard,0.5,0,159.33,450,0.0,0.0,1.0,-3027.35,0.6459
2291,18,library_hard,0.5,0,228.33,450,0.0,0.0,1.0,-3447.18,0.6432
2292,18,library_hard,0.6667,0,200.12,450,0.0,0.0,1.0,-2498.86,0.641
2293,18,library_hard,0.5,0,165.83,450,0.0,0.0,1.0,-3014.07,0.6387
2294,18,library_hard,0.5,0,202.67,450,0.0,0.0,1.0,-3281.54,0.6361
2295,18,library_hard,0.5,0,192.67,450,0.0,0.0,1.0,-3299.93,0.6336
2296,18,library_hard,0.5,0,158.83,450,0.0,0.0,1.0,-3072.68,0.6313
2297,18,library_hard,0.25,0,179.0,450,0.0,0.0,1.0,-4292.75,0.6283
2298,18,library_hard,0.3333,0,166.0,450,0.0,0.0,1.0,-3852.61,0.6255
2299,18,library_hard,0.1667,0,149.5,450,0.0,0.0,1.0,-4569.31,0.6224
2300,18,library_hard,0.8333,0,238.2,450,0.0,0.0,1.0,-2265.13,0.6203
2301,18,library_hard,0.5,0,161.83,450,0.0,0.0,1.0,-2975.58,0.6179
2302,18,library_hard,0.25,0,80.0,450,0.0,0.0,1.0,-3937.64,0.6152
2303,18,library_hard,0.3333,0,176.0,450,0.3483,0.2147,1.1,-4002.11,0.6124
2304,18,library_hard,0.1667,0,111.0,450,0.1816,0.1364,1.05,-4568.83,0.6093
2305,18,library_hard,0.0,0,450,450,0.25,0.1875,1.0748,-5788.42,0.6058
2306,18,library_hard,0.6667,0,301.0,450,0.0,0.0,1.0,-3333.07,0.6031
2307,18,library_hard,0.6667,0,188.25,450,0.0,0.0,1.0,-2476.55,0.601
2308,18,library_hard,0.4167,0,146.2,450,0.0,0.0,1.0,-3364.73,0.5985
2309,18,library_hard,0.5833,0,189.57,450,0.0,0.0,1.0,-2788.2,0.5961
2310,18,library_hard,0.75,0,190.78,450,0.0,0.0,1.0,-2082.89,0.5942
2311,18,library_hard,0.6667,0,199.38,450,0.035,0.0135,1.0136,-2460.22,0.592
2312,18,library_hard,0.75,0,179.33,450,0.0,0.0,1.0,-1968.02,0.5901
2313,18,library_hard,0.75,0,177.44,450,0.0,0.0,1.0,-1982.39,0.5881
2314,18,library_hard,0.6667,0,180.38,450,0.0,0.0,1.0,-2373.03,0.586
2315,18,library_hard,0.5833,0,192.29,450,0.0,0.0,1.0,-2801.66,0.5837
2316,18,library_hard,0.5833,0,135.57,450,0.0,0.0,1.0,-2414.67,0.5817
2317,18,library_hard,0.75,0,185.56,450,0.0,0.0,1.0,-2081.48,0.5797
2318,18,library_hard,0.5,0,173.0,450,0.0,0.0,1.0,-3053.06,0.5773
2319,18,library_hard,0.6667,0,196.88,450,0.0,0.0,1.0,-2476.93,0.5751
2320,18,library_hard,0.6667,0,191.5,450,0.0,0.0,1.0,-2474.4,0.5729
2321,18,library_hard,0.75,0,181.22,450,0.0,0.0,1.0,-2017.93,0.571
2322,18,library_hard,0.9167,0,170.73,450,0.0,0.0,1.0,-1174.76,0.5695
2323,18,library_hard,0.8333,0,176.9,450,0.0,0.0,1.0,-1646.19,0.5678
2324,18,library_hard,0.8333,0,196.5,450,0.0,0.0,1.0,-1815.06,0.5659
2325,18,library_hard,0.5833,0,192.86,450,0.0,0.0,1.0,-2830.08,0.5636
2326,18,library_hard,0.6667,0,208.25,450,0.0,0.0,1.0,-2584.75,0.5614
2327,18,library_hard,0.75,0,202.78,450,0.0,0.0,1.0,-2200.65,0.5593
2328,18,library_hard,0.75,0,175.44,450,0.0,0.0,1.0,-2013.32,0.5574
2329,18,library_hard,0.75,0,189.22,450,0.0833,0.0764,1.025,-2121.85,0.5554
2330,18,library_hard,0.5,0,175.5,450,0.25,0.1875,1.0749,-3211.27,0.553
2331,18,library_hard,0.5833,0,148.43,450,0.0,0.0,1.0,-2532.35,0.5509
2332,18,library_hard,0.75,0,169.11,450,0.0833,0.0764,1.025,-2115.57,0.549
2333,18,library_hard,0.6667,0,129.25,450,0.0833,0.0764,1.025,-2120.53,0.5472
2334,18,library_hard,0.6667,0,166.38,450,0.0833,0.0764,1.025,-2336.67,0.5452
2335,18,library_hard,0.6667,0,118.38,450,0.0833,0.0764,1.025,-2047.18,0.5434
2336,18,library_hard,0.4167,0,120.6,450,0.3333,0.2222,1.1,-3394.11,0.541
2337,18,library_hard,0.75,0,115.22,450,0.0833,0.0764,1.025,-1576.59,0.5394
2338,18,library_hard,0.6667,0,123.62,450,0.0833,0.0764,1.0249,-2021.56,0.5376
2339,18,library_hard,0.75,0,197.56,450,0.0,0.0,1.0,-2360.31,0.5356
2340,18,library_hard,0.4167,0,128.2,450,0.4167,0.2431,1.125,-4172.52,0.5331
2341,18,library_hard,0.8333,0,209.9,450,0.0,0.0,1.0,-2104.11,0.5312
2342,18,library_hard,0.8333,0,190.3,450,0.0,0.0,1.0,-1664.37,0.5294
2343,18,library_hard,0.6667,0,126.5,450,0.0,0.0,1.0,-1930.48,0.5276
2344,18,library_hard,0.5,0,143.0,450,0.0,0.0,1.0,-2895.78,0.5253
2345,18,library_hard,0.5,0,116.17,450,0.0,0.0,1.0,-2703.83,0.5231
2346,18,library_hard,0.5833,0,95.14,450,0.0,0.0,1.0,-2226.67,0.5212
2347,18,library_hard,0.75,0,135.0,450,0.0067,0.0005,1.0,-1635.8,0.5195
2348,18,library_hard,0.5833,0,125.0,450,0.0691,0.0363,1.0282,-2462.6,0.5175
2349,18,library_hard,0.5,0,167.17,450,0.0,0.0,1.0,-2978.5,0.5151
2350,18,library_hard,0.4167,0,149.2,450,0.0,0.0,1.0,-3332.58,0.5126
2351,18,library_hard,0.5,0,113.0,450,0.0,0.0,1.0,-2714.47,0.5104
2352,18,library_hard,0.75,0,189.44,450,0.0,0.0,1.0,-2035.79,0.5084
2353,18,library_hard,0.75,0,166.44,450,0.0,0.0,1.0,-1842.62,0.5066
2354,18,library_hard,0.8333,0,124.9,450,0.0,0.0,1.0,-1070.92,0.5052
2355,18,library_hard,0.8333,0,141.7,450,0.0,0.0,1.0,-1263.74,0.5037
2356,18,library_hard,0.8333,0,161.1,450,0.0,0.0,1.0,-1435.4,0.5021
2357,18,library_hard,0.8333,0,123.6,450,0.0,0.0,1.0,-1075.35,0.5007
2358,18,library_hard,0.75,0,115.56,450,0.0,0.0,1.0,-1431.25,0.4991
2359,18,library_hard,0.8333,0,167.8,450,0.0,0.0,1.0,-1496.39,0.4975
2360,18,library_hard,0.8333,0,145.6,450,0.0,0.0,1.0,-1271.95,0.496
2361,18,library_hard,0.75,0,167.78,450,0.0,0.0,1.0,-1867.59,0.4941
2362,18,library_hard,0.75,0,149.22,450,0.0,0.0,1.0,-1707.47,0.4924
2363,18,library_hard,0.8333,0,128.2,450,0.0,0.0,1.0,-1104.4,0.491
2364,18,library_hard,0.9167,0,156.64,450,0.0,0.0,1.0,-997.89,0.4895
2365,18,library_hard,0.75,0,117.0,450,0.0,0.0,1.0,-1456.92,0.488
2366,18,library_hard,0.75,0,162.22,450,0.0,0.0,1.0,-1773.87,0.4862
2367,18,library_hard,0.8333,0,135.2,450,0.0,0.0,1.0,-1157.45,0.4847
2368,18,library_hard,0.9167,0,146.18,450,0.0,0.0,1.0,-920.42,0.4834
2369,18,library_hard,0.8333,0,137.9,450,0.0,0.0,1.0,-1182.32,0.4819
2370,18,library_hard,0.8333,0,142.2,450,0.0,0.0,1.0,-1271.12,0.4804
2371,18,library_hard,0.8333,0,132.9,450,0.0,0.0,1.0,-1141.33,0.479
2372,18,library_hard,0.9167,0,181.55,450,0.0,0.0,1.0,-1235.14,0.4774
2373,18,library_hard,0.75,0,148.33,450,0.0,0.0,1.0,-1638.04,0.4757
2374,18,library_hard,0.75,0,121.11,450,0.0,0.0,1.0,-1536.8,0.4741
2375,18,library_hard,0.8333,0,184.5,450,0.0,0.0,1.0,-1619.92,0.4723
2376,18,library_hard,0.75,0,165.56,450,0.0,0.0,1.0,-1833.46,0.4705
2377,18,library_hard,0.8333,0,155.2,450,0.0,0.0,1.0,-1348.45,0.4689
2378,18,library_hard,0.9167,0,151.09,450,0.0,0.0,1.0,-955.4,0.4675
2379,18,library_hard,0.9167,0,132.09,450,0.0,0.0,1.0,-728.51,0.4663
2380,18,library_hard,0.9167,0,131.73,450,0.0,0.0,1.0,-740.67,0.4651
