episode_global,stage,map_name,evacuation_rate,all_evacuated,mean_evac_time,steps,mean_emotion_final,emotion_variance,mean_speed_ratio,total_reward,epsilon
1,1,mall_small,0.0,0,300,300,0.0,0.0,1.0,-1179.3,1.0
2,1,mall_small,0.0,0,300,300,0.0,0.0,1.0,-1188.27,0.9971
3,1,mall_small,0.0,0,300,300,0.0,0.0,1.0,-1179.79,0.9883
4,1,mall_small,0.0,0,300,300,0.0,0.0,1.0,-1188.99,0.9795
5,1,mall_small,0.0,0,300,300,0.0,0.0,1.0,-1177.96,0.9708
6,1,mall_small,0.0,0,300,300,0.0,0.0,1.0,-1186.76,0.962
7,1,mall_small,0.0,0,300,300,0.0,0.0,1.0,-1176.49,0.9532
8,1,mall_small,0.0,0,300,300,0.0,0.0,1.0,-1164.38,0.9445
9,1,mall_small,0.0,0,300,300,0.0,0.0,1.0,-1180.34,0.9357
10,1,mall_small,0.0,0,300,300,0.0,0.0,1.0,-1166.68,0.9269
11,1,mall_small,0.0,0,300,300,0.0,0.0,1.0,-1157.47,0.9182
12,1,mall_small,0.0,0,300,300,0.0,0.0,1.0,-1148.7,0.9094
13,1,mall_small,0.0,0,300,300,0.0,0.0,1.0,-1150.55,0.9006
14,1,mall_small,0.0,0,300,300,0.0,0.0,1.0,-1162.81,0.8918
15,1,mall_small,0.0,0,300,300,0.0,0.0,1.0,-1164.38,0.8831
16,1,mall_small,0.0,0,300,300,0.0,0.0,1.0,-1186.71,0.8743
17,1,mall_small,0.25,0,78.0,300,0.0,0.0,1.0,-882.12,0.8672
18,1,mall_small,0.0,0,300,300,0.0,0.0,1.0,-1169.87,0.8584
19,1,mall_small,0.25,0,20.0,300,0.0,0.0,1.0,-818.9,0.8517
20,1,mall_small,0.25,0,132.0,300,0.0,0.0,1.0,-900.8,0.8441
21,1,mall_small,0.0,0,300,300,0.0,0.0,1.0,-1151.53,0.8354
22,1,mall_small,0.0,0,300,300,0.0,0.0,1.0,-1161.35,0.8266
23,1,mall_small,0.0,0,300,300,0.0,0.0,1.0,-1146.07,0.8178
24,1,mall_small,0.25,0,16.0,300,0.0,0.0,1.0,-787.06,0.8111
25,1,mall_small,0.0,0,300,300,0.0,0.0,1.0,-1165.15,0.8024
26,1,mall_small,0.25,0,46.0,300,0.0,0.0,1.0,-811.68,0.7954
27,1,mall_small,0.5,0,63.0,300,0.0,0.0,1.0,-507.15,0.7902
28,1,mall_small,0.25,0,217.0,300,0.0,0.0,1.0,-1003.43,0.782
29,1,mall_small,0.5,0,96.0,300,0.0,0.0,1.0,-555.51,0.7762
30,1,mall_small,0.5,0,131.5,300,0.0,0.0,1.0,-665.55,0.7699
31,1,mall_small,0.25,0,104.0,300,0.0,0.0,1.0,-877.87,0.7626
32,1,mall_small,0.5,0,129.0,300,0.0,0.0,1.0,-640.75,0.7563
33,1,mall_small,0.25,0,113.0,300,0.0,0.0,1.0,-881.41,0.7489
34,1,mall_small,0.25,0,150.0,300,0.0,0.0,1.0,-921.94,0.7412
35,1,mall_small,0.25,0,188.0,300,0.0,0.0,1.0,-942.53,0.7332
36,1,mall_small,0.25,0,241.0,300,0.0,0.0,1.0,-993.57,0.7249
37,1,mall_small,0.5,0,152.0,300,0.0,0.0,1.0,-665.23,0.7183
38,1,mall_small,0.25,0,116.0,300,0.0,0.0,1.0,-900.85,0.7109
39,1,mall_small,0.5,0,234.0,300,0.0,0.0,1.0,-837.72,0.7031
40,1,mall_small,0.5,0,118.0,300,0.0,0.0,1.0,-624.61,0.697
41,1,mall_small,0.5,0,222.0,300,0.0,0.0,1.0,-833.74,0.6893
42,1,mall_small,0.5,0,157.5,300,0.0,0.0,1.0,-702.52,0.6826
43,1,mall_small,0.5,0,64.0,300,0.0,0.0,1.0,-504.21,0.6773
44,1,mall_small,0.5,0,150.5,300,0.0,0.0,1.0,-672.74,0.6707
45,1,mall_small,0.5,0,156.5,300,0.0,0.0,1.0,-668.8,0.6641
46,1,mall_small,0.75,0,163.0,300,0.0,0.0,1.0,-481.77,0.6583
47,1,mall_small,0.5,0,273.5,300,0.0,0.0,1.0,-898.19,0.6499
48,1,mall_small,0.5,0,105.5,300,0.0,0.0,1.0,-591.22,0.644
49,1,mall_small,0.5,0,178.5,300,0.0,0.0,1.0,-719.33,0.637
50,1,mall_small,0.5,0,74.0,300,0.0,0.0,1.0,-533.25,0.6315
51,1,mall_small,0.5,0,158.0,300,0.0,0.0,1.0,-681.31,0.6249
52,1,mall_small,1.0,1,134.25,241,0.0,0.0,1.0,-152.72,0.6209
53,1,mall_small,0.75,0,200.33,300,0.0,0.0,1.0,-556.12,0.6143
54,1,mall_small,0.75,0,143.0,300,0.0,0.0,1.0,-415.46,0.609
55,1,mall_small,1.0,1,164.5,250,0.0,0.0,1.0,-260.81,0.6042
56,1,mall_small,1.0,1,126.0,226,0.0,0.0,1.0,-126.26,0.6005
57,1,mall_small,0.75,0,104.33,300,0.0,0.0,1.0,-324.35,0.596
58,1,mall_small,0.25,0,188.0,300,0.0,0.0,1.0,-952.6,0.5881
59,1,mall_small,1.0,1,181.0,220,0.0,0.0,1.0,-291.1,0.5828
60,1,mall_small,1.0,1,142.75,269,0.0,0.0,1.0,-191.46,0.5786
61,1,mall_small,0.75,0,122.33,300,0.0,0.0,1.0,-357.39,0.5738
62,1,mall_small,0.75,0,222.0,300,0.0,0.0,1.0,-634.73,0.5667
63,1,mall_small,1.0,1,149.25,241,0.0,0.0,1.0,-198.58,0.5623
64,1,mall_small,0.75,0,63.67,300,0.0,0.0,1.0,-212.07,0.5587
65,1,mall_small,1.0,1,132.0,236,0.0,0.0,1.0,-111.98,0.5549
66,1,mall_small,0.75,0,143.67,300,0.0,0.0,1.0,-409.85,0.5496
67,1,mall_small,1.0,1,111.0,216,0.0,0.0,1.0,-63.89,0.5463
68,1,mall_small,1.0,1,142.25,228,0.0,0.0,1.0,-177.33,0.5421
69,1,mall_small,0.75,0,92.67,300,0.0,0.0,1.0,-295.27,0.5379
70,1,mall_small,0.75,0,128.0,300,0.0,0.0,1.0,-364.02,0.5329
71,1,mall_small,0.75,0,192.33,300,0.0,0.0,1.0,-547.86,0.5265
72,1,mall_small,0.75,0,129.67,300,0.0,0.0,1.0,-385.2,0.5215
73,1,mall_small,1.0,1,128.75,274,0.0,0.0,1.0,-112.76,0.5177
74,1,mall_small,0.75,0,121.0,300,0.0,0.0,1.0,-326.88,0.5129
75,1,mall_small,0.75,0,116.0,300,0.0,0.0,1.0,-339.31,0.5081
76,1,mall_small,1.0,1,82.5,130,0.0,0.0,1.0,50.14,0.5057
77,1,mall_small,1.0,1,155.25,296,0.0,0.0,1.0,-211.82,0.5012
78,2,school_small,0.0,0,300,300,0.0,0.0,1.0,-1178.03,0.9937
79,2,school_small,0.0,0,300,300,0.0,0.0,1.0,-1189.55,0.9873
80,2,school_small,0.0,0,300,300,0.0,0.0,1.0,-1197.19,0.981
81,2,school_small,0.0,0,300,300,0.0,0.0,1.0,-1191.1,0.9747
82,2,school_small,0.25,0,251.0,300,0.0,0.0,1.0,-1053.76,0.9686
83,2,school_small,0.0,0,300,300,0.0,0.0,1.0,-1177.84,0.9623
84,2,school_small,0.0,0,300,300,0.0,0.0,1.0,-1184.54,0.9559
85,2,school_small,0.0,0,300,300,0.0,0.0,1.0,-1189.92,0.9496
86,2,school_small,0.25,0,240.0,300,0.0,0.0,1.0,-1032.68,0.9436
87,2,school_small,0.0,0,300,300,0.0,0.0,1.0,-1196.76,0.9373
88,2,school_small,0.0,0,300,300,0.0,0.0,1.0,-1192.35,0.9309
89,2,school_small,0.0,0,300,300,0.0,0.0,1.0,-1185.76,0.9246
90,2,school_small,0.0,0,300,300,0.0,0.0,1.0,-1188.46,0.9183
91,2,school_small,0.0,0,300,300,0.0,0.0,1.0,-1209.5,0.9119
92,2,school_small,0.0,0,300,300,0.0,0.0,1.0,-1178.91,0.9056
93,2,school_small,0.25,0,255.0,300,0.0,0.0,1.0,-1061.41,0.8995
94,2,school_small,0.25,0,49.0,300,0.0,0.0,1.0,-852.26,0.8945
95,2,school_small,0.25,0,32.0,300,0.0,0.0,1.0,-839.14,0.8896
96,2,school_small,0.25,0,29.0,300,0.0,0.0,1.0,-831.92,0.8846
97,2,school_small,0.0,0,300,300,0.0,0.0,1.0,-1185.98,0.8783
98,2,school_small,0.25,0,100.0,300,0.0,0.0,1.0,-903.11,0.873
99,2,school_small,0.25,0,104.0,300,0.0,0.0,1.0,-908.53,0.8677
100,2,school_small,0.5,0,167.5,300,0.0,0.0,1.0,-732.97,0.8628
101,2,school_small,0.25,0,35.0,300,0.0,0.0,1.0,-817.25,0.8579
102,2,school_small,0.0,0,300,300,0.0,0.0,1.0,-1212.26,0.8515
103,2,school_small,0.0,0,300,300,0.0,0.0,1.0,-1187.04,0.8452
104,2,school_small,0.25,0,71.0,300,0.0,0.0,1.0,-868.21,0.8401
105,2,school_small,0.25,0,235.0,300,0.0,0.0,1.0,-1033.29,0.8341
106,2,school_small,0.25,0,188.0,300,0.0,0.0,1.0,-973.98,0.8283
107,2,school_small,0.25,0,48.0,300,0.0,0.0,1.0,-826.51,0.8233
108,2,school_small,0.0,0,300,300,0.0,0.0,1.0,-1185.07,0.817
109,2,school_small,0.0,0,300,300,0.0,0.0,1.0,-1171.08,0.8107
110,2,school_small,0.5,0,110.0,300,0.0,0.0,1.0,-596.77,0.8063
111,2,school_small,0.0,0,300,300,0.0,0.0,1.0,-1189.72,0.8
112,2,school_small,0.5,0,167.5,300,0.0,0.0,1.0,-730.57,0.7951
113,2,school_small,0.5,0,157.0,300,0.0,0.0,1.0,-722.03,0.7903
114,2,school_small,0.0,0,300,300,0.0,0.0,1.0,-1183.67,0.7839
115,2,school_small,0.75,0,177.0,300,0.0,0.0,1.0,-511.46,0.7795
116,2,school_small,0.25,0,68.0,300,0.0,0.0,1.0,-846.68,0.7744
117,2,school_small,0.75,0,131.33,300,0.0,0.0,1.0,-391.68,0.7708
118,2,school_small,0.25,0,175.0,300,0.0,0.0,1.0,-948.22,0.7651
119,2,school_small,0.25,0,23.0,300,0.0,0.0,1.0,-803.37,0.7602
120,2,school_small,0.25,0,199.0,300,0.0,0.0,1.0,-967.37,0.7544
121,2,school_small,0.5,0,149.0,300,0.0,0.0,1.0,-686.7,0.7497
122,2,school_small,0.0,0,300,300,0.0,0.0,1.0,-1159.73,0.7434
123,2,school_small,0.5,0,231.5,300,0.0,0.0,1.0,-865.6,0.7377
124,2,school_small,0.5,0,137.5,300,0.0,0.0,1.0,-685.59,0.7331
125,2,school_small,0.5,0,243.0,300,0.0,0.0,1.0,-837.23,0.7274
126,2,school_small,0.25,0,263.0,300,0.0,0.0,1.0,-1015.26,0.7212
127,2,school_small,0.25,0,113.0,300,0.0,0.0,1.0,-887.16,0.7159
128,2,school_small,0.5,0,134.0,300,0.0,0.0,1.0,-621.96,0.7113
129,2,school_small,0.5,0,149.5,300,0.0,0.0,1.0,-638.2,0.7066
130,2,school_small,0.5,0,165.0,300,0.0,0.0,1.0,-708.71,0.7017
131,2,school_small,0.25,0,180.0,300,0.0,0.0,1.0,-940.9,0.696
132,2,school_small,0.5,0,164.0,300,0.0,0.0,1.0,-675.4,0.6911
133,2,school_small,0.25,0,230.0,300,0.0,0.0,1.0,-1000.73,0.6851
134,2,school_small,0.5,0,97.5,300,0.0,0.0,1.0,-570.2,0.6809
135,2,school_small,0.5,0,124.5,300,0.0,0.0,1.0,-626.78,0.6764
136,2,school_small,0.25,0,107.0,300,0.0,0.0,1.0,-847.45,0.6711
137,2,school_small,1.0,1,147.0,268,0.0,0.0,1.0,-172.13,0.668
138,2,school_small,0.5,0,198.5,300,0.0,0.0,1.0,-770.96,0.6627
139,2,school_small,0.5,0,222.5,300,0.0,0.0,1.0,-777.62,0.6572
140,2,school_small,0.5,0,190.0,300,0.0,0.0,1.0,-750.11,0.6521
141,2,school_small,0.25,0,89.0,300,0.0,0.0,1.0,-843.63,0.6469
142,2,school_small,0.25,0,227.0,300,0.0,0.0,1.0,-916.44,0.6409
143,2,school_small,0.25,0,92.0,300,0.0,0.0,1.0,-844.27,0.6357
144,2,school_small,0.5,0,108.0,300,0.0,0.0,1.0,-560.56,0.6314
145,2,school_small,0.75,0,211.0,300,0.0,0.0,1.0,-548.0,0.6264
146,2,school_small,0.5,0,140.0,300,0.0,0.0,1.0,-649.42,0.6218
147,2,school_small,0.5,0,114.5,300,0.0,0.0,1.0,-583.3,0.6174
148,2,school_small,0.5,0,195.0,300,0.0,0.0,1.0,-722.29,0.6122
149,2,school_small,0.75,0,207.33,300,0.0,0.0,1.0,-613.36,0.6073
150,2,school_small,0.75,0,163.0,300,0.0,0.0,1.0,-464.75,0.6032
151,2,school_small,0.5,0,111.0,300,0.0,0.0,1.0,-551.82,0.5988
152,2,school_small,0.75,0,113.0,300,0.0,0.0,1.0,-301.63,0.5954
153,2,school_small,0.75,0,113.0,300,0.0,0.0,1.0,-409.55,0.5921
154,2,school_small,0.75,0,119.67,300,0.0,0.0,1.0,-334.3,0.5886
155,2,school_small,0.75,0,170.67,300,0.0,0.0,1.0,-470.49,0.5843
156,2,school_small,0.75,0,210.0,300,0.0,0.0,1.0,-587.45,0.5794
157,2,school_small,0.0,0,300,300,0.0,0.0,1.0,-1220.44,0.5731
158,2,school_small,0.75,0,160.0,300,0.0,0.0,1.0,-477.38,0.569
159,2,school_small,0.75,0,127.0,300,0.0,0.0,1.0,-371.56,0.5654
160,2,school_small,0.25,0,272.0,300,0.0,0.0,1.0,-1060.54,0.5592
161,2,school_small,0.75,0,152.0,300,0.0,0.0,1.0,-444.79,0.5552
162,2,school_small,1.0,1,138.5,231,0.0,0.0,1.0,-128.63,0.5523
163,2,school_small,0.75,0,114.0,300,0.0,0.0,1.0,-303.62,0.5489
164,2,school_small,0.5,0,195.0,300,0.0,0.0,1.0,-703.54,0.5436
165,2,school_small,1.0,1,204.5,296,0.0,0.0,1.0,-340.96,0.5393
166,2,school_small,1.0,1,141.75,289,0.0,0.0,1.0,-120.44,0.5363
167,2,school_small,0.5,0,131.0,300,0.0,0.0,1.0,-630.74,0.5318
168,2,school_small,0.75,0,156.33,300,0.0,0.0,1.0,-434.34,0.5277
169,2,school_small,0.75,0,183.33,300,0.0,0.0,1.0,-501.73,0.5232
170,2,school_small,0.5,0,174.0,300,0.0,0.0,1.0,-702.87,0.5182
171,2,school_small,0.75,0,240.33,300,0.0,0.0,1.0,-674.74,0.5129
172,2,school_small,0.75,0,142.0,300,0.0,0.0,1.0,-411.02,0.509
173,2,school_small,0.75,0,155.33,300,0.0,0.0,1.0,-381.13,0.505
174,2,school_small,1.0,1,137.25,183,0.0,0.0,1.0,-125.37,0.5021
175,2,school_small,1.0,1,132.5,233,0.0,0.0,1.0,-84.86,0.4993
176,2,school_small,1.0,1,129.0,227,0.0,0.0,1.0,-78.78,0.4966
177,2,school_small,1.0,1,122.5,250,0.0,0.0,1.0,-60.23,0.494
178,2,school_small,0.75,0,88.0,300,0.0,0.0,1.0,-274.72,0.491
179,2,school_small,1.0,1,143.75,211,0.0,0.0,1.0,-184.24,0.488
180,2,school_small,0.75,0,191.0,300,0.0,0.0,1.0,-556.62,0.4833
181,2,school_small,0.75,0,129.0,300,0.0,0.0,1.0,-381.41,0.4797
182,2,school_small,1.0,1,182.25,251,0.0,0.0,1.0,-263.74,0.4759
183,2,school_small,1.0,1,160.25,229,0.0,0.0,1.0,-197.05,0.4725
184,2,school_small,0.75,0,159.67,300,0.0,0.0,1.0,-439.67,0.4684
185,2,school_small,1.0,1,161.5,284,0.0,0.0,1.0,-169.86,0.465
186,2,school_small,1.0,1,153.0,243,0.0,0.0,1.0,-175.39,0.4618
187,2,school_small,1.0,1,127.75,237,0.0,0.0,1.0,-59.84,0.459
188,3,office_wing_small,0.0,0,300,300,0.25,0.1875,1.075,-1447.56,0.9937
189,3,office_wing_small,0.25,0,81.0,300,0.205,0.1261,1.075,-993.93,0.9885
190,3,office_wing_small,0.0,0,300,300,0.0,0.0,1.0,-1205.47,0.9822
191,3,office_wing_small,0.0,0,300,300,0.25,0.1875,1.075,-1559.86,0.9758
192,3,office_wing_small,0.25,0,207.0,300,0.0,0.0,1.0,-1005.27,0.97
193,3,office_wing_small,0.0,0,300,300,0.0,0.0,1.0,-1214.51,0.9636
194,3,office_wing_small,0.5,0,113.5,300,0.25,0.1875,1.075,-710.46,0.9593
195,3,office_wing_small,0.0,0,300,300,0.25,0.1875,1.075,-1572.72,0.953
196,3,office_wing_small,0.0,0,300,300,0.0,0.0,1.0,-1200.98,0.9466
197,3,office_wing_small,0.25,0,173.0,300,0.49,0.2403,1.1345,-1301.54,0.941
198,3,office_wing_small,0.0,0,300,300,0.0,0.0,1.0,-1198.06,0.9346
199,3,office_wing_small,0.0,0,300,300,0.0,0.0,1.0,-1222.46,0.9283
200,3,office_wing_small,0.5,0,188.5,300,0.0,0.0,1.0,-791.51,0.9231
201,3,office_wing_small,0.25,0,214.0,300,0.0,0.0,1.0,-1019.0,0.9173
202,3,office_wing_small,0.0,0,300,300,0.25,0.1875,1.075,-1560.25,0.9109
203,3,office_wing_small,0.0,0,300,300,0.0,0.0,1.0,-1183.34,0.9046
204,3,office_wing_small,0.5,0,240.0,300,0.0,0.0,1.0,-892.52,0.8989
205,3,office_wing_small,0.0,0,300,300,0.0,0.0,1.0003,-1171.09,0.8926
206,3,office_wing_small,0.5,0,60.5,300,0.0,0.0,1.0013,-936.78,0.8887
207,3,office_wing_small,0.25,0,263.0,300,0.0,0.0,1.0,-1064.33,0.8826
208,3,office_wing_small,0.5,0,217.5,300,0.0,0.0,1.0,-853.86,0.8772
209,3,office_wing_small,0.25,0,63.0,300,0.25,0.1875,1.075,-981.16,0.8721
210,3,office_wing_small,0.25,0,290.0,300,0.0,0.0,1.0,-1084.51,0.8658
211,3,office_wing_small,0.5,0,55.0,300,0.0,0.0,1.0,-510.68,0.862
212,3,office_wing_small,0.5,0,228.0,300,0.0,0.0,1.0,-850.35,0.8565
213,3,office_wing_small,0.5,0,182.5,300,0.0,0.0,1.0,-892.39,0.8514
214,3,office_wing_small,0.5,0,96.0,300,0.0,0.0,1.0002,-608.23,0.8472
215,3,office_wing_small,0.0,0,300,300,0.0,0.0,1.0,-1175.93,0.8409
216,3,office_wing_small,0.5,0,124.5,300,0.0,0.0,1.0,-669.98,0.8364
217,3,office_wing_small,0.75,0,91.67,300,0.0,0.0,1.0,-308.14,0.8333
218,3,office_wing_small,0.25,0,116.0,300,0.0,0.0,1.0,-882.84,0.828
219,3,office_wing_small,0.5,0,90.0,300,0.0,0.0,1.0,-578.6,0.8239
220,3,office_wing_small,0.5,0,286.0,300,0.0,0.0,1.0,-1097.44,0.8177
221,3,office_wing_small,0.5,0,188.5,300,0.25,0.1875,1.075,-1011.15,0.8125
222,3,office_wing_small,0.25,0,263.0,300,0.0,0.0,1.0,-1213.66,0.8064
223,3,office_wing_small,0.75,0,123.0,300,0.03,0.0027,1.0,-399.91,0.8029
224,3,office_wing_small,0.5,0,66.5,300,0.0,0.0,1.0,-560.33,0.799
225,3,office_wing_small,0.75,0,114.33,300,0.0,0.0,1.0,-382.63,0.7956
226,3,office_wing_small,0.0,0,300,300,0.0,0.0,1.0,-1153.34,0.7893
227,3,office_wing_small,0.0,0,300,300,0.295,0.1711,1.0863,-1642.51,0.7829
228,3,office_wing_small,0.5,0,112.5,300,0.0,0.0,1.0,-641.84,0.7786
229,3,office_wing_small,0.5,0,169.0,300,0.0,0.0,1.0,-716.48,0.7736
230,3,office_wing_small,0.5,0,85.5,300,0.0,0.0,1.0,-574.67,0.7696
231,3,office_wing_small,0.75,0,164.0,300,0.0,0.0,1.0,-616.69,0.7654
232,3,office_wing_small,0.5,0,110.5,300,0.5,0.25,1.1479,-807.88,0.761
233,3,office_wing_small,0.75,0,200.33,300,0.0,0.0,1.0,-712.59,0.7563
234,3,office_wing_small,0.5,0,64.5,300,0.145,0.0631,1.0567,-574.56,0.7524
235,3,office_wing_small,0.25,0,216.0,300,0.0,0.0,1.0,-964.28,0.7465
236,3,office_wing_small,0.25,0,85.0,300,0.055,0.0091,1.0,-851.12,0.7413
237,3,office_wing_small,0.5,0,101.5,300,0.0,0.0,1.0,-605.01,0.7371
238,3,office_wing_small,0.5,0,72.5,300,0.005,0.0001,1.0,-548.74,0.7332
239,3,office_wing_small,0.25,0,84.0,300,0.25,0.1875,1.075,-874.44,0.728
240,3,office_wing_small,0.25,0,62.0,300,0.0,0.0,1.0,-835.52,0.7229
241,3,office_wing_small,0.5,0,218.5,300,0.0,0.0,1.0,-798.64,0.7174
242,3,office_wing_small,0.5,0,45.5,300,0.0,0.0,1.0,-484.19,0.7138
243,3,office_wing_small,0.5,0,101.5,300,0.25,0.1875,1.075,-780.59,0.7096
244,3,office_wing_small,0.25,0,123.0,300,0.02,0.0012,1.0037,-865.51,0.7041
245,3,office_wing_small,0.5,0,83.0,300,0.0,0.0,1.0,-561.28,0.7001
246,3,office_wing_small,1.0,1,138.0,225,0.0,0.0,1.0,-200.12,0.6972
247,3,office_wing_small,0.5,0,242.5,300,0.0,0.0,1.0,-864.99,0.6915
248,3,office_wing_small,1.0,1,110.75,187,0.0,0.0,1.0,-52.17,0.6891
249,3,office_wing_small,0.75,0,179.0,300,0.0,0.0,1.0,-529.43,0.6847
250,3,office_wing_small,1.0,1,174.0,276,0.0,0.0,1.0,-270.13,0.681
251,3,office_wing_small,0.25,0,283.0,300,0.0046,0.0001,1.0026,-990.91,0.6748
252,3,office_wing_small,0.0,0,300,300,0.25,0.1875,1.075,-1391.66,0.6685
253,3,office_wing_small,0.5,0,92.5,300,0.0,0.0,1.0,-574.12,0.6643
254,3,office_wing_small,0.75,0,164.33,300,0.0,0.0,1.0,-526.49,0.6601
255,3,office_wing_small,0.75,0,69.0,300,0.0,0.0,1.0,-197.1,0.6575
256,3,office_wing_small,0.5,0,93.5,300,0.0,0.0,1.0,-572.55,0.6533
257,3,office_wing_small,0.5,0,69.5,300,0.0,0.0,1.0,-524.55,0.6494
258,3,office_wing_small,0.5,0,54.0,300,0.25,0.1875,1.075,-676.49,0.6457
259,3,office_wing_small,0.25,0,62.0,300,0.0,0.0,1.0,-821.24,0.6406
260,3,office_wing_small,0.75,0,114.33,300,0.0,0.0,1.0,-340.41,0.6372
261,3,office_wing_small,0.5,0,71.5,300,0.0,0.0,1.0,-531.34,0.6333
262,3,office_wing_small,1.0,1,155.25,271,0.0,0.0,1.0,-222.53,0.63
263,3,office_wing_small,1.0,1,144.25,267,0.0,0.0,1.0,-164.1,0.6269
264,3,office_wing_small,0.75,0,153.0,300,0.0,0.0,1.0,-405.87,0.623
265,3,office_wing_small,1.0,1,126.25,223,0.0,0.0,1.0,-119.32,0.6203
266,3,office_wing_small,0.75,0,61.67,300,0.0,0.0,1.0,-199.85,0.6177
267,3,office_wing_small,0.5,0,201.0,300,0.0,0.0,1.0,-680.09,0.6124
268,3,office_wing_small,0.75,0,154.0,300,0.0,0.0,1.0,-429.37,0.6084
269,3,office_wing_small,0.75,0,184.33,300,0.42,0.1892,1.15,-620.67,0.6039
270,3,office_wing_small,1.0,1,91.75,165,0.0,0.0,1.0,-59.3,0.602
271,3,office_wing_small,1.0,1,147.5,238,0.0,0.0,1.0,-181.54,0.5989
272,3,office_wing_small,1.0,1,194.75,295,0.0,0.0,1.0,-330.32,0.5948
273,3,office_wing_small,0.75,0,133.67,300,0.0,0.0,1.0,-502.22,0.5911
274,3,office_wing_small,1.0,1,181.0,237,0.0,0.0,1.0,-354.99,0.5872
275,3,office_wing_small,1.0,1,72.75,115,0.0,0.0,1.0,68.03,0.5857
276,3,office_wing_small,1.0,1,133.0,252,0.0,0.0,1.0,-116.3,0.5829
277,3,office_wing_small,0.75,0,137.0,300,0.0,0.0,1.0,-372.08,0.5791
278,3,office_wing_small,1.0,1,142.5,259,0.0,0.0,1.0,-146.13,0.5761
279,3,office_wing_small,0.75,0,91.0,300,0.0,0.0,1.0,-256.99,0.5731
280,3,office_wing_small,0.5,0,80.5,300,0.0,0.0,1.0,-507.62,0.5691
281,3,office_wing_small,1.0,1,65.25,140,0.0,0.0,1.0,100.0,0.5677
282,3,office_wing_small,1.0,1,129.75,248,0.0,0.0,1.0,-132.18,0.565
283,3,office_wing_small,1.0,1,149.5,265,0.0,0.0,1.0,-162.72,0.5618
284,3,office_wing_small,1.0,1,124.5,229,0.07,0.0147,1.0382,-199.99,0.5592
285,4,library_small,0.0,0,300,300,0.5,0.25,1.15,-1558.81,0.9937
286,4,library_small,0.0,0,300,300,0.0,0.0,1.0,-1192.37,0.9873
287,4,library_small,0.0,0,300,300,0.18,0.0972,1.0386,-1518.5,0.981
288,4,library_small,0.25,0,16.0,300,0.25,0.1875,1.075,-1161.54,0.9762
289,4,library_small,0.0,0,300,300,0.2615,0.1821,1.0783,-1602.26,0.9698
290,4,library_small,0.25,0,200.0,300,0.25,0.1875,1.075,-1235.06,0.964
291,4,library_small,0.25,0,40.0,300,0.0,0.0,1.0,-919.56,0.9591
292,4,library_small,0.0,0,300,300,0.0,0.0,1.0,-1354.69,0.9527
293,4,library_small,0.0,0,300,300,0.5,0.25,1.15,-1942.85,0.9464
294,4,library_small,0.5,0,127.0,300,0.0,0.0,1.0,-670.81,0.9419
295,4,library_small,0.0,0,300,300,0.5,0.25,1.15,-1475.18,0.9356
296,4,library_small,0.25,0,208.0,300,0.0,0.0,1.0,-1027.59,0.9297
297,4,library_small,0.25,0,32.0,300,0.5,0.25,1.15,-1229.48,0.9248
298,4,library_small,0.25,0,225.0,300,0.5,0.25,1.15,-1307.42,0.9189
299,4,library_small,0.0,0,300,300,0.0,0.0,1.0,-1170.98,0.9125
300,4,library_small,0.0,0,300,300,0.4345,0.1973,1.1199,-1273.64,0.9062
301,4,library_small,0.25,0,24.0,300,0.5,0.25,1.15,-1280.86,0.9013
302,4,library_small,0.5,0,125.0,300,0.25,0.1875,1.075,-961.53,0.8968
303,4,library_small,0.25,0,20.0,300,0.25,0.1875,1.075,-904.56,0.892
304,4,library_small,0.5,0,161.5,300,0.25,0.1875,1.075,-928.24,0.8871
305,4,library_small,0.0,0,300,300,0.25,0.1875,1.075,-1379.98,0.8808
306,4,library_small,0.0,0,300,300,0.75,0.1875,1.225,-1861.66,0.8744
307,4,library_small,0.0,0,300,300,0.75,0.1875,1.225,-1708.7,0.8681
308,4,library_small,0.0,0,300,300,0.2,0.12,1.075,-1206.09,0.8618
309,4,library_small,0.0,0,300,300,0.3797,0.1562,1.1157,-1310.32,0.8554
310,4,library_small,0.5,0,74.0,300,0.25,0.1875,1.075,-738.04,0.8515
311,4,library_small,0.0,0,300,300,0.25,0.1875,1.075,-1303.3,0.8452
312,4,library_small,0.25,0,98.0,300,0.455,0.2111,1.15,-1074.2,0.8399
313,4,library_small,0.5,0,43.5,300,0.0,0.0,1.0,-510.59,0.8363
314,4,library_small,0.0,0,300,300,0.242,0.1272,1.075,-1225.43,0.8299
315,4,library_small,0.0,0,300,300,0.0,0.0,1.0,-1184.66,0.8236
316,4,library_small,0.25,0,160.0,300,0.145,0.0631,1.0567,-991.3,0.818
317,4,library_small,0.0,0,300,300,0.2197,0.06,1.0751,-1492.79,0.8117
318,4,library_small,0.25,0,52.0,300,0.5,0.25,1.15,-1026.68,0.8066
319,4,library_small,0.0,0,300,300,0.0,0.0,1.0,-1183.92,0.8003
320,4,library_small,0.0,0,300,300,0.25,0.1875,1.075,-1314.6,0.794
321,4,library_small,0.25,0,109.0,300,0.0,0.0,1.0,-878.57,0.7887
322,4,library_small,0.25,0,120.0,300,0.0,0.0,1.0,-984.33,0.7833
323,4,library_small,0.25,0,100.0,300,0.5,0.25,1.1483,-936.06,0.778
324,4,library_small,0.0,0,300,300,0.0,0.0,1.0,-1319.71,0.7717
325,4,library_small,0.25,0,73.0,300,0.0,0.0,1.0,-892.63,0.7665
326,4,library_small,0.25,0,17.0,300,0.0,0.0,1.0,-845.21,0.7617
327,4,library_small,0.0,0,300,300,0.005,0.0001,1.0026,-1238.16,0.7553
328,4,library_small,0.0,0,300,300,0.0,0.0,1.0,-1228.83,0.749
329,4,library_small,0.25,0,115.0,300,0.0,0.0,1.0,-970.83,0.7437
330,4,library_small,0.0,0,300,300,0.0,0.0,1.0,-1216.01,0.7373
331,4,library_small,0.5,0,208.5,300,0.0,0.0,1.0,-863.97,0.732
332,4,library_small,0.0,0,300,300,0.25,0.1875,1.0737,-1154.2,0.7256
333,4,library_small,0.25,0,295.0,300,0.0717,0.0148,1.0378,-1110.14,0.7193
334,4,library_small,0.25,0,209.0,300,0.0,0.0,1.0,-1048.83,0.7135
335,4,library_small,0.5,0,35.5,300,0.0,0.0,1.0,-475.07,0.7099
336,4,library_small,0.25,0,14.0,300,0.0,0.0,1.0,-860.25,0.7051
337,4,library_small,0.0,0,300,300,0.0,0.0,1.0,-1188.37,0.6988
338,4,library_small,0.25,0,17.0,300,0.0,0.0,1.0,-796.56,0.6939
339,4,library_small,0.0,0,300,300,0.0,0.0,1.0,-1252.74,0.6876
340,4,library_small,0.5,0,178.0,300,0.0479,0.0069,1.0195,-738.41,0.6826
341,4,library_small,0.25,0,31.0,300,0.0,0.0,1.0,-905.27,0.6776
342,4,library_small,0.25,0,192.0,300,0.0,0.0,1.0,-915.92,0.6719
343,4,library_small,0.75,0,89.33,300,0.0,0.0,1.0,-245.66,0.6689
344,4,library_small,0.5,0,231.0,300,0.0,0.0,1.0,-815.83,0.6633
345,4,library_small,0.5,0,88.0,300,0.0,0.0,1.0,-573.6,0.6592
346,4,library_small,0.5,0,124.5,300,0.0,0.0,1.0,-626.76,0.6547
347,4,library_small,0.0,0,300,300,0.0,0.0,1.0,-1177.79,0.6484
348,4,library_small,0.25,0,53.0,300,0.0,0.0,1.0,-844.13,0.6433
349,4,library_small,0.75,0,239.0,300,0.0,0.0,1.0,-703.15,0.638
350,4,library_small,0.75,0,150.0,300,0.0,0.0,1.0,-427.79,0.634
351,4,library_small,0.75,0,169.67,300,0.0,0.0,1.0,-545.19,0.6297
352,4,library_small,0.75,0,232.33,300,0.0,0.0,1.0,-661.03,0.6245
353,4,library_small,1.0,1,166.25,298,0.0,0.0,1.0,-293.36,0.621
354,4,library_small,0.75,0,81.33,300,0.0,0.0,1.0,-251.65,0.6181
355,4,library_small,0.75,0,186.67,300,0.0,0.0,1.0,-598.12,0.6136
356,4,library_small,0.75,0,204.0,300,0.0261,0.002,1.0064,-637.55,0.6087
357,4,library_small,0.75,0,160.67,300,0.165,0.0817,1.075,-491.93,0.6046
358,4,library_small,0.5,0,113.5,300,0.0,0.0,1.0,-649.3,0.6002
359,4,library_small,0.75,0,132.0,300,0.0,0.0,1.0,-491.11,0.5966
360,4,library_small,0.5,0,143.0,300,0.25,0.1875,1.075,-628.74,0.5919
361,4,library_small,0.75,0,224.0,300,0.0,0.0,1.0,-669.35,0.5868
362,4,library_small,1.0,1,99.5,158,0.0196,0.0012,1.0051,-9.1,0.5847
363,4,library_small,1.0,1,248.5,283,0.0,0.0,1.0,-587.94,0.5794
364,4,library_small,0.25,0,283.0,300,0.25,0.1875,1.075,-1041.31,0.5732
365,4,library_small,0.75,0,134.67,300,0.0,0.0,1.0,-380.96,0.5695
366,4,library_small,0.75,0,194.0,300,0.0,0.0,1.0017,-581.2,0.5648
367,4,library_small,0.5,0,210.0,300,0.0,0.0,1.0,-770.64,0.5594
368,4,library_small,1.0,1,171.75,296,0.0,0.0,1.0,-267.57,0.5558
369,4,library_small,0.75,0,112.67,300,0.25,0.1875,1.075,-308.48,0.5524
370,4,library_small,0.25,0,216.0,300,0.0,0.0,1.0,-936.62,0.5465
371,4,library_small,0.75,0,206.33,300,0.095,0.0235,1.0418,-621.0,0.5417
372,4,library_small,0.5,0,188.5,300,0.0,0.0,1.0,-754.91,0.5365
373,4,library_small,0.5,0,65.5,300,0.0,0.0,1.0,-497.03,0.5327
374,4,library_small,0.75,0,110.67,300,0.0,0.0,1.0,-350.4,0.5293
375,4,library_small,0.75,0,214.0,300,0.0,0.0,1.0,-606.9,0.5244
376,4,library_small,0.75,0,189.0,300,0.25,0.1875,1.0741,-530.78,0.5198
377,4,library_small,1.0,1,133.0,191,0.3372,0.1138,1.1122,-125.76,0.517
378,4,library_small,1.0,1,148.0,239,0.2599,0.0841,1.1125,-169.4,0.5139
379,4,library_small,1.0,1,169.5,279,0.0,0.0,1.0,-226.99,0.5103
380,4,library_small,0.75,0,75.33,300,0.0,0.0,1.0,-210.23,0.5075
381,4,library_small,1.0,1,120.75,193,0.0,0.0,1.0,-71.15,0.505
382,4,library_small,1.0,1,84.75,161,0.0,0.0,1.0,52.08,0.5032
383,4,library_small,0.75,0,149.33,300,0.105,0.0331,1.0408,-366.61,0.4992
384,4,library_small,1.0,1,70.25,144,0.0,0.0,1.0,120.41,0.4977
385,4,library_small,0.75,0,140.67,300,0.095,0.0271,1.0396,-377.69,0.4939
386,4,library_small,0.75,0,111.67,300,0.0,0.0,1.0,-324.03,0.4906
387,4,library_small,1.0,1,113.5,130,0.2073,0.0322,1.076,-34.53,0.4882
388,4,library_small,0.75,0,211.67,300,0.095,0.0271,1.0396,-601.81,0.4832
389,4,library_small,0.75,0,100.67,300,0.0,0.0,1.0,-273.38,0.4801
390,4,library_small,0.5,0,55.5,300,0.25,0.1875,1.075,-469.67,0.4763
391,4,library_small,1.0,1,190.75,273,0.08,0.0192,1.0388,-367.02,0.4723
392,4,library_small,0.75,0,116.33,300,0.0,0.0,1.0,-296.65,0.4689
393,4,library_small,1.0,1,115.5,235,0.0,0.0,1.0001,-53.07,0.4664
394,4,library_small,0.5,0,181.5,300,0.03,0.0027,1.008,-700.76,0.4614
395,4,library_small,0.75,0,149.0,300,0.25,0.1875,1.0748,-376.6,0.4574
396,4,library_small,1.0,1,168.5,291,0.135,0.0547,1.05,-231.68,0.4538
397,4,library_small,0.5,0,111.5,300,0.21,0.1323,1.075,-549.78,0.4495
398,4,library_small,1.0,1,80.75,180,0.0,0.0,1.0,75.31,0.4478
399,4,library_small,1.0,1,135.5,274,0.0,0.0,1.0,-118.74,0.4449
400,4,library_small,0.5,0,119.0,300,0.0,0.0,1.0011,-578.42,0.4405
401,5,mall_small_bottom,0.0,0,300,300,0.0,0.0,1.0,-1195.92,0.9937
402,5,mall_small_bottom,0.0,0,300,300,0.0,0.0,1.0,-1188.99,0.9873
403,5,mall_small_bottom,0.25,0,176.0,300,0.0,0.0,1.0,-974.92,0.9817
404,5,mall_small_bottom,0.25,0,110.0,300,0.0,0.0,1.0,-915.74,0.9763
405,5,mall_small_bottom,0.0,0,300,300,0.0,0.0,1.0,-1185.64,0.97
406,5,mall_small_bottom,0.0,0,300,300,0.0,0.0,1.0,-1186.03,0.9637
407,5,mall_small_bottom,0.0,0,300,300,0.0,0.0,1.0,-1179.36,0.9573
408,5,mall_small_bottom,0.0,0,300,300,0.0,0.0,1.0,-1176.11,0.951
409,5,mall_small_bottom,0.25,0,183.0,300,0.0,0.0,1.0,-985.75,0.9453
410,5,mall_small_bottom,0.0,0,300,300,0.0,0.0,1.0,-1177.3,0.9389
411,5,mall_small_bottom,0.0,0,300,300,0.0,0.0,1.0,-1172.2,0.9326
412,5,mall_small_bottom,0.0,0,300,300,0.0,0.0,1.0,-1167.63,0.9263
413,5,mall_small_bottom,0.0,0,300,300,0.0,0.0,1.0,-1183.31,0.9199
414,5,mall_small_bottom,0.0,0,300,300,0.0,0.0,1.0,-1184.71,0.9136
415,5,mall_small_bottom,0.0,0,300,300,0.0,0.0,1.0,-1161.71,0.9073
416,5,mall_small_bottom,0.0,0,300,300,0.0,0.0,1.0,-1178.11,0.9009
417,5,mall_small_bottom,0.0,0,300,300,0.0,0.0,1.0,-1183.5,0.8946
418,5,mall_small_bottom,0.5,0,131.5,300,0.0,0.0,1.0,-645.27,0.8901
419,5,mall_small_bottom,0.25,0,168.0,300,0.0,0.0,1.0,-965.53,0.8844
420,5,mall_small_bottom,0.25,0,233.0,300,0.0,0.0,1.0,-1013.07,0.8784
421,5,mall_small_bottom,0.25,0,248.0,300,0.0,0.0,1.0,-1036.27,0.8724
422,5,mall_small_bottom,0.0,0,300,300,0.0,0.0,1.0,-1163.99,0.866
423,5,mall_small_bottom,0.5,0,184.5,300,0.0,0.0,1.0,-769.75,0.8609
424,5,mall_small_bottom,0.0,0,300,300,0.0,0.0,1.0,-1167.0,0.8546
425,5,mall_small_bottom,0.25,0,248.0,300,0.0,0.0,1.0,-1019.67,0.8485
426,5,mall_small_bottom,0.5,0,162.0,300,0.0,0.0,1.0,-727.05,0.8437
427,5,mall_small_bottom,0.5,0,265.5,300,0.0,0.0,1.0,-913.32,0.8377
428,5,mall_small_bottom,0.25,0,245.0,300,0.0,0.0,1.0,-1018.63,0.8317
429,5,mall_small_bottom,0.25,0,71.0,300,0.0,0.0,1.0,-859.94,0.8265
430,5,mall_small_bottom,0.5,0,130.0,300,0.0,0.0,1.0,-657.74,0.822
431,5,mall_small_bottom,0.5,0,207.5,300,0.0,0.0,1.0,-814.03,0.8166
432,5,mall_small_bottom,0.5,0,193.5,300,0.0,0.0,1.0,-773.09,0.8114
433,5,mall_small_bottom,0.5,0,141.0,300,0.0,0.0,1.0,-671.44,0.8068
434,5,mall_small_bottom,0.25,0,211.0,300,0.0,0.0,1.0,-996.81,0.8009
435,5,mall_small_bottom,0.25,0,224.0,300,0.0,0.0,1.0,-1015.98,0.795
436,5,mall_small_bottom,0.75,0,158.33,300,0.0,0.0,1.0,-497.38,0.7909
437,5,mall_small_bottom,0.75,0,173.67,300,0.0,0.0,1.0,-539.7,0.7865
438,5,mall_small_bottom,0.75,0,216.67,300,0.0,0.0,1.0,-665.84,0.7815
439,5,mall_small_bottom,0.5,0,104.5,300,0.0,0.0,1.0,-592.05,0.7773
440,5,mall_small_bottom,0.0,0,300,300,0.0,0.0,1.0,-1159.31,0.7709
441,5,mall_small_bottom,1.0,1,202.5,289,0.0,0.0,1.0,-429.01,0.7667
442,5,mall_small_bottom,0.25,0,253.0,300,0.0,0.0,1.0,-1017.76,0.7606
443,5,mall_small_bottom,0.75,0,145.0,300,0.0,0.0,1.0,-444.81,0.7567
444,5,mall_small_bottom,0.75,0,128.33,300,0.0,0.0,1.0,-389.86,0.7531
445,5,mall_small_bottom,1.0,1,157.5,214,0.0,0.0,1.0,-257.81,0.7497
446,5,mall_small_bottom,0.5,0,80.5,300,0.0,0.0,1.0,-567.4,0.7457
447,5,mall_small_bottom,0.75,0,182.33,300,0.0,0.0,1.0,-562.43,0.7413
448,5,mall_small_bottom,0.75,0,155.33,300,0.0,0.0,1.0,-462.55,0.7372
449,5,mall_small_bottom,0.75,0,124.0,300,0.0,0.0,1.0,-384.7,0.7337
450,5,mall_small_bottom,0.5,0,177.5,300,0.0,0.0,1.0,-741.96,0.7286
451,5,mall_small_bottom,1.0,1,116.5,172,0.0,0.0,1.0,-98.15,0.7262
452,5,mall_small_bottom,0.75,0,238.33,300,0.0,0.0,1.0,-690.64,0.7208
453,5,mall_small_bottom,0.75,0,173.33,300,0.0,0.0,1.0,-526.21,0.7165
454,5,mall_small_bottom,0.75,0,125.33,300,0.0,0.0,1.0,-392.71,0.7129
455,5,mall_small_bottom,0.75,0,157.0,300,0.0,0.0,1.0,-478.37,0.7089
456,5,mall_small_bottom,0.75,0,130.0,300,0.0,0.0,1.0,-379.28,0.7052
457,5,mall_small_bottom,0.75,0,109.67,300,0.0,0.0,1.0,-335.76,0.7019
458,5,mall_small_bottom,1.0,1,162.75,215,0.0,0.0,1.0,-268.74,0.6985
459,5,mall_small_bottom,1.0,1,144.75,217,0.0,0.0,1.0,-196.42,0.6954
460,5,mall_small_bottom,0.5,0,237.5,300,0.0,0.0,1.0,-846.97,0.6897
461,5,mall_small_bottom,0.75,0,93.33,300,0.0,0.0,1.0,-290.82,0.6867
462,5,mall_small_bottom,0.75,0,156.0,300,0.0,0.0,1.0,-467.75,0.6826
463,5,mall_small_bottom,1.0,1,212.25,248,0.0,0.0,1.0,-461.68,0.6781
464,5,mall_small_bottom,1.0,1,57.25,98,0.0,0.0,1.0,132.3,0.6769
465,5,mall_small_bottom,1.0,1,121.5,206,0.0,0.0,1.0,-94.38,0.6744
466,5,mall_small_bottom,1.0,1,96.5,147,0.0,0.0,1.0,-11.1,0.6723
467,5,mall_small_bottom,1.0,1,170.25,231,0.0,0.0,1.0,-276.83,0.6687
468,5,mall_small_bottom,1.0,1,143.25,261,0.0,0.0,1.0,-203.34,0.6657
469,5,mall_small_bottom,1.0,1,118.25,227,0.0,0.0,1.0,-80.7,0.6632
470,5,mall_small_bottom,1.0,1,126.0,179,0.0,0.0,1.0,-125.29,0.6606
471,6,library_small_bottom,0.0,0,300,300,0.5,0.25,1.1491,-1789.13,0.9937
472,6,library_small_bottom,0.0,0,300,300,0.25,0.1875,1.075,-1230.34,0.9873
473,6,library_small_bottom,0.25,0,36.0,300,0.25,0.1875,1.075,-1011.65,0.9824
474,6,library_small_bottom,0.0,0,300,300,0.0,0.0,1.0,-1191.24,0.9761
475,6,library_small_bottom,0.25,0,45.0,300,0.0,0.0,1.0,-845.33,0.9711
476,6,library_small_bottom,0.25,0,167.0,300,0.25,0.1875,1.075,-1156.91,0.9654
477,6,library_small_bottom,0.0,0,300,300,0.2452,0.1803,1.075,-1563.0,0.9591
478,6,library_small_bottom,0.0,0,300,300,0.225,0.1519,1.0749,-1178.7,0.9528
479,6,library_small_bottom,0.0,0,300,300,0.0,0.0,1.0,-1319.92,0.9464
480,6,library_small_bottom,0.25,0,31.0,300,0.25,0.1875,1.075,-1066.09,0.9415
481,6,library_small_bottom,0.0,0,300,300,0.25,0.1875,1.075,-1233.48,0.9352
482,6,library_small_bottom,0.0,0,300,300,0.245,0.1801,1.075,-1611.29,0.9289
483,6,library_small_bottom,0.0,0,300,300,0.0,0.0,1.0,-1189.36,0.9225
484,6,library_small_bottom,0.0,0,300,300,0.25,0.1875,1.075,-1316.03,0.9162
485,6,library_small_bottom,0.0,0,300,300,0.25,0.1875,1.075,-1242.16,0.9099
486,6,library_small_bottom,0.0,0,300,300,0.0,0.0,1.0,-1163.14,0.9035
487,6,library_small_bottom,0.25,0,196.0,300,0.25,0.1875,1.075,-1026.56,0.8978
488,6,library_small_bottom,0.0,0,300,300,0.2274,0.0527,1.0861,-1287.39,0.8914
489,6,library_small_bottom,0.0,0,300,300,0.425,0.1807,1.1497,-1499.1,0.8851
490,6,library_small_bottom,0.0,0,300,300,0.3183,0.1673,1.1129,-1499.12,0.8788
491,6,library_small_bottom,0.25,0,70.0,300,0.0,0.0,1.0,-857.61,0.8736
492,6,library_small_bottom,0.25,0,176.0,300,0.0,0.0,1.0,-988.62,0.8679
493,6,library_small_bottom,0.25,0,229.0,300,0.0,0.0,1.0,-1217.99,0.862
494,6,library_small_bottom,0.0,0,300,300,0.25,0.1875,1.075,-1491.28,0.8557
495,6,library_small_bottom,0.0,0,300,300,0.25,0.1875,1.0651,-1424.15,0.8493
496,6,library_small_bottom,0.25,0,181.0,300,0.25,0.1875,1.075,-1007.13,0.8436
497,6,library_small_bottom,0.0,0,300,300,0.25,0.1875,1.075,-1422.57,0.8373
498,6,library_small_bottom,0.25,0,29.0,300,0.25,0.1875,1.075,-941.66,0.8324
499,6,library_small_bottom,0.0,0,300,300,0.25,0.1875,1.075,-1213.76,0.826
500,6,library_small_bottom,0.0,0,300,300,0.0,0.0,1.0,-1302.41,0.8197
501,6,library_small_bottom,0.5,0,80.0,300,0.17,0.0867,1.0701,-752.77,0.8157
502,6,library_small_bottom,0.0,0,300,300,0.075,0.0169,1.0383,-1179.26,0.8094
503,6,library_small_bottom,0.0,0,300,300,0.25,0.1875,1.075,-1267.39,0.803
504,6,library_small_bottom,0.0,0,300,300,0.5,0.25,1.15,-1242.63,0.7967
505,6,library_small_bottom,0.0,0,300,300,0.1938,0.0894,1.0737,-1269.72,0.7904
506,6,library_small_bottom,0.0,0,300,300,0.25,0.1875,1.075,-1283.71,0.784
507,6,library_small_bottom,0.0,0,300,300,0.2499,0.1086,1.0759,-1357.17,0.7777
508,6,library_small_bottom,0.0,0,300,300,0.0872,0.0112,1.0041,-1201.8,0.7714
509,6,library_small_bottom,0.25,0,208.0,300,0.2527,0.1151,1.075,-1087.57,0.7655
510,6,library_small_bottom,0.25,0,21.0,300,0.2697,0.0728,1.0754,-798.75,0.7607
511,6,library_small_bottom,0.25,0,32.0,300,0.0,0.0,1.0,-808.85,0.7557
512,6,library_small_bottom,0.25,0,202.0,300,0.3,0.09,1.123,-1031.29,0.7499
513,6,library_small_bottom,0.25,0,150.0,300,0.1978,0.113,1.0447,-955.27,0.7444
514,6,library_small_bottom,0.5,0,135.5,300,0.25,0.1875,1.075,-673.73,0.7398
515,6,library_small_bottom,0.5,0,162.0,300,0.5,0.25,1.1498,-741.42,0.7349
516,6,library_small_bottom,0.25,0,162.0,300,0.25,0.1875,1.0749,-932.43,0.7293
517,6,library_small_bottom,0.5,0,143.0,300,0.25,0.1875,1.0671,-688.62,0.7246
518,6,library_small_bottom,0.0,0,300,300,0.255,0.1851,1.0766,-1166.22,0.7183
519,6,library_small_bottom,0.5,0,88.5,300,0.2554,0.1192,1.0746,-576.39,0.7142
520,6,library_small_bottom,0.0,0,300,300,0.5,0.25,1.15,-1197.35,0.7079
521,6,library_small_bottom,0.25,0,106.0,300,0.2902,0.1723,1.0746,-937.54,0.7026
522,6,library_small_bottom,0.0,0,300,300,0.0,0.0,1.0002,-1205.1,0.6962
523,6,library_small_bottom,0.0,0,300,300,0.0,0.0,1.0002,-1183.0,0.6899
524,6,library_small_bottom,0.25,0,236.0,300,0.0,0.0,1.0001,-1086.98,0.6839
525,6,library_small_bottom,0.5,0,167.0,300,0.0,0.0,1.0,-779.72,0.679
526,6,library_small_bottom,0.25,0,267.0,300,0.22,0.1452,1.075,-1079.11,0.6728
527,6,library_small_bottom,0.25,0,200.0,300,0.0,0.0,1.0021,-946.46,0.667
528,6,library_small_bottom,0.25,0,191.0,300,0.0,0.0,1.0,-950.77,0.6613
529,6,library_small_bottom,0.5,0,170.5,300,0.0,0.0,1.0,-711.62,0.6563
530,6,library_small_bottom,1.0,1,149.0,272,0.0,0.0,1.0,-216.74,0.6531
531,6,library_small_bottom,0.75,0,199.0,300,0.0,0.0,1.0,-691.57,0.6484
532,6,library_small_bottom,0.5,0,224.0,300,0.0,0.0,1.0,-819.52,0.6429
533,6,library_small_bottom,0.75,0,237.0,300,0.465,0.2187,1.15,-714.22,0.6375
534,6,library_small_bottom,0.5,0,186.5,300,0.0,0.0,1.0,-830.02,0.6324
535,6,library_small_bottom,0.5,0,192.0,300,0.0,0.0,1.0,-777.29,0.6272
536,6,library_small_bottom,0.25,0,268.0,300,0.1,0.03,1.0401,-1133.56,0.621
537,6,library_small_bottom,0.5,0,152.0,300,0.0,0.0,1.0,-705.34,0.6163
538,6,library_small_bottom,0.75,0,164.0,300,0.0,0.0,1.0,-593.03,0.6121
539,6,library_small_bottom,0.75,0,126.33,300,0.0,0.0,1.0,-400.73,0.6085
540,6,library_small_bottom,0.75,0,104.67,300,0.0,0.0,1.0,-307.09,0.6053
541,6,library_small_bottom,0.5,0,66.0,300,0.195,0.1141,1.075,-543.38,0.6014
542,6,library_small_bottom,0.5,0,118.5,300,0.0,0.0,1.0014,-624.13,0.597
543,6,library_small_bottom,1.0,1,220.0,273,0.0,0.0,1.0,-457.55,0.5923
544,6,library_small_bottom,1.0,1,141.25,250,0.0,0.0,1.0,-167.1,0.5893
545,6,library_small_bottom,1.0,1,118.0,290,0.0,0.0,1.0,-71.68,0.5869
546,6,library_small_bottom,0.75,0,143.67,300,0.0,0.0,1.0,-412.21,0.583
547,6,library_small_bottom,0.75,0,170.67,300,0.095,0.0271,1.0396,-508.49,0.5787
548,6,library_small_bottom,1.0,1,191.75,261,0.0,0.0,1.0,-348.06,0.5747
549,6,library_small_bottom,0.75,0,141.0,300,0.0,0.0,1.0,-434.43,0.5709
550,6,library_small_bottom,0.75,0,153.67,300,0.0,0.0,1.0,-478.03,0.5668
551,6,library_small_bottom,0.75,0,146.33,300,0.0,0.0,1.0,-456.04,0.5629
552,6,library_small_bottom,1.0,1,173.25,269,0.0,0.0,1.0,-394.43,0.5593
553,6,library_small_bottom,0.75,0,172.67,300,0.0,0.0,1.0,-499.61,0.555
554,6,library_small_bottom,1.0,1,179.75,249,0.0,0.0,1.0,-283.76,0.5512
555,6,library_small_bottom,0.75,0,197.33,300,0.0,0.0,1.0,-593.58,0.5465
556,6,library_small_bottom,0.75,0,179.0,300,0.0,0.0,1.0,-490.92,0.542
557,6,library_small_bottom,1.0,1,161.0,239,0.0,0.0,1.0,-210.81,0.5386
558,6,library_small_bottom,0.75,0,145.0,300,0.0,0.0,1.0,-404.1,0.5348
559,6,library_small_bottom,1.0,1,183.0,269,0.0,0.0,1.0,-309.59,0.5309
560,6,library_small_bottom,1.0,1,198.0,300,0.0,0.0,1.0,-368.61,0.5267
561,6,library_small_bottom,0.75,0,178.67,300,0.0,0.0,1.0,-482.73,0.5223
562,6,library_small_bottom,0.75,0,108.0,300,0.0,0.0,1.0,-300.3,0.519
563,6,library_small_bottom,0.75,0,144.33,300,0.0,0.0,1.0001,-404.75,0.5151
564,6,library_small_bottom,1.0,1,167.0,237,0.0,0.0,1.0,-225.36,0.5116
565,6,library_small_bottom,0.75,0,75.33,300,0.0,0.0,1.0,-213.81,0.5089
566,6,library_small_bottom,0.75,0,192.0,300,0.0,0.0,1.0,-503.02,0.5042
567,7,library_medium,0.3333,0,16.5,400,0.04,0.008,1.0,-1591.1,0.9954
568,7,library_medium,0.1667,0,124.0,400,0.1667,0.1389,1.05,-2569.53,0.9895
569,7,library_medium,0.0,0,400,400,0.0,0.0,1.0,-2459.03,0.9828
570,7,library_medium,0.1667,0,83.0,400,0.5,0.25,1.15,-2779.17,0.977
571,7,library_medium,0.0,0,400,400,0.0367,0.0067,1.0162,-2720.91,0.9703
572,7,library_medium,0.3333,0,22.5,400,0.2167,0.1347,1.0503,-2325.39,0.9657
573,7,library_medium,0.1667,0,41.0,400,0.0,0.0,1.0,-2223.01,0.96
574,7,library_medium,0.3333,0,192.0,400,0.1667,0.1389,1.05,-2086.93,0.9544
575,7,library_medium,0.3333,0,56.0,400,0.02,0.002,1.0053,-1594.12,0.9496
576,7,library_medium,0.1667,0,6.0,400,0.4367,0.2067,1.1455,-3175.11,0.944
577,7,library_medium,0.1667,0,362.0,400,0.0,0.0,1.0,-2235.97,0.9374
578,7,library_medium,0.1667,0,8.0,400,0.1667,0.1389,1.05,-2150.49,0.9318
579,7,library_medium,0.5,0,244.0,400,0.0,0.0,1.0,-1625.53,0.9264
580,7,library_medium,0.1667,0,220.0,400,0.0,0.0,1.0,-2106.63,0.9202
581,7,library_medium,0.0,0,400,400,0.23,0.1378,1.0734,-2486.98,0.9135
582,7,library_medium,0.3333,0,50.5,400,0.04,0.008,1.0203,-1816.35,0.9088
583,7,library_medium,0.1667,0,185.0,400,0.1667,0.1389,1.05,-2368.78,0.9027
584,7,library_medium,0.0,0,400,400,0.1667,0.1389,1.05,-2486.78,0.896
585,7,library_medium,0.5,0,219.33,400,0.0,0.0,1.0,-1707.5,0.8908
586,7,library_medium,0.0,0,400,400,0.2233,0.1361,1.0759,-2821.56,0.8841
587,7,library_medium,0.3333,0,36.5,400,0.1133,0.0642,1.05,-1579.78,0.8794
588,7,library_medium,0.5,0,179.33,400,0.0,0.0,1.0,-1633.41,0.8745
589,7,library_medium,0.5,0,125.67,400,0.0,0.0,1.0,-1290.41,0.8701
590,7,library_medium,0.3333,0,218.5,400,0.0,0.0,1.0,-1958.38,0.8644
591,7,library_medium,0.3333,0,200.5,400,0.0,0.0,1.0,-1820.61,0.8588
592,7,library_medium,0.3333,0,103.5,400,0.1,0.05,1.0172,-1909.71,0.8538
593,7,library_medium,0.3333,0,38.0,400,0.1667,0.1389,1.05,-1844.89,0.8491
594,7,library_medium,0.5,0,133.33,400,0.0,0.0,1.0,-1297.96,0.8446
595,7,library_medium,0.3333,0,179.0,400,0.0,0.0,1.0,-1852.57,0.8392
596,7,library_medium,0.1667,0,382.0,400,0.0167,0.0014,1.0042,-2698.27,0.8325
597,7,library_medium,0.3333,0,231.0,400,0.0,0.0,1.0,-1985.14,0.8268
598,7,library_medium,0.5,0,302.0,400,0.0,0.0,1.0,-1824.48,0.8209
599,7,library_medium,0.5,0,173.33,400,0.0,0.0,1.0,-1660.95,0.8161
600,7,library_medium,0.3333,0,177.0,400,0.0,0.0,1.0,-1785.9,0.8106
601,7,library_medium,0.6667,0,105.25,400,0.0,0.0,1.0,-881.0,0.8072
602,7,library_medium,1.0,1,218.5,381,0.0,0.0,1.0,-767.33,0.8035
603,7,library_medium,0.5,0,92.0,400,0.0,0.0,1.0,-1173.28,0.7994
604,7,library_medium,0.6667,0,253.5,400,0.0,0.0,1.0,-1384.82,0.7943
605,7,library_medium,0.5,0,177.33,400,0.0,0.0,1.0,-1390.99,0.7895
606,7,library_medium,0.6667,0,145.0,400,0.0,0.0,1.0,-997.58,0.7856
607,7,library_medium,0.6667,0,164.5,400,0.072,0.0259,1.0271,-1214.47,0.7816
608,7,library_medium,0.6667,0,152.25,400,0.0,0.0,1.0,-1019.06,0.7776
609,7,library_medium,1.0,1,220.33,361,0.0,0.0,1.0,-756.08,0.7739
610,7,library_medium,0.8333,0,182.4,400,0.0,0.0,1.0,-822.41,0.7703
611,7,library_medium,0.8333,0,178.0,400,0.0,0.0,1.0,-822.39,0.7667
612,7,library_medium,0.8333,0,196.4,400,0.0988,0.0488,1.0378,-946.03,0.7628
613,7,library_medium,0.6667,0,162.5,400,0.0,0.0,1.0,-1122.85,0.7588
614,7,library_medium,0.6667,0,94.0,400,0.0674,0.0227,1.0252,-821.0,0.7555
615,7,library_medium,1.0,1,153.0,385,0.0,0.0,1.0,-409.06,0.7529
616,7,library_medium,0.8333,0,141.8,400,0.0,0.0,1.0,-672.11,0.7498
617,7,library_medium,0.5,0,125.0,400,0.0,0.0,1.0,-1314.13,0.7454
618,7,library_medium,0.6667,0,155.5,400,0.0,0.0,1.0,-1009.2,0.7414
619,7,library_medium,0.8333,0,178.6,400,0.0703,0.0247,1.0277,-925.02,0.7378
620,7,library_medium,1.0,1,203.67,375,0.0,0.0,1.0,-654.09,0.7344
621,7,library_medium,1.0,1,95.5,223,0.0,0.0,1.0,-22.83,0.7328
622,7,library_medium,0.8333,0,80.0,400,0.0,0.0,1.0,-363.35,0.7306
623,7,library_medium,1.0,1,170.17,264,0.0,0.0,1.0,-491.18,0.7277
624,7,library_medium,1.0,1,228.83,329,0.0172,0.0015,1.0021,-859.46,0.7239
625,7,library_medium,0.8333,0,126.6,400,0.0,0.0,1.0,-591.12,0.721
626,7,library_medium,0.8333,0,108.2,400,0.0,0.0,1.0,-472.64,0.7184
627,7,library_medium,0.8333,0,137.0,400,0.0,0.0,1.0,-626.44,0.7153
628,7,library_medium,0.6667,0,84.25,400,0.3333,0.2222,1.0997,-1027.9,0.7122
629,7,library_medium,0.8333,0,237.8,400,0.0,0.0,1.0,-1100.54,0.7077
630,7,library_medium,1.0,1,182.83,376,0.0,0.0,1.0,-524.17,0.7047
631,7,library_medium,0.6667,0,70.5,400,0.0,0.0,1.0,-693.31,0.7016
632,7,library_medium,0.8333,0,192.2,400,0.0,0.0,1.0,-875.85,0.6978
633,7,library_medium,0.6667,0,205.75,400,0.0,0.0,1.0,-1205.64,0.6933
634,7,library_medium,0.6667,0,243.0,400,0.0,0.0,1.0,-1349.91,0.6883
635,7,library_medium,1.0,1,179.17,294,0.0,0.0,1.0,-533.61,0.6853
636,8,hazard_corridor_small,0.25,0,122.0,350,0.0,0.0,1.0,-1437.46,0.9933
637,8,hazard_corridor_small,0.25,0,13.0,350,0.31,0.1683,1.0971,-1235.91,0.9873
638,8,hazard_corridor_small,0.0,0,350,350,0.0,0.0,1.0,-1368.54,0.9793
639,8,hazard_corridor_small,0.25,0,60.0,350,0.5,0.25,1.15,-1637.83,0.9729
640,8,hazard_corridor_small,0.25,0,40.0,350,0.22,0.1452,1.0749,-1000.59,0.9667
641,8,hazard_corridor_small,0.25,0,82.0,350,0.195,0.1141,1.075,-1097.45,0.9603
642,8,hazard_corridor_small,0.0,0,350,350,0.0,0.0,1.0,-1426.69,0.9523
643,8,hazard_corridor_small,0.5,0,150.0,350,0.0,0.0,1.0,-798.74,0.9466
644,8,hazard_corridor_small,0.25,0,86.0,350,0.455,0.2111,1.15,-1364.46,0.9401
645,8,hazard_corridor_small,0.25,0,175.0,350,0.51,0.1493,1.1883,-1800.99,0.9331
646,8,hazard_corridor_small,0.25,0,94.0,350,0.41,0.1689,1.1497,-1162.46,0.9266
647,8,hazard_corridor_small,0.25,0,173.0,350,0.0391,0.0046,1.0123,-1206.1,0.9196
648,8,hazard_corridor_small,0.25,0,259.0,350,0.195,0.1141,1.0447,-1226.15,0.9122
649,8,hazard_corridor_small,0.25,0,310.0,350,0.27,0.1787,1.0769,-1353.87,0.9044
650,8,hazard_corridor_small,0.5,0,125.0,350,0.445,0.2041,1.1499,-919.93,0.899
651,8,hazard_corridor_small,0.0,0,350,350,0.2,0.12,1.075,-1426.43,0.891
652,8,hazard_corridor_small,1.0,1,194.0,305,0.45,0.2043,1.15,-490.76,0.8866
653,8,hazard_corridor_small,0.25,0,315.0,350,0.25,0.1875,1.075,-1346.67,0.8788
654,8,hazard_corridor_small,0.75,0,55.0,350,0.345,0.1455,1.1175,-288.87,0.8759
655,8,hazard_corridor_small,0.5,0,156.0,350,0.03,0.0027,1.0,-805.55,0.8701
656,8,hazard_corridor_small,0.75,0,130.67,350,0.485,0.2357,1.15,-589.94,0.8659
657,8,hazard_corridor_small,0.75,0,189.67,350,0.23,0.1587,1.075,-783.33,0.8606
658,8,hazard_corridor_small,0.5,0,93.0,350,0.18,0.0972,1.075,-721.98,0.8556
659,8,hazard_corridor_small,0.5,0,153.0,350,0.48,0.1902,1.1564,-1164.05,0.8498
660,8,hazard_corridor_small,0.75,0,153.67,350,0.0,0.0,1.0,-539.05,0.8452
661,8,hazard_corridor_small,0.5,0,77.0,350,0.435,0.1977,1.1505,-902.74,0.8403
662,8,hazard_corridor_small,0.75,0,155.67,350,0.165,0.0817,1.075,-544.66,0.8357
663,8,hazard_corridor_small,0.75,0,209.67,350,0.01,0.0003,1.0033,-729.99,0.8301
664,8,hazard_corridor_small,0.75,0,185.33,350,0.015,0.0007,1.0036,-638.47,0.8249
665,8,hazard_corridor_small,0.5,0,74.5,350,0.5,0.25,1.15,-888.21,0.8201
666,8,hazard_corridor_small,0.75,0,106.67,350,0.25,0.1683,1.0732,-450.77,0.8163
667,8,hazard_corridor_small,0.75,0,72.33,350,0.225,0.1519,1.0745,-477.14,0.813
668,8,hazard_corridor_small,0.5,0,280.5,350,0.6159,0.1601,1.1842,-1403.47,0.8058
669,8,hazard_corridor_small,0.75,0,86.67,350,0.21,0.1323,1.0709,-381.41,0.8024
670,8,hazard_corridor_small,0.5,0,21.0,350,0.3537,0.0622,1.1266,-666.42,0.7981
671,8,hazard_corridor_small,0.75,0,96.67,350,0.3,0.1478,1.1125,-487.99,0.7945
672,8,hazard_corridor_small,1.0,1,131.25,222,0.0,0.0,1.0,-152.21,0.7915
673,8,hazard_corridor_small,1.0,1,140.75,187,0.0,0.0,1.0,-187.71,0.7883
674,8,hazard_corridor_small,1.0,1,129.25,186,0.0,0.0,1.0,-133.52,0.7853
675,8,hazard_corridor_small,0.75,0,148.0,350,0.43,0.1867,1.1495,-533.35,0.7808
676,8,hazard_corridor_small,0.5,0,139.5,350,0.2447,0.1225,1.075,-800.35,0.7752
677,8,hazard_corridor_small,0.25,0,63.0,350,0.27,0.1349,1.0783,-1067.8,0.7689
678,8,hazard_corridor_small,0.75,0,78.33,350,0.135,0.0547,1.0498,-316.87,0.7655
679,8,hazard_corridor_small,0.75,0,130.0,350,0.135,0.0547,1.0312,-445.4,0.7613
680,8,hazard_corridor_small,1.0,1,96.5,168,0.0,0.0,1.0,-23.27,0.7591
681,8,hazard_corridor_small,1.0,1,136.25,256,0.0,0.0,1.0,-162.51,0.756
682,8,hazard_corridor_small,0.75,0,49.0,350,0.175,0.0527,1.0528,-253.22,0.7532
683,8,hazard_corridor_small,0.75,0,191.33,350,0.0,0.0,1.0,-626.17,0.7479
684,8,hazard_corridor_small,0.75,0,195.0,350,0.0,0.0,1.0,-628.32,0.7426
685,8,hazard_corridor_small,1.0,1,73.25,121,0.15,0.0675,1.0576,73.11,0.7409
686,8,hazard_corridor_small,0.75,0,106.67,350,0.0,0.0,1.0,-406.0,0.7371
687,8,hazard_corridor_small,0.75,0,94.67,350,0.49,0.2403,1.1515,-444.39,0.7335
688,8,hazard_corridor_small,0.75,0,61.33,350,0.115,0.0397,1.0312,-269.3,0.7304
689,8,hazard_corridor_small,0.75,0,128.0,350,0.11,0.0363,1.0325,-448.66,0.7262
690,8,hazard_corridor_small,0.75,0,104.67,350,0.07,0.0147,1.0382,-409.28,0.7225
691,8,hazard_corridor_small,0.75,0,68.67,350,0.03,0.0027,1.008,-291.81,0.7193
692,8,hazard_corridor_small,0.5,0,100.5,350,0.4787,0.2291,1.15,-781.43,0.7142
693,8,hazard_corridor_small,0.75,0,73.67,350,0.04,0.0048,1.0125,-282.76,0.7109
694,8,hazard_corridor_small,1.0,1,49.5,99,0.0,0.0,1.0,155.12,0.7098
695,8,hazard_corridor_small,0.75,0,91.0,350,0.0,0.0,1.0013,-354.34,0.7062
696,8,hazard_corridor_small,0.5,0,88.0,350,0.0441,0.0058,1.0156,-703.44,0.7012
697,8,hazard_corridor_small,0.75,0,81.0,350,0.0,0.0,1.0,-296.07,0.6978
698,8,hazard_corridor_small,0.75,0,99.0,350,0.0,0.0,1.0009,-360.87,0.6942
699,8,hazard_corridor_small,0.75,0,84.33,350,0.37,0.0781,1.1344,-375.66,0.6907
700,8,hazard_corridor_small,1.0,1,61.5,135,0.105,0.0331,1.0277,120.09,0.6893
701,8,hazard_corridor_small,0.5,0,23.5,350,0.45,0.2027,1.1499,-614.94,0.6851
702,8,hazard_corridor_small,0.75,0,98.33,350,0.435,0.1917,1.1396,-375.03,0.6814
703,8,hazard_corridor_small,0.75,0,80.0,350,0.01,0.0003,1.0032,-310.6,0.678
704,8,hazard_corridor_small,1.0,1,64.0,101,0.095,0.0271,1.04,107.41,0.6765
705,8,hazard_corridor_small,1.0,1,49.5,72,0.095,0.0271,1.0312,164.14,0.6754
706,8,hazard_corridor_small,1.0,1,73.0,159,0.235,0.0577,1.0898,-23.41,0.6738
707,8,hazard_corridor_small,0.75,0,35.33,350,0.325,0.1477,1.1091,-211.29,0.6712
708,8,hazard_corridor_small,1.0,1,75.5,124,0.0,0.0,1.0,69.14,0.6694
709,9,hazard_near_exit_small,0.1667,0,284.0,350,0.0,0.0,1.0,-1920.67,0.9968
710,9,hazard_near_exit_small,0.1667,0,160.0,350,0.0,0.0,1.0,-1811.91,0.9938
711,9,hazard_near_exit_small,0.1667,0,127.0,350,0.0,0.0,1.0,-1751.17,0.9908
712,9,hazard_near_exit_small,0.1667,0,283.0,350,0.0,0.0,1.0,-1929.47,0.9876
713,9,hazard_near_exit_small,0.1667,0,63.0,350,0.0,0.0,1.0,-1689.28,0.9847
714,9,hazard_near_exit_small,0.0,0,350,350,0.0,0.0,1.0,-2061.87,0.9814
715,9,hazard_near_exit_small,0.5,0,216.0,350,0.0,0.0,1.0,-1411.83,0.9787
716,9,hazard_near_exit_small,0.5,0,214.33,350,0.0,0.0,1.0,-1413.85,0.976
717,9,hazard_near_exit_small,0.1667,0,155.0,350,0.0,0.0,1.0,-1807.65,0.973
718,9,hazard_near_exit_small,0.3333,0,304.5,350,0.0,0.0,1.0,-1810.81,0.9698
719,9,hazard_near_exit_small,0.3333,0,211.5,350,0.0,0.0,1.0,-1625.35,0.9669
720,9,hazard_near_exit_small,0.1667,0,337.0,350,0.0,0.0,1.0,-1966.18,0.9636
721,9,hazard_near_exit_small,0.1667,0,325.0,350,0.0,0.0,1.0,-1953.36,0.9603
722,9,hazard_near_exit_small,0.3333,0,195.5,350,0.0,0.0,1.0,-1576.84,0.9575
723,9,hazard_near_exit_small,0.1667,0,287.0,350,0.0,0.0,1.0,-1919.16,0.9543
724,9,hazard_near_exit_small,0.3333,0,195.5,350,0.0,0.0,1.0,-1573.21,0.9514
725,9,hazard_near_exit_small,0.5,0,209.0,350,0.1667,0.1389,1.05,-1441.34,0.9488
726,9,hazard_near_exit_small,0.3333,0,171.0,350,0.1667,0.1389,1.0498,-1572.74,0.946
727,9,hazard_near_exit_small,0.1667,0,240.0,350,0.0,0.0,1.0,-1869.46,0.9429
728,9,hazard_near_exit_small,0.1667,0,152.0,350,0.0,0.0,1.0,-1774.83,0.9399
729,9,hazard_near_exit_small,0.0,0,350,350,0.0,0.0,1.0,-2058.88,0.9365
730,9,hazard_near_exit_small,0.3333,0,167.5,350,0.0,0.0,1.0,-1515.17,0.9338
731,9,hazard_near_exit_small,0.6667,0,254.5,350,0.0,0.0,1.0,-1316.13,0.9311
732,9,hazard_near_exit_small,0.8333,0,175.4,350,0.0,0.0,1.0,-786.74,0.9291
733,9,hazard_near_exit_small,0.5,0,291.67,350,0.0,0.0,1.0,-1616.04,0.9261
734,9,hazard_near_exit_small,0.5,0,300.67,350,0.0,0.0,1.0,-1648.31,0.923
735,9,hazard_near_exit_small,0.3333,0,86.0,350,0.0,0.0,1.0,-1356.72,0.9205
736,9,hazard_near_exit_small,0.1667,0,175.0,350,0.0,0.0,1.0,-1813.52,0.9174
737,9,hazard_near_exit_small,0.5,0,223.33,350,0.0,0.0,1.0,-1401.94,0.9147
738,9,hazard_near_exit_small,0.3333,0,159.0,350,0.0,0.0,1.0,-1491.09,0.912
739,9,hazard_near_exit_small,0.8333,0,183.8,350,0.0,0.0,1.0,-794.9,0.91
740,9,hazard_near_exit_small,0.1667,0,159.0,350,0.0,0.0,1.0,-1773.63,0.907
741,9,hazard_near_exit_small,0.5,0,144.33,350,0.1667,0.1389,1.05,-1253.99,0.9046
742,9,hazard_near_exit_small,0.3333,0,153.0,350,0.0,0.0,1.0,-1478.56,0.9019
743,9,hazard_near_exit_small,0.6667,0,121.75,350,0.0,0.0,1.0,-799.3,0.9
744,9,hazard_near_exit_small,0.8333,0,217.6,350,0.0,0.0,1.0,-977.02,0.8978
745,9,hazard_near_exit_small,0.8333,0,169.0,350,0.0,0.0,1.0,-725.13,0.8959
746,9,hazard_near_exit_small,0.6667,0,174.5,350,0.0,0.0,1.0,-996.14,0.8937
747,9,hazard_near_exit_small,0.6667,0,238.25,350,0.0,0.0,1.0,-1260.45,0.891
748,9,hazard_near_exit_small,0.5,0,154.33,350,0.0,0.0,1.0,-1208.54,0.8886
749,9,hazard_near_exit_small,0.6667,0,176.0,350,0.0,0.0,1.0,-1036.89,0.8864
750,9,hazard_near_exit_small,0.6667,0,222.0,350,0.0,0.0,1.0,-1210.42,0.8839
751,9,hazard_near_exit_small,1.0,1,201.33,303,0.0,0.0,1.0,-654.6,0.882
752,9,hazard_near_exit_small,1.0,1,167.67,302,0.0,0.0,1.0,-459.8,0.8804
753,9,hazard_near_exit_small,0.8333,0,184.0,350,0.0,0.0,1.0,-805.78,0.8784
754,9,hazard_near_exit_small,0.6667,0,189.0,350,0.0,0.0,1.0,-1073.86,0.8761
755,9,hazard_near_exit_small,0.6667,0,198.5,350,0.0,0.0,1.0,-1099.77,0.8737
756,9,hazard_near_exit_small,0.6667,0,205.0,350,0.0,0.0,1.0,-1124.41,0.8713
757,9,hazard_near_exit_small,0.8333,0,215.4,350,0.0,0.0,1.0,-948.64,0.8691
758,9,hazard_near_exit_small,1.0,1,203.17,327,0.0,0.0,1.0,-662.57,0.8671
759,9,hazard_near_exit_small,1.0,1,187.33,271,0.0,0.0,1.0,-569.1,0.8653
760,9,hazard_near_exit_small,0.8333,0,180.4,350,0.0,0.0,1.0,-787.78,0.8634
761,9,hazard_near_exit_small,1.0,1,169.83,279,0.0,0.0,1.0,-466.67,0.8617
762,9,hazard_near_exit_small,1.0,1,206.0,341,0.0,0.0,1.0,-668.05,0.8598
763,9,hazard_near_exit_small,1.0,1,165.67,326,0.0,0.0,1.0,-436.5,0.8582
764,9,hazard_near_exit_small,1.0,1,142.67,337,0.0,0.0,1.0,-312.89,0.8569
765,9,hazard_near_exit_small,1.0,1,177.5,341,0.0,0.0,1.0,-528.82,0.8552
766,9,hazard_near_exit_small,1.0,1,159.0,329,0.0,0.0,1.0,-415.83,0.8537
767,9,hazard_near_exit_small,0.8333,0,141.8,350,0.0,0.0,1.0,-600.99,0.852
768,9,hazard_near_exit_small,1.0,1,146.17,263,0.0,0.0,1.0,-326.94,0.8506
769,9,hazard_near_exit_small,1.0,1,165.5,249,0.0,0.0,1.0,-434.4,0.849
770,9,hazard_near_exit_small,1.0,1,186.17,331,0.0,0.0,1.0,-551.25,0.8473
771,10,school_floor,0.0,0,400,400,0.1075,0.0809,1.0375,-3331.18,0.996
772,10,school_floor,0.0,0,400,400,0.0,0.0,1.0001,-3175.42,0.992
773,10,school_floor,0.0,0,400,400,0.2475,0.1838,1.075,-3588.18,0.988
774,10,school_floor,0.0,0,400,400,0.0,0.0,1.0,-3171.81,0.984
775,10,school_floor,0.0,0,400,400,0.25,0.1875,1.0725,-3454.42,0.98
776,10,school_floor,0.0,0,400,400,0.0,0.0,1.0002,-3242.47,0.9761
777,10,school_floor,0.0,0,400,400,0.125,0.1094,1.0375,-3536.73,0.9721
778,10,school_floor,0.0,0,400,400,0.0,0.0,1.0,-3285.78,0.9681
779,10,school_floor,0.0,0,400,400,0.0725,0.0368,1.0283,-3398.25,0.9641
780,10,school_floor,0.125,0,162.0,400,0.0,0.0,1.0,-3167.97,0.9604
781,10,school_floor,0.125,0,352.0,400,0.0,0.0,1.0,-3311.57,0.9565
782,10,school_floor,0.0,0,400,400,0.0,0.0,1.0,-3194.45,0.9525
783,10,school_floor,0.0,0,400,400,0.125,0.1094,1.0375,-3146.39,0.9485
784,10,school_floor,0.0,0,400,400,0.0925,0.0599,1.0375,-3272.32,0.9445
785,10,school_floor,0.0,0,400,400,0.125,0.1094,1.0375,-3326.59,0.9405
786,10,school_floor,0.0,0,400,400,0.295,0.1792,1.0784,-3795.07,0.9365
787,10,school_floor,0.125,0,183.0,400,0.0,0.0,1.0,-3004.95,0.9328
788,10,school_floor,0.0,0,400,400,0.0,0.0,1.0,-3246.52,0.9288
789,10,school_floor,0.0,0,400,400,0.0,0.0,1.0,-3227.33,0.9248
790,10,school_floor,0.0,0,400,400,0.0,0.0,1.0,-3144.45,0.9208
791,10,school_floor,0.25,0,189.0,400,0.065,0.0296,1.0237,-2549.56,0.9173
792,10,school_floor,0.0,0,400,400,0.125,0.1094,1.0375,-3320.28,0.9133
793,10,school_floor,0.125,0,59.0,400,0.0,0.0,1.0,-2694.88,0.9098
794,10,school_floor,0.125,0,34.0,400,0.0,0.0,1.0001,-2852.65,0.9062
795,10,school_floor,0.125,0,29.0,400,0.0,0.0,1.0,-2637.47,0.9027
796,10,school_floor,0.0,0,400,400,0.0,0.0,1.0,-3113.42,0.8987
797,10,school_floor,0.125,0,306.0,400,0.2225,0.1515,1.075,-3356.14,0.8948
798,10,school_floor,0.25,0,200.0,400,0.04,0.0112,1.0188,-2803.25,0.8914
799,10,school_floor,0.125,0,213.0,400,0.125,0.1094,1.0375,-2977.25,0.8876
800,10,school_floor,0.0,0,400,400,0.125,0.1094,1.0375,-3230.42,0.8836
801,10,school_floor,0.0,0,400,400,0.0,0.0,1.0,-3206.2,0.8796
802,10,school_floor,0.0,0,400,400,0.0,0.0,1.0,-3250.28,0.8756
803,10,school_floor,0.25,0,158.5,400,0.0,0.0,1.0,-2443.2,0.8722
804,10,school_floor,0.125,0,334.0,400,0.125,0.1094,1.0375,-3011.59,0.8683
805,10,school_floor,0.375,0,293.0,400,0.0,0.0,1.0,-2804.11,0.8647
806,10,school_floor,0.125,0,388.0,400,0.0675,0.0319,1.0249,-3146.49,0.8608
807,10,school_floor,0.0,0,400,400,0.11,0.0847,1.0375,-3235.43,0.8568
808,10,school_floor,0.0,0,400,400,0.0025,0.0,1.0013,-3164.63,0.8528
809,10,school_floor,0.0,0,400,400,0.0,0.0,1.0,-3069.31,0.8488
810,10,school_floor,0.125,0,393.0,400,0.0,0.0,1.0,-3121.73,0.8448
811,10,school_floor,0.25,0,307.0,400,0.18,0.0972,1.075,-2959.71,0.841
812,10,school_floor,0.25,0,266.5,400,0.0,0.0,1.0,-2603.79,0.8374
813,10,school_floor,0.125,0,397.0,400,0.0,0.0,1.0,-3373.33,0.8334
814,10,school_floor,0.125,0,377.0,400,0.0,0.0,1.0,-2936.32,0.8294
815,10,school_floor,0.25,0,223.5,400,0.0,0.0,1.0,-2715.0,0.8259
816,10,school_floor,0.25,0,207.5,400,0.0,0.0,1.0,-2770.17,0.8224
817,10,school_floor,0.625,0,250.2,400,0.0,0.0,1.0,-1925.31,0.8193
818,10,school_floor,0.125,0,157.0,400,0.0,0.0,1.0,-2853.81,0.8156
819,10,school_floor,0.25,0,299.5,400,0.0,0.0,1.0,-2903.82,0.8119
820,10,school_floor,0.125,0,384.0,400,0.0,0.0,1.0,-2961.03,0.8079
821,10,school_floor,0.375,0,305.67,400,0.0,0.0,1.0,-2471.07,0.8043
822,10,school_floor,0.25,0,375.5,400,0.0,0.0,1.0,-2835.03,0.8003
823,10,school_floor,0.5,0,242.0,400,0.0,0.0,1.0,-2149.42,0.7971
824,10,school_floor,0.25,0,207.5,400,0.0,0.0,1.0,-2573.25,0.7936
825,10,school_floor,0.25,0,188.0,400,0.0,0.0,1.0,-2460.23,0.7902
826,10,school_floor,0.5,0,321.0,400,0.0,0.0,1.0,-2379.98,0.7866
827,10,school_floor,0.5,0,186.5,400,0.0,0.0,1.0,-1829.59,0.7836
828,10,school_floor,0.375,0,254.67,400,0.0,0.0,1.0,-2333.93,0.7802
829,10,school_floor,0.375,0,310.33,400,0.0,0.0,1.0,-2498.41,0.7765
830,10,school_floor,0.125,0,129.0,400,0.0,0.0,1.0,-2645.9,0.7729
831,10,school_floor,0.375,0,247.67,400,0.0,0.0,1.0,-2347.06,0.7695
832,10,school_floor,0.5,0,298.75,400,0.0,0.0,1.0,-2311.93,0.766
833,10,school_floor,0.25,0,232.0,400,0.0,0.0,1.0,-2470.98,0.7624
834,10,school_floor,0.625,0,248.6,400,0.0,0.0,1.0,-1799.47,0.7594
835,10,school_floor,0.375,0,182.67,400,0.0,0.0,1.0,-2051.33,0.7562
836,10,school_floor,0.5,0,203.25,400,0.0,0.0,1.0,-1874.78,0.7532
837,10,school_floor,0.5,0,215.0,400,0.0,0.0,1.0,-1893.76,0.7501
838,10,school_floor,0.625,0,258.2,400,0.0,0.0,1.0,-1889.64,0.747
839,10,school_floor,0.25,0,210.0,400,0.0,0.0,1.0,-2469.8,0.7435
840,10,school_floor,0.5,0,241.25,400,0.0,0.0,1.0,-2151.54,0.7403
841,10,school_floor,0.5,0,231.75,400,0.0,0.0,1.0,-1917.42,0.7371
842,10,school_floor,0.625,0,185.2,400,0.0,0.0,1.0,-1656.28,0.7345
843,10,school_floor,0.625,0,232.4,400,0.0,0.0,1.0,-1712.2,0.7315
844,10,school_floor,0.375,0,205.67,400,0.0,0.0,1.0,-2159.38,0.7283
845,10,school_floor,0.75,0,321.33,400,0.0,0.0,1.0,-1993.35,0.7248
846,10,school_floor,0.5,0,186.75,400,0.0,0.0,1.0,-1823.79,0.7219
847,10,school_floor,0.625,0,229.2,400,0.0,0.0,1.0,-1727.82,0.719
848,10,school_floor,0.625,0,192.4,400,0.0,0.0,1.0,-1581.72,0.7163
849,10,school_floor,0.625,0,294.0,400,0.0,0.0,1.0,-1979.1,0.713
850,10,school_floor,0.875,0,215.57,400,0.0,0.0,1.0,-1165.34,0.7106
851,10,school_floor,0.75,0,272.83,400,0.0,0.0,1.0,-1679.26,0.7076
852,10,school_floor,0.625,0,234.6,400,0.0,0.0,1.0,-1799.43,0.7046
853,10,school_floor,0.5,0,242.5,400,0.0,0.0,1.0,-1976.55,0.7014
854,10,school_floor,0.625,0,275.6,400,0.0,0.0,1.0,-1880.55,0.6982
855,10,school_floor,0.5,0,267.0,400,0.0,0.0,1.0,-2041.04,0.6948
856,10,school_floor,0.5,0,260.75,400,0.0,0.0,1.0,-2103.04,0.6915
857,10,school_floor,0.875,0,208.29,400,0.0,0.0,1.0,-1029.98,0.6892
858,10,school_floor,0.75,0,199.83,400,0.0,0.0,1.0,-1316.76,0.6867
859,10,school_floor,0.75,0,280.17,400,0.0,0.0,1.0,-1737.48,0.6836
860,10,school_floor,0.625,0,230.6,400,0.0,0.0,1.0,-1671.15,0.6807
861,10,school_floor,0.875,0,247.86,400,0.0,0.0,1.0,-1302.82,0.678
862,10,school_floor,0.625,0,169.4,400,0.0,0.0,1.0,-1456.17,0.6755
863,10,school_floor,1.0,1,231.38,374,0.0,0.0,1.0,-963.76,0.6732
864,10,school_floor,0.75,0,202.33,400,0.0,0.0,1.0,-1295.8,0.6707
865,10,school_floor,0.875,0,210.14,400,0.0,0.0,1.0,-1064.24,0.6683
866,10,school_floor,0.75,0,271.0,400,0.0,0.0,1.0,-1734.36,0.6653
867,10,school_floor,0.75,0,234.5,400,0.0,0.0,1.0,-1476.41,0.6626
868,10,school_floor,0.625,0,162.8,400,0.0,0.0,1.0,-1459.91,0.66
869,10,school_floor,0.75,0,196.0,400,0.0,0.0,1.0,-1234.04,0.6576
870,10,school_floor,0.625,0,278.0,400,0.0,0.0,1.0,-1861.94,0.6543
871,10,school_floor,0.875,0,241.43,400,0.0,0.0,1.0,-1206.05,0.6517
872,10,school_floor,0.875,0,278.71,400,0.0,0.0,1.0,-1457.26,0.6488
873,10,school_floor,0.625,0,218.8,400,0.0,0.0,1.0,-1577.37,0.6459
874,10,school_floor,0.875,0,268.43,400,0.0,0.0,1.0,-1419.67,0.6431
875,10,school_floor,1.0,1,286.38,400,0.0,0.0,1.0,-1342.62,0.6402
876,10,school_floor,0.875,0,250.0,400,0.0,0.0,1.0,-1273.88,0.6376
877,10,school_floor,0.875,0,249.57,400,0.0,0.0,1.0,-1349.07,0.6349
878,10,school_floor,0.875,0,203.29,400,0.0,0.0,1.0,-1005.29,0.6326
879,10,school_floor,1.0,1,190.0,322,0.0,0.0,1.0,-650.01,0.6307
880,10,school_floor,0.875,0,229.0,400,0.0,0.0,1.0,-1134.16,0.6282
881,10,school_floor,0.75,0,187.0,400,0.0,0.0,1.0,-1145.9,0.6258
882,10,school_floor,0.875,0,244.57,400,0.0,0.0,1.0,-1294.85,0.6232
883,10,school_floor,0.875,0,206.43,400,0.0,0.0,1.0,-1030.28,0.6209
884,10,school_floor,1.0,1,265.5,378,0.0,0.0,1.0,-1137.37,0.6182
885,10,school_floor,0.875,0,266.43,400,0.0,0.0,1.0,-1384.29,0.6154
886,11,office_wing_medium,0.0,0,400,400,0.0,0.0,1.0,-4024.41,0.996
887,11,office_wing_medium,0.0,0,400,400,0.124,0.0904,1.03,-4248.91,0.992
888,11,office_wing_medium,0.0,0,400,400,0.1,0.09,1.03,-4246.95,0.988
889,11,office_wing_medium,0.0,0,400,400,0.2,0.16,1.0598,-4116.05,0.984
890,11,office_wing_medium,0.0,0,400,400,0.1,0.09,1.03,-4251.56,0.98
891,11,office_wing_medium,0.0,0,400,400,0.0,0.0,1.0,-3959.17,0.9761
892,11,office_wing_medium,0.0,0,400,400,0.1,0.09,1.03,-4334.74,0.9721
893,11,office_wing_medium,0.0,0,400,400,0.2,0.16,1.058,-4399.23,0.9681
894,11,office_wing_medium,0.0,0,400,400,0.0,0.0,1.0,-3921.79,0.9641
895,11,office_wing_medium,0.0,0,400,400,0.196,0.1537,1.06,-4310.68,0.9601
896,11,office_wing_medium,0.0,0,400,400,0.1,0.09,1.03,-4171.93,0.9561
897,11,office_wing_medium,0.0,0,400,400,0.184,0.1367,1.06,-4186.03,0.9521
898,11,office_wing_medium,0.0,0,400,400,0.1,0.09,1.0299,-4104.84,0.9481
899,11,office_wing_medium,0.1,0,154.0,400,0.0,0.0,1.0,-3717.84,0.9444
900,11,office_wing_medium,0.0,0,400,400,0.1,0.09,1.03,-3930.94,0.9404
901,11,office_wing_medium,0.0,0,400,400,0.066,0.0392,1.0111,-3929.86,0.9364
902,11,office_wing_medium,0.0,0,400,400,0.1,0.09,1.03,-4052.49,0.9324
903,11,office_wing_medium,0.0,0,400,400,0.086,0.0666,1.03,-4161.58,0.9284
904,11,office_wing_medium,0.0,0,400,400,0.144,0.0986,1.0466,-4027.16,0.9244
905,11,office_wing_medium,0.0,0,400,400,0.184,0.1367,1.06,-4303.07,0.9204
906,11,office_wing_medium,0.0,0,400,400,0.0,0.0,1.0,-4250.27,0.9164
907,11,office_wing_medium,0.2,0,238.5,400,0.028,0.0071,1.0153,-3453.55,0.9128
908,11,office_wing_medium,0.0,0,400,400,0.0,0.0,1.0,-3860.39,0.9088
909,11,office_wing_medium,0.1,0,354.0,400,0.16,0.1104,1.0401,-3780.59,0.9048
910,11,office_wing_medium,0.0,0,400,400,0.0,0.0,1.0,-3887.53,0.9008
911,11,office_wing_medium,0.2,0,283.0,400,0.078,0.0245,1.0319,-3511.3,0.8971
912,11,office_wing_medium,0.2,0,296.5,400,0.1,0.09,1.03,-3638.84,0.8933
913,11,office_wing_medium,0.0,0,400,400,0.082,0.0605,1.03,-3957.98,0.8893
914,11,office_wing_medium,0.1,0,61.0,400,0.1481,0.1012,1.0423,-3758.03,0.8856
915,11,office_wing_medium,0.2,0,291.5,400,0.1,0.09,1.03,-3706.71,0.8819
916,11,office_wing_medium,0.1,0,223.0,400,0.1,0.09,1.03,-3917.53,0.878
917,11,office_wing_medium,0.0,0,400,400,0.0,0.0,1.0,-3930.88,0.8741
918,11,office_wing_medium,0.1,0,156.0,400,0.1,0.09,1.03,-3826.95,0.8703
919,11,office_wing_medium,0.0,0,400,400,0.2,0.16,1.06,-4263.94,0.8663
920,11,office_wing_medium,0.1,0,245.0,400,0.1,0.09,1.03,-3789.95,0.8625
921,11,office_wing_medium,0.1,0,356.0,400,0.3,0.21,1.09,-4650.3,0.8585
922,11,office_wing_medium,0.2,0,140.5,400,0.108,0.089,1.03,-3271.76,0.8551
923,11,office_wing_medium,0.2,0,233.5,400,0.168,0.118,1.06,-3467.25,0.8514
924,11,office_wing_medium,0.2,0,202.5,400,0.0,0.0,1.0,-3346.02,0.8478
925,11,office_wing_medium,0.2,0,200.0,400,0.1629,0.113,1.06,-3404.02,0.8442
926,11,office_wing_medium,0.1,0,231.0,400,0.2995,0.1843,1.09,-3932.63,0.8404
927,11,office_wing_medium,0.3,0,226.67,400,0.0,0.0,1.0,-3164.71,0.8369
928,11,office_wing_medium,0.2,0,195.5,400,0.0581,0.0304,1.016,-3337.91,0.8333
929,11,office_wing_medium,0.3,0,234.0,400,0.0,0.0,1.0,-3226.2,0.8298
930,11,office_wing_medium,0.4,0,286.75,400,0.0476,0.0154,1.0162,-3055.42,0.8263
931,11,office_wing_medium,0.2,0,212.0,400,0.148,0.1011,1.0481,-3412.7,0.8227
932,11,office_wing_medium,0.4,0,296.5,400,0.084,0.0635,1.0295,-3215.97,0.8191
933,11,office_wing_medium,0.4,0,177.5,400,0.0796,0.029,1.0302,-2658.96,0.816
934,11,office_wing_medium,0.3,0,335.67,400,0.244,0.1449,1.0689,-3503.93,0.8122
935,11,office_wing_medium,0.3,0,242.0,400,0.0,0.0,1.0,-3196.09,0.8087
936,11,office_wing_medium,0.3,0,222.0,400,0.268,0.1516,1.0912,-3405.0,0.8052
937,11,office_wing_medium,0.3,0,248.33,400,0.0098,0.0009,1.0025,-3123.38,0.8017
938,11,office_wing_medium,0.3,0,242.0,400,0.0821,0.0271,1.03,-3109.83,0.7982
939,11,office_wing_medium,0.3,0,262.0,400,0.0807,0.0575,1.03,-3440.84,0.7946
940,11,office_wing_medium,0.3,0,320.0,400,0.2929,0.1622,1.0963,-3381.62,0.7908
941,11,office_wing_medium,0.3,0,282.67,400,0.1,0.09,1.03,-3236.64,0.7872
942,11,office_wing_medium,0.4,0,333.0,400,0.1402,0.0677,1.0424,-3302.95,0.7835
943,11,office_wing_medium,0.2,0,306.5,400,0.056,0.0282,1.016,-3519.86,0.7797
944,11,office_wing_medium,0.5,0,244.0,400,0.0306,0.0056,1.0122,-2589.9,0.7765
945,11,office_wing_medium,0.3,0,220.33,400,0.0568,0.0264,1.0211,-3098.43,0.773
946,11,office_wing_medium,0.4,0,201.25,400,0.108,0.0819,1.0227,-2742.97,0.7698
947,11,office_wing_medium,0.6,0,251.33,400,0.0,0.0,1.0,-2444.4,0.7667
948,11,office_wing_medium,0.5,0,217.2,400,0.1599,0.0876,1.0489,-2591.81,0.7636
949,11,office_wing_medium,0.4,0,181.5,400,0.1409,0.0922,1.0393,-2693.13,0.7605
950,11,office_wing_medium,0.7,0,271.57,400,0.0433,0.0099,1.0154,-2373.16,0.7574
951,11,office_wing_medium,0.3,0,123.67,400,0.2794,0.1404,1.0886,-2837.3,0.7542
952,11,office_wing_medium,0.5,0,183.0,400,0.097,0.0728,1.0226,-2331.99,0.7513
953,11,office_wing_medium,0.5,0,217.8,400,0.098,0.0429,1.0451,-2546.93,0.7483
954,11,office_wing_medium,0.5,0,286.2,400,0.0363,0.0081,1.017,-2734.93,0.7448
955,11,office_wing_medium,0.4,0,211.0,400,0.3371,0.1379,1.1079,-2783.71,0.7416
956,11,office_wing_medium,0.6,0,276.83,400,0.0603,0.0145,1.0307,-2494.78,0.7383
957,11,office_wing_medium,0.6,0,276.5,400,0.3824,0.1596,1.1339,-2542.97,0.7351
958,11,office_wing_medium,0.7,0,212.43,400,0.0585,0.0179,1.0214,-2097.31,0.7324
959,11,office_wing_medium,0.5,0,189.0,400,0.344,0.1969,1.1013,-2407.5,0.7295
960,11,office_wing_medium,0.5,0,267.0,400,0.304,0.2077,1.0913,-2817.85,0.7261
961,11,office_wing_medium,0.6,0,285.5,400,0.194,0.1002,1.058,-2531.95,0.7228
962,11,office_wing_medium,0.6,0,218.67,400,0.0696,0.0193,1.0325,-2252.12,0.7199
963,11,office_wing_medium,0.6,0,199.83,400,0.0385,0.0134,1.0137,-2094.57,0.7171
964,11,office_wing_medium,0.9,0,234.0,400,0.1662,0.0908,1.0585,-1577.05,0.7146
965,11,office_wing_medium,0.8,0,243.88,400,0.0663,0.018,1.0285,-1897.95,0.7119
966,11,office_wing_medium,0.4,0,216.75,400,0.0894,0.0321,1.0229,-2646.72,0.7086
967,11,office_wing_medium,0.7,0,226.0,400,0.074,0.0493,1.03,-2041.8,0.7058
968,11,office_wing_medium,0.4,0,263.5,400,0.0933,0.0669,1.03,-2842.88,0.7024
969,11,office_wing_medium,0.5,0,164.0,400,0.1321,0.0653,1.0452,-2142.21,0.6996
970,11,office_wing_medium,0.6,0,159.5,400,0.167,0.0727,1.0522,-1975.32,0.697
971,11,office_wing_medium,0.3,0,138.33,400,0.1,0.09,1.03,-2708.75,0.6938
972,11,office_wing_medium,0.3,0,130.0,400,0.122,0.09,1.0399,-2799.98,0.6906
973,11,office_wing_medium,0.7,0,304.86,400,0.152,0.0909,1.0465,-2494.56,0.6873
974,11,office_wing_medium,0.7,0,201.71,400,0.2092,0.099,1.0723,-1800.87,0.6847
975,11,office_wing_medium,0.6,0,235.33,400,0.2243,0.1435,1.0735,-2246.98,0.6817
976,11,office_wing_medium,0.8,0,235.38,400,0.044,0.0174,1.0166,-1755.62,0.679
977,11,office_wing_medium,0.6,0,199.33,400,0.0813,0.0161,1.0277,-2034.47,0.6762
978,11,office_wing_medium,0.4,0,218.75,400,0.414,0.1462,1.1283,-2698.63,0.673
979,11,office_wing_medium,0.5,0,174.2,400,0.084,0.0325,1.0325,-2269.06,0.6701
980,11,office_wing_medium,0.6,0,253.67,400,0.1204,0.0522,1.0467,-2488.36,0.667
981,11,office_wing_medium,0.5,0,238.6,400,0.2244,0.1039,1.075,-2551.31,0.6638
982,11,office_wing_medium,0.6,0,169.17,400,0.1656,0.04,1.0398,-1868.94,0.6612
983,11,office_wing_medium,0.8,0,224.88,400,0.378,0.218,1.1197,-1682.63,0.6586
984,11,office_wing_medium,0.7,0,242.71,400,0.3142,0.145,1.1066,-2100.33,0.6557
985,11,office_wing_medium,0.8,0,240.62,400,0.0992,0.0394,1.0429,-1813.97,0.653
986,11,office_wing_medium,0.7,0,246.43,400,0.1242,0.0828,1.0454,-2073.46,0.6501
987,11,office_wing_medium,0.8,0,225.25,400,0.0355,0.004,1.01,-1695.18,0.6475
988,11,office_wing_medium,0.6,0,182.0,400,0.0,0.0,1.0001,-1974.94,0.6448
989,11,office_wing_medium,0.5,0,212.4,400,0.1502,0.0447,1.0681,-2408.38,0.6417
990,11,office_wing_medium,0.4,0,197.25,400,0.144,0.0986,1.0466,-2722.27,0.6385
991,11,office_wing_medium,0.8,0,231.0,400,0.3156,0.1338,1.1061,-1718.99,0.6359
992,11,office_wing_medium,0.8,0,223.12,400,0.3232,0.1646,1.0902,-1888.53,0.6333
993,11,office_wing_medium,0.8,0,214.62,400,0.1582,0.0626,1.0666,-1738.22,0.6308
994,11,office_wing_medium,0.5,0,135.6,400,0.439,0.221,1.1349,-2092.87,0.6281
995,11,office_wing_medium,0.9,0,227.11,400,0.2204,0.0324,1.0728,-1519.69,0.6257
996,11,office_wing_medium,0.7,0,211.43,400,0.1558,0.0438,1.058,-1979.61,0.623
997,11,office_wing_medium,0.7,0,208.86,400,0.2935,0.127,1.1073,-2001.27,0.6204
998,11,office_wing_medium,0.9,0,215.33,400,0.4402,0.1924,1.1278,-1370.77,0.618
999,11,office_wing_medium,0.9,0,217.22,400,0.2455,0.0727,1.0947,-1327.16,0.6157
1000,11,office_wing_medium,0.8,0,196.62,400,0.1027,0.0257,1.0348,-1483.05,0.6133
1001,11,office_wing_medium,0.9,0,232.44,400,0.2856,0.1396,1.1058,-1504.06,0.6108
1002,11,office_wing_medium,0.8,0,224.88,400,0.3475,0.1597,1.1242,-1733.88,0.6082
1003,11,office_wing_medium,0.9,0,209.22,400,0.084,0.0194,1.0354,-1347.61,0.606
1004,11,office_wing_medium,1.0,1,267.9,400,0.1396,0.0461,1.048,-1579.37,0.6033
1005,11,office_wing_medium,0.9,0,255.67,400,0.1073,0.0266,1.0229,-1648.07,0.6006
1006,11,office_wing_medium,0.8,0,243.75,400,0.2061,0.1441,1.0609,-1711.31,0.5978
1007,11,office_wing_medium,1.0,1,227.0,391,0.1343,0.0295,1.0461,-1159.83,0.5956
1008,11,office_wing_medium,0.8,0,145.0,400,0.254,0.1574,1.09,-1081.66,0.5936
1009,11,office_wing_medium,0.8,0,144.38,400,0.2719,0.0837,1.0942,-1041.91,0.5917
1010,11,office_wing_medium,0.9,0,210.33,400,0.2214,0.0515,1.082,-1247.84,0.5894
1011,11,office_wing_medium,1.0,1,200.9,367,0.2473,0.0494,1.0853,-887.87,0.5874
1012,11,office_wing_medium,0.8,0,202.12,400,0.188,0.1421,1.06,-1434.67,0.585
1013,11,office_wing_medium,0.9,0,213.33,400,0.3218,0.1391,1.1096,-1305.94,0.5827
1014,11,office_wing_medium,1.0,1,237.2,395,0.1823,0.0541,1.0657,-1206.2,0.5803
1015,12,hazard_near_exit_medium,0.0,0,420,420,0.0,0.0,1.0,-4139.42,0.996
1016,12,hazard_near_exit_medium,0.2,0,14.5,420,0.0,0.0,1.0,-3172.12,0.9928
1017,12,hazard_near_exit_medium,0.1,0,296.0,420,0.0,0.0,1.0,-3938.7,0.9889
1018,12,hazard_near_exit_medium,0.2,0,17.5,420,0.0,0.0,1.0,-3190.14,0.9857
1019,12,hazard_near_exit_medium,0.0,0,420,420,0.0,0.0,1.0,-4126.19,0.9817
1020,12,hazard_near_exit_medium,0.1,0,44.0,420,0.0,0.0,1.0,-3687.14,0.9781
1021,12,hazard_near_exit_medium,0.1,0,36.0,420,0.0,0.0,1.0,-3689.66,0.9744
1022,12,hazard_near_exit_medium,0.1,0,190.0,420,0.0,0.0,1.0,-3813.61,0.9707
1023,12,hazard_near_exit_medium,0.1,0,163.0,420,0.0,0.0,1.0,-3799.67,0.9669
1024,12,hazard_near_exit_medium,0.1,0,63.0,420,0.0,0.0,1.0,-3675.8,0.9633
1025,12,hazard_near_exit_medium,0.2,0,105.0,420,0.084,0.0635,1.03,-3359.16,0.9599
1026,12,hazard_near_exit_medium,0.2,0,216.0,420,0.0,0.0,1.0,-3536.22,0.9563
1027,12,hazard_near_exit_medium,0.2,0,92.5,420,0.0,0.0,1.0,-3319.88,0.9529
1028,12,hazard_near_exit_medium,0.2,0,50.0,420,0.0,0.0,1.0,-3228.1,0.9496
1029,12,hazard_near_exit_medium,0.2,0,143.5,420,0.0,0.0,1.0,-3399.89,0.9461
1030,12,hazard_near_exit_medium,0.3,0,123.67,420,0.0,0.0,1.0,-3011.6,0.943
1031,12,hazard_near_exit_medium,0.1,0,33.0,420,0.0,0.0,1.0,-3669.24,0.9394
1032,12,hazard_near_exit_medium,0.3,0,215.33,420,0.0,0.0,1.0,-3258.65,0.936
1033,12,hazard_near_exit_medium,0.2,0,216.5,420,0.0,0.0,1.0,-3566.15,0.9324
1034,12,hazard_near_exit_medium,0.3,0,223.0,420,0.0,0.0,1.0,-3294.47,0.9289
1035,12,hazard_near_exit_medium,0.3,0,163.0,420,0.0,0.0,1.0,-3117.44,0.9257
1036,12,hazard_near_exit_medium,0.3,0,238.67,420,0.0,0.0,1.0,-3335.45,0.9222
1037,12,hazard_near_exit_medium,0.2,0,150.0,420,0.0,0.0,1.0,-3435.36,0.9187
1038,12,hazard_near_exit_medium,0.1,0,13.0,420,0.0,0.0,1.0,-3675.62,0.9151
1039,12,hazard_near_exit_medium,0.3,0,200.67,420,0.0,0.0,1.0,-3214.26,0.9117
1040,12,hazard_near_exit_medium,0.3,0,186.0,420,0.0,0.0,1.0,-3157.11,0.9084
1041,12,hazard_near_exit_medium,0.2,0,178.0,420,0.0,0.0,1.0,-3480.78,0.9049
1042,12,hazard_near_exit_medium,0.1,0,19.0,420,0.0,0.0,1.0,-3666.79,0.9013
1043,12,hazard_near_exit_medium,0.3,0,217.33,420,0.1,0.09,1.03,-3283.44,0.8979
1044,12,hazard_near_exit_medium,0.4,0,111.0,420,0.0,0.0,1.0,-2569.02,0.8951
1045,12,hazard_near_exit_medium,0.3,0,213.33,420,0.028,0.0071,1.0,-3268.53,0.8916
1046,12,hazard_near_exit_medium,0.3,0,133.0,420,0.0,0.0,1.0,-3000.08,0.8885
1047,12,hazard_near_exit_medium,0.3,0,239.67,420,0.0,0.0,1.0,-3304.69,0.885
1048,12,hazard_near_exit_medium,0.2,0,197.0,420,0.0,0.0,1.0,-3530.1,0.8814
1049,12,hazard_near_exit_medium,0.2,0,156.0,420,0.0,0.0,1.0,-3496.8,0.8779
1050,12,hazard_near_exit_medium,0.3,0,128.33,420,0.0,0.0,1.0,-3033.17,0.8748
1051,12,hazard_near_exit_medium,0.3,0,187.67,420,0.0,0.0,1.0,-3176.08,0.8715
1052,12,hazard_near_exit_medium,0.4,0,163.25,420,0.0,0.0,1.0,-2761.15,0.8684
1053,12,hazard_near_exit_medium,0.3,0,178.33,420,0.018,0.0029,1.0002,-3136.85,0.8651
1054,12,hazard_near_exit_medium,0.3,0,136.0,420,0.0,0.0,1.0,-3032.63,0.862
1055,12,hazard_near_exit_medium,0.2,0,124.0,420,0.0,0.0,1.0,-3395.4,0.8585
1056,12,hazard_near_exit_medium,0.3,0,139.0,420,0.0,0.0,1.0,-3062.59,0.8553
1057,12,hazard_near_exit_medium,0.3,0,184.33,420,0.042,0.0159,1.0055,-3225.98,0.852
1058,12,hazard_near_exit_medium,0.2,0,122.5,420,0.0,0.0,1.0,-3419.64,0.8486
1059,12,hazard_near_exit_medium,0.3,0,145.67,420,0.022,0.0044,1.0097,-3061.67,0.8454
1060,12,hazard_near_exit_medium,0.3,0,155.33,420,0.0,0.0,1.0,-3058.74,0.8421
1061,12,hazard_near_exit_medium,0.3,0,68.67,420,0.036,0.0117,1.003,-2833.64,0.8392
1062,12,hazard_near_exit_medium,0.2,0,184.0,420,0.0,0.0,1.0,-3459.68,0.8356
1063,12,hazard_near_exit_medium,0.3,0,102.67,420,0.0,0.0,1.0,-2971.83,0.8325
1064,12,hazard_near_exit_medium,0.2,0,103.5,420,0.0,0.0,1.0,-3338.33,0.8291
1065,12,hazard_near_exit_medium,0.2,0,125.0,420,0.0,0.0,1.0,-3386.72,0.8257
1066,12,hazard_near_exit_medium,0.4,0,107.0,420,0.0,0.0,1.0,-2542.0,0.8229
1067,12,hazard_near_exit_medium,0.1,0,65.0,420,0.0,0.0,1.0,-3685.69,0.8192
1068,12,hazard_near_exit_medium,0.2,0,95.5,420,0.0,0.0,1.0,-3309.9,0.8159
1069,12,hazard_near_exit_medium,0.2,0,204.0,420,0.1,0.09,1.03,-3973.04,0.8123
1070,12,hazard_near_exit_medium,0.3,0,55.0,420,0.0,0.0,1.0,-2754.67,0.8093
1071,12,hazard_near_exit_medium,0.3,0,151.33,420,0.0,0.0,1.0,-3012.62,0.8061
1072,12,hazard_near_exit_medium,0.4,0,105.75,420,0.0,0.0,1.0,-2520.44,0.8033
1073,12,hazard_near_exit_medium,0.3,0,129.33,420,0.0,0.0,1.0,-2967.42,0.8002
1074,12,hazard_near_exit_medium,0.2,0,124.0,420,0.0,0.0,1.0,-3356.65,0.7967
1075,12,hazard_near_exit_medium,0.3,0,78.33,420,0.1,0.09,1.0299,-2869.41,0.7937
1076,12,hazard_near_exit_medium,0.3,0,131.0,420,0.2,0.16,1.06,-2997.58,0.7905
1077,12,hazard_near_exit_medium,0.3,0,95.67,420,0.2,0.16,1.0526,-2982.45,0.7875
1078,12,hazard_near_exit_medium,0.3,0,114.67,420,0.0,0.0,1.0,-2933.65,0.7843
1079,12,hazard_near_exit_medium,0.4,0,91.0,420,0.0,0.0,1.0,-2452.98,0.7816
1080,12,hazard_near_exit_medium,0.2,0,121.0,420,0.112,0.0889,1.0332,-3332.66,0.7782
1081,12,hazard_near_exit_medium,0.3,0,110.33,420,0.0,0.0,1.0,-2917.62,0.7751
1082,12,hazard_near_exit_medium,0.3,0,104.0,420,0.0,0.0,1.0004,-2850.97,0.772
1083,12,hazard_near_exit_medium,0.4,0,77.5,420,0.072,0.0467,1.0295,-2462.95,0.7693
1084,12,hazard_near_exit_medium,0.3,0,122.33,420,0.04,0.0144,1.0127,-2936.07,0.7662
1085,12,hazard_near_exit_medium,0.2,0,131.5,420,0.1043,0.0893,1.0298,-3358.09,0.7627
1086,12,hazard_near_exit_medium,0.3,0,56.33,420,0.1,0.09,1.0297,-2792.49,0.7598
1087,12,hazard_near_exit_medium,0.2,0,64.5,420,0.1,0.09,1.0297,-3245.02,0.7564
1088,12,hazard_near_exit_medium,0.3,0,95.33,420,0.06,0.0324,1.0133,-2888.46,0.7534
1089,12,hazard_near_exit_medium,0.2,0,114.5,420,0.0195,0.0034,1.0077,-3346.44,0.75
1090,12,hazard_near_exit_medium,0.4,0,62.5,420,0.136,0.0945,1.033,-2356.78,0.7473
1091,12,hazard_near_exit_medium,0.2,0,25.0,420,0.0,0.0,1.0,-3149.52,0.7441
1092,12,hazard_near_exit_medium,0.3,0,54.0,420,0.0,0.0,1.0,-2732.12,0.7411
1093,12,hazard_near_exit_medium,0.3,0,195.0,420,0.0,0.0,1.0,-3122.54,0.7378
1094,12,hazard_near_exit_medium,0.2,0,60.0,420,0.0282,0.0072,1.0153,-3245.93,0.7345
1095,12,hazard_near_exit_medium,0.3,0,45.33,420,0.0,0.0,1.0,-2728.38,0.7316
1096,12,hazard_near_exit_medium,0.3,0,97.67,420,0.0,0.0,1.0,-2891.08,0.7285
1097,12,hazard_near_exit_medium,0.2,0,20.0,420,0.1,0.09,1.03,-3279.37,0.7253
1098,12,hazard_near_exit_medium,0.3,0,93.67,420,0.0,0.0,1.0,-2817.84,0.7222
1099,12,hazard_near_exit_medium,0.3,0,77.33,420,0.07,0.0441,1.03,-2798.31,0.7192
1100,12,hazard_near_exit_medium,0.3,0,74.67,420,0.0,0.0,1.0,-2805.74,0.7162
1101,12,hazard_near_exit_medium,0.2,0,82.0,420,0.0,0.0,1.0,-3233.35,0.7128
1102,12,hazard_near_exit_medium,0.5,0,141.8,420,0.0,0.0,1.0,-2275.49,0.7102
1103,12,hazard_near_exit_medium,0.4,0,68.75,420,0.0,0.0,1.0,-2320.42,0.7075
1104,12,hazard_near_exit_medium,0.4,0,148.25,420,0.0,0.0,1.0,-2637.55,0.7045
1105,12,hazard_near_exit_medium,0.3,0,56.67,420,0.0,0.0,1.0,-2780.44,0.7016
1106,12,hazard_near_exit_medium,0.2,0,63.5,420,0.0,0.0,1.0,-3160.85,0.6983
1107,12,hazard_near_exit_medium,0.2,0,204.0,420,0.0,0.0,1.0,-3491.94,0.6947
1108,12,hazard_near_exit_medium,0.5,0,198.8,420,0.0,0.0,1.0,-2516.59,0.6917
1109,12,hazard_near_exit_medium,0.5,0,143.2,420,0.242,0.1591,1.0688,-2247.63,0.6891
1110,12,hazard_near_exit_medium,0.3,0,202.33,420,0.0,0.0,1.0,-3161.91,0.6857
1111,12,hazard_near_exit_medium,0.5,0,183.4,420,0.0,0.0,1.0,-2430.15,0.6828
1112,12,hazard_near_exit_medium,0.5,0,169.6,420,0.0,0.0,1.0,-2339.4,0.68
1113,12,hazard_near_exit_medium,0.5,0,109.2,420,0.0,0.0,1.0,-2149.97,0.6775
1114,12,hazard_near_exit_medium,0.4,0,131.0,420,0.0,0.0,1.0,-2550.05,0.6746
1115,12,hazard_near_exit_medium,0.4,0,75.0,420,0.0,0.0,1.0,-2362.51,0.6719
1116,12,hazard_near_exit_medium,0.5,0,121.4,420,0.0,0.0,1.0,-2084.14,0.6694
1117,12,hazard_near_exit_medium,0.6,0,198.83,420,0.0,0.0,1.0,-2164.34,0.6666
1118,12,hazard_near_exit_medium,0.5,0,244.0,420,0.0,0.0,1.0,-2666.33,0.6635
1119,12,hazard_near_exit_medium,0.5,0,215.2,420,0.0,0.0,1.0,-2558.99,0.6605
1120,12,hazard_near_exit_medium,0.6,0,222.5,420,0.0,0.0,1.0,-2286.15,0.6576
1121,12,hazard_near_exit_medium,0.5,0,170.6,420,0.0,0.0,1.0,-2326.65,0.6548
1122,12,hazard_near_exit_medium,0.5,0,186.4,420,0.0,0.0,1.0,-2343.59,0.6519
1123,12,hazard_near_exit_medium,0.6,0,229.33,420,0.0,0.0,1.0,-2306.56,0.649
1124,12,hazard_near_exit_medium,0.4,0,229.25,420,0.0,0.0,1.0,-2881.24,0.6457
1125,12,hazard_near_exit_medium,0.6,0,221.17,420,0.0,0.0,1.0,-2272.31,0.6429
1126,12,hazard_near_exit_medium,0.7,0,264.43,420,0.0,0.0,1.0,-2232.05,0.6399
1127,12,hazard_near_exit_medium,0.6,0,256.5,420,0.0,0.0,1.0,-2452.0,0.6369
1128,12,hazard_near_exit_medium,0.7,0,190.29,420,0.0,0.0,1.0,-1729.46,0.6344
1129,12,hazard_near_exit_medium,0.5,0,238.2,420,0.0,0.0,1.0,-2620.84,0.6313
1130,12,hazard_near_exit_medium,0.5,0,172.6,420,0.0,0.0,1.0,-2333.36,0.6285
1131,12,hazard_near_exit_medium,0.5,0,150.4,420,0.0,0.0,1.0,-2186.73,0.6258
1132,12,hazard_near_exit_medium,0.5,0,137.0,420,0.0,0.0,1.0,-2146.5,0.6231
1133,12,hazard_near_exit_medium,0.6,0,175.0,420,0.0,0.0,1.0,-2007.52,0.6205
1134,12,hazard_near_exit_medium,0.6,0,220.67,420,0.0,0.0,1.0,-2233.58,0.6177
1135,12,hazard_near_exit_medium,0.4,0,58.5,420,0.0,0.0,1.0,-2272.69,0.615
1136,12,hazard_near_exit_medium,0.7,0,197.0,420,0.0,0.0,1.0,-1795.9,0.6125
1137,12,hazard_near_exit_medium,0.5,0,173.2,420,0.0,0.0,1.0,-2292.23,0.6097
1138,12,hazard_near_exit_medium,0.5,0,141.2,420,0.0,0.0,1.0,-2182.28,0.607
1139,12,hazard_near_exit_medium,0.6,0,218.0,420,0.0,0.0,1.0,-2184.03,0.6042
1140,12,hazard_near_exit_medium,0.7,0,151.0,420,0.0,0.0,1.0,-1545.1,0.602
1141,12,hazard_near_exit_medium,0.8,0,203.75,420,0.0,0.0,1.0,-1497.06,0.5997
1142,12,hazard_near_exit_medium,0.8,0,223.38,420,0.0,0.0,1.0,-1689.34,0.5972
1143,12,hazard_near_exit_medium,0.6,0,208.17,420,0.0,0.0,1.0,-2162.23,0.5944
1144,12,hazard_near_exit_medium,0.5,0,213.8,420,0.0,0.0,1.0,-2471.43,0.5914
1145,12,hazard_near_exit_medium,0.8,0,194.62,420,0.0,0.0,1.0,-1415.52,0.5891
1146,12,hazard_near_exit_medium,0.9,0,216.11,420,0.0,0.0,1.0,-1327.57,0.5868
1147,12,hazard_near_exit_medium,0.7,0,158.86,420,0.0,0.0,1.0,-1525.6,0.5846
1148,12,hazard_near_exit_medium,0.9,0,180.0,420,0.0,0.0,1.0,-1013.09,0.5826
1149,12,hazard_near_exit_medium,0.8,0,208.25,420,0.0,0.0,1.0,-1511.82,0.5803
1150,12,hazard_near_exit_medium,0.8,0,251.0,420,0.0,0.0,1.0,-1802.92,0.5776
1151,12,hazard_near_exit_medium,0.7,0,190.14,420,0.0,0.0,1.0,-1708.47,0.5751
1152,12,hazard_near_exit_medium,0.8,0,183.38,420,0.0,0.0,1.0,-1365.76,0.5729
1153,12,hazard_near_exit_medium,0.8,0,219.75,420,0.0,0.0,1.0,-1612.73,0.5704
1154,12,hazard_near_exit_medium,0.8,0,203.75,420,0.0,0.0,1.0,-1496.67,0.5681
1155,12,hazard_near_exit_medium,0.8,0,167.25,420,0.0,0.0,1.0,-1207.92,0.566
1156,12,hazard_near_exit_medium,0.7,0,203.57,420,0.0,0.0,1.0,-1793.11,0.5635
1157,12,hazard_near_exit_medium,0.9,0,207.78,420,0.0,0.0,1.0,-1193.72,0.5613
1158,12,hazard_near_exit_medium,0.9,0,222.56,420,0.0,0.0,1.0,-1310.31,0.559
1159,12,hazard_near_exit_medium,0.9,0,200.67,420,0.0,0.0,1.0,-1144.51,0.5569
1160,12,hazard_near_exit_medium,0.9,0,178.44,420,0.0,0.0,1.0,-996.62,0.5549
1161,12,hazard_near_exit_medium,0.9,0,210.78,420,0.0,0.0,1.0,-1204.87,0.5527
1162,12,hazard_near_exit_medium,0.7,0,205.29,420,0.0,0.0,1.0,-1751.34,0.5502
1163,12,hazard_near_exit_medium,0.9,0,214.56,420,0.0,0.0,1.0,-1252.08,0.5479
1164,12,hazard_near_exit_medium,0.8,0,168.62,420,0.0,0.0,1.0,-1210.87,0.5459
1165,12,hazard_near_exit_medium,0.9,0,202.11,420,0.0,0.0,1.0,-1193.44,0.5437
1166,12,hazard_near_exit_medium,0.9,0,187.67,420,0.0,0.0,1.0,-1019.6,0.5417
1167,12,hazard_near_exit_medium,0.9,0,233.0,420,0.0,0.0,1.0,-1409.45,0.5393
1168,12,hazard_near_exit_medium,0.8,0,187.0,420,0.0,0.0,1.0,-1309.1,0.5371
1169,12,hazard_near_exit_medium,0.8,0,208.5,420,0.0,0.0,1.0,-1543.46,0.5347
1170,13,bridge_open_medium,0.1818,0,227.0,400,0.0,0.0,1.0,-3846.11,0.9967
1171,13,bridge_open_medium,0.1818,0,276.5,400,0.0,0.0,1.0,-3937.01,0.9933
1172,13,bridge_open_medium,0.0909,0,287.0,400,0.0,0.0,1.0,-4140.82,0.9898
1173,13,bridge_open_medium,0.1818,0,81.0,400,0.0,0.0,1.0,-3534.92,0.9867
1174,13,bridge_open_medium,0.0909,0,161.0,400,0.0,0.0,1.0,-3986.82,0.9833
1175,13,bridge_open_medium,0.2727,0,150.67,400,0.0,0.0,1.0,-3333.18,0.9803
1176,13,bridge_open_medium,0.0909,0,201.0,400,0.0,0.0,1.0,-4069.17,0.9768
1177,13,bridge_open_medium,0.1818,0,156.0,400,0.0,0.0,1.0,-3683.73,0.9736
1178,13,bridge_open_medium,0.0909,0,48.0,400,0.0,0.0,1.0,-3905.89,0.9703
1179,13,bridge_open_medium,0.0,0,400,400,0.0,0.0,1.0,-4318.19,0.9667
1180,13,bridge_open_medium,0.1818,0,177.0,400,0.0,0.0,1.0,-3741.0,0.9635
1181,13,bridge_open_medium,0.0909,0,32.0,400,0.0,0.0,1.0,-3840.9,0.9602
1182,13,bridge_open_medium,0.2727,0,64.67,400,0.0,0.0,1.0,-3105.2,0.9574
1183,13,bridge_open_medium,0.0909,0,114.0,400,0.0,0.0,1.0,-3984.65,0.954
1184,13,bridge_open_medium,0.2727,0,193.67,400,0.0,0.0,1.0,-3449.66,0.9509
1185,13,bridge_open_medium,0.3636,0,271.5,400,0.0,0.0,1.0,-3472.87,0.9478
1186,13,bridge_open_medium,0.1818,0,159.5,400,0.0,0.0,1.0,-3717.7,0.9445
1187,13,bridge_open_medium,0.1818,0,60.5,400,0.0,0.0,1.0,-3490.44,0.9415
1188,13,bridge_open_medium,0.3636,0,122.5,400,0.0,0.0,1.0,-2891.79,0.9388
1189,13,bridge_open_medium,0.0909,0,69.0,400,0.0,0.0,1.0,-3934.99,0.9355
1190,13,bridge_open_medium,0.3636,0,113.0,400,0.0,0.0,1.0,-2845.03,0.9328
1191,13,bridge_open_medium,0.2727,0,130.67,400,0.0,0.0,1.0,-3296.71,0.9299
1192,13,bridge_open_medium,0.1818,0,60.0,400,0.0,0.0,1.0,-3469.7,0.9268
1193,13,bridge_open_medium,0.0909,0,147.0,400,0.0,0.0,1.0,-4002.82,0.9234
1194,13,bridge_open_medium,0.5455,0,201.33,400,0.0,0.0,1.0,-2633.1,0.9208
1195,13,bridge_open_medium,0.2727,0,142.67,400,0.0,0.0,1.0,-3310.2,0.9178
1196,13,bridge_open_medium,0.2727,0,147.33,400,0.0,0.0,1.0,-3302.3,0.9148
1197,13,bridge_open_medium,0.2727,0,141.33,400,0.0,0.0,1.0,-3277.37,0.9119
1198,13,bridge_open_medium,0.2727,0,138.33,400,0.0,0.0,1.0,-3287.44,0.9089
1199,13,bridge_open_medium,0.2727,0,151.0,400,0.0,0.0,1.0,-3316.92,0.9059
1200,13,bridge_open_medium,0.5455,0,210.33,400,0.0,0.0,1.0,-2664.22,0.9033
1201,13,bridge_open_medium,0.4545,0,233.8,400,0.0,0.0,1.0,-3070.4,0.9003
1202,13,bridge_open_medium,0.4545,0,189.8,400,0.0,0.0,1.0,-2872.66,0.8976
1203,13,bridge_open_medium,0.4545,0,256.8,400,0.0,0.0,1.0,-3152.31,0.8946
1204,13,bridge_open_medium,0.6364,0,198.0,400,0.0,0.0,1.0,-2337.73,0.8921
1205,13,bridge_open_medium,0.6364,0,176.86,400,0.0,0.0,1.0,-2152.79,0.8898
1206,13,bridge_open_medium,0.3636,0,129.75,400,0.0,0.0,1.0,-2891.7,0.8871
1207,13,bridge_open_medium,0.3636,0,154.0,400,0.0,0.0,1.0,-2991.93,0.8843
1208,13,bridge_open_medium,0.4545,0,197.2,400,0.0,0.0,1.0,-2898.82,0.8815
1209,13,bridge_open_medium,0.3636,0,215.75,400,0.0,0.0,1.0,-3238.28,0.8785
1210,13,bridge_open_medium,0.4545,0,189.4,400,0.0,0.0,1.0,-2872.97,0.8758
1211,13,bridge_open_medium,0.2727,0,243.67,400,0.0,0.0,1.0,-3596.72,0.8726
1212,13,bridge_open_medium,0.4545,0,218.6,400,0.0,0.0,1.0,-2984.51,0.8697
1213,13,bridge_open_medium,0.5455,0,156.33,400,0.0,0.0,1.0,-2357.54,0.8673
1214,13,bridge_open_medium,0.6364,0,186.43,400,0.0,0.0,1.0,-2228.35,0.8649
1215,13,bridge_open_medium,0.6364,0,273.0,400,0.0,0.0,1.0,-2829.59,0.862
1216,13,bridge_open_medium,0.5455,0,237.0,400,0.0,0.0,1.0,-2827.88,0.8592
1217,13,bridge_open_medium,0.5455,0,145.67,400,0.0,0.0,1.0,-2293.34,0.8569
1218,13,bridge_open_medium,0.5455,0,171.0,400,0.0,0.0,1.0,-2447.95,0.8544
1219,13,bridge_open_medium,0.5455,0,134.83,400,0.0,0.0,1.0,-2238.51,0.8521
1220,13,bridge_open_medium,0.5455,0,161.17,400,0.0,0.0,1.0,-2412.66,0.8497
1221,13,bridge_open_medium,0.7273,0,209.12,400,0.0,0.0,1.0,-2106.38,0.8473
1222,13,bridge_open_medium,0.6364,0,179.57,400,0.0,0.0,1.0,-2200.25,0.845
1223,13,bridge_open_medium,0.6364,0,186.29,400,0.0,0.0,1.0,-2210.83,0.8426
1224,13,bridge_open_medium,0.5455,0,149.33,400,0.0,0.0,1.0,-2301.69,0.8402
1225,13,bridge_open_medium,0.7273,0,158.62,400,0.0,0.0,1.0,-1741.33,0.8382
1226,13,bridge_open_medium,0.4545,0,113.4,400,0.0,0.0,1.0,-2438.17,0.8358
1227,13,bridge_open_medium,0.7273,0,145.62,400,0.0,0.0,1.0,-1630.7,0.8338
1228,13,bridge_open_medium,0.5455,0,141.67,400,0.0,0.0,1.0,-2299.78,0.8315
1229,13,bridge_open_medium,0.6364,0,114.71,400,0.0,0.0,1.0,-1756.06,0.8295
1230,13,bridge_open_medium,0.6364,0,192.43,400,0.0,0.0,1.0,-2262.9,0.8271
1231,13,bridge_open_medium,0.3636,0,189.0,400,0.0,0.0,1.0,-3153.75,0.8242
1232,13,bridge_open_medium,0.6364,0,102.71,400,0.0,0.0,1.0,-1643.1,0.8223
1233,13,bridge_open_medium,0.5455,0,196.5,400,0.0,0.0,1.0,-2586.61,0.8197
1234,13,bridge_open_medium,0.4545,0,145.8,400,0.0,0.0,1.0,-2643.17,0.8171
1235,13,bridge_open_medium,0.8182,0,190.33,400,0.0,0.0,1.0,-1650.61,0.8151
1236,13,bridge_open_medium,0.6364,0,119.71,400,0.0,0.0,1.0,-1773.86,0.8131
1237,13,bridge_open_medium,0.7273,0,170.75,400,0.0,0.0,1.0,-1774.73,0.811
1238,13,bridge_open_medium,0.6364,0,176.29,400,0.0,0.0,1.0,-2131.83,0.8087
1239,13,bridge_open_medium,0.7273,0,193.62,400,0.0,0.0,1.0,-1961.73,0.8064
1240,13,bridge_open_medium,0.5455,0,180.5,400,0.0,0.0,1.0,-2514.33,0.8039
1241,13,bridge_open_medium,0.5455,0,205.83,400,0.0,0.0,1.0,-2621.06,0.8012
1242,13,bridge_open_medium,0.7273,0,169.5,400,0.0,0.0,1.0,-1784.98,0.7991
1243,13,bridge_open_medium,0.5455,0,131.83,400,0.0,0.0,1.0,-2193.19,0.7969
1244,13,bridge_open_medium,0.8182,0,214.33,400,0.0,0.0,1.0,-1795.62,0.7946
1245,13,bridge_open_medium,0.9091,0,188.1,400,0.0,0.0,1.0,-1342.38,0.7928
1246,13,bridge_open_medium,0.8182,0,140.44,400,0.0,0.0,1.0,-1170.11,0.7911
1247,13,bridge_open_medium,0.7273,0,161.75,400,0.0,0.0,1.0,-1718.6,0.789
1248,13,bridge_open_medium,0.7273,0,230.62,400,0.0,0.0,1.0,-2234.03,0.7865
1249,13,bridge_open_medium,0.9091,0,168.0,400,0.0,0.0,1.0,-1122.87,0.7848
1250,13,bridge_open_medium,0.7273,0,164.0,400,0.0,0.0,1.0,-1701.87,0.7828
1251,13,bridge_open_medium,0.9091,0,148.7,400,0.0,0.0,1.0,-920.63,0.7812
1252,13,bridge_open_medium,0.7273,0,119.75,400,0.0,0.0,1.0,-1389.93,0.7795
1253,13,bridge_open_medium,0.8182,0,141.33,400,0.0,0.0,1.0,-1206.1,0.7778
1254,13,bridge_open_medium,0.9091,0,126.6,400,0.0,0.0,1.0,-679.22,0.7764
1255,13,bridge_open_medium,0.7273,0,146.75,400,0.0,0.0,1.0,-1550.39,0.7745
1256,13,bridge_open_medium,0.8182,0,157.56,400,0.0,0.0,1.0,-1322.93,0.7726
1257,13,bridge_open_medium,0.8182,0,161.0,400,0.0,0.0,1.0,-1360.06,0.7708
1258,13,bridge_open_medium,0.8182,0,157.67,400,0.0,0.0,1.0,-1310.16,0.769
1259,13,bridge_open_medium,0.7273,0,133.88,400,0.0,0.0,1.0,-1448.51,0.7671
1260,13,bridge_open_medium,0.8182,0,192.33,400,0.0,0.0,1.0,-1635.51,0.765
1261,13,bridge_open_medium,1.0,1,145.55,300,0.0,0.0,1.0,-540.72,0.7637
1262,13,bridge_open_medium,0.8182,0,146.11,400,0.0,0.0,1.0,-1236.33,0.762
1263,13,bridge_open_medium,0.9091,0,174.1,400,0.0,0.0,1.0,-1150.51,0.7602
1264,13,bridge_open_medium,0.7273,0,147.0,400,0.0,0.0,1.0,-1559.61,0.7583
1265,13,bridge_open_medium,0.8182,0,159.0,400,0.0,0.0,1.0,-1338.91,0.7565
1266,13,bridge_open_medium,0.9091,0,184.7,400,0.0,0.0,1.0,-1250.53,0.7546
1267,13,bridge_open_medium,0.8182,0,173.67,400,0.0,0.0,1.0,-1443.1,0.7527
1268,13,bridge_open_medium,0.8182,0,155.44,400,0.0,0.0,1.0,-1325.24,0.7509
1269,13,bridge_open_medium,0.8182,0,176.44,400,0.0,0.0,1.0,-1496.82,0.7489
1270,13,bridge_open_medium,0.9091,0,142.6,400,0.0,0.0,1.0,-852.34,0.7474
1271,14,bridge_corridor_medium,0.0,0,400,400,0.0,0.0,1.0,-4311.2,0.9964
1272,14,bridge_corridor_medium,0.0,0,400,400,0.0,0.0,1.0,-4336.24,0.9928
1273,14,bridge_corridor_medium,0.0,0,400,400,0.0,0.0,1.0,-4337.28,0.9892
1274,14,bridge_corridor_medium,0.0,0,400,400,0.0,0.0,1.0,-4304.89,0.9856
1275,14,bridge_corridor_medium,0.0,0,400,400,0.0,0.0,1.0,-4329.36,0.982
1276,14,bridge_corridor_medium,0.0,0,400,400,0.0,0.0,1.0,-4294.15,0.9784
1277,14,bridge_corridor_medium,0.0,0,400,400,0.0,0.0,1.0,-4337.59,0.9748
1278,14,bridge_corridor_medium,0.0909,0,154.0,400,0.0,0.0,1.0,-3946.25,0.9714
1279,14,bridge_corridor_medium,0.0,0,400,400,0.0,0.0,1.0,-4315.18,0.9678
1280,14,bridge_corridor_medium,0.0909,0,372.0,400,0.0,0.0,1.0,-4161.13,0.9642
1281,14,bridge_corridor_medium,0.0,0,400,400,0.0,0.0,1.0,-4291.92,0.9606
1282,14,bridge_corridor_medium,0.1818,0,225.0,400,0.0,0.0,1.0,-3743.16,0.9573
1283,14,bridge_corridor_medium,0.0,0,400,400,0.0,0.0,1.0,-4305.2,0.9537
1284,14,bridge_corridor_medium,0.0,0,400,400,0.0,0.0,1.0,-4293.97,0.9501
1285,14,bridge_corridor_medium,0.0909,0,350.0,400,0.0,0.0,1.0,-4185.83,0.9465
1286,14,bridge_corridor_medium,0.0909,0,279.0,400,0.0,0.0,1.0,-4073.08,0.943
1287,14,bridge_corridor_medium,0.0909,0,196.0,400,0.0,0.0,1.0,-3972.89,0.9396
1288,14,bridge_corridor_medium,0.0909,0,133.0,400,0.0,0.0,1.0,-3937.12,0.9362
1289,14,bridge_corridor_medium,0.0909,0,252.0,400,0.0,0.0,1.0,-4035.0,0.9327
1290,14,bridge_corridor_medium,0.0,0,400,400,0.0,0.0,1.0,-4240.78,0.9291
1291,14,bridge_corridor_medium,0.0909,0,389.0,400,0.0,0.0,1.0,-4199.8,0.9255
1292,14,bridge_corridor_medium,0.1818,0,174.0,400,0.0,0.0,1.0,-3608.45,0.9223
1293,14,bridge_corridor_medium,0.0909,0,152.0,400,0.0,0.0,1.0,-3899.2,0.9189
1294,14,bridge_corridor_medium,0.0909,0,176.0,400,0.0,0.0,1.0,-3916.59,0.9154
1295,14,bridge_corridor_medium,0.0909,0,125.0,400,0.0,0.0,1.0,-3895.13,0.9121
1296,14,bridge_corridor_medium,0.1818,0,184.5,400,0.0,0.0,1.0,-3639.58,0.9088
1297,14,bridge_corridor_medium,0.0,0,400,400,0.0,0.0,1.0,-4206.1,0.9052
1298,14,bridge_corridor_medium,0.0909,0,239.0,400,0.0,0.0,1.0,-3989.22,0.9017
1299,14,bridge_corridor_medium,0.1818,0,323.5,400,0.0,0.0,1.0,-3863.84,0.8983
1300,14,bridge_corridor_medium,0.2727,0,296.0,400,0.0,0.0,1.0,-3656.23,0.8949
1301,14,bridge_corridor_medium,0.0909,0,326.0,400,0.0,0.0,1.0,-4058.58,0.8914
1302,14,bridge_corridor_medium,0.1818,0,134.0,400,0.0,0.0,1.0,-3521.62,0.8882
1303,14,bridge_corridor_medium,0.0909,0,320.0,400,0.0,0.0,1.0,-3996.92,0.8847
1304,14,bridge_corridor_medium,0.0909,0,214.0,400,0.0,0.0,1.0,-3895.29,0.8812
1305,14,bridge_corridor_medium,0.1818,0,252.0,400,0.0,0.0,1.0,-3704.38,0.8779
1306,14,bridge_corridor_medium,0.1818,0,367.5,400,0.0,0.0,1.0,-3973.49,0.8743
1307,14,bridge_corridor_medium,0.1818,0,236.0,400,0.0,0.0,1.0,-3643.74,0.871
1308,14,bridge_corridor_medium,0.0909,0,155.0,400,0.0,0.0,1.0,-3847.92,0.8676
1309,14,bridge_corridor_medium,0.1818,0,268.0,400,0.0,0.0,1.0,-3708.41,0.8642
1310,14,bridge_corridor_medium,0.1818,0,223.0,400,0.0,0.0,1.0,-3661.92,0.8609
1311,14,bridge_corridor_medium,0.1818,0,299.5,400,0.0,0.0,1.0,-3806.8,0.8574
1312,14,bridge_corridor_medium,0.2727,0,307.33,400,0.0,0.0,1.0,-3612.66,0.854
1313,14,bridge_corridor_medium,0.0909,0,314.0,400,0.0,0.0,1.0,-3966.01,0.8505
1314,14,bridge_corridor_medium,0.0909,0,158.0,400,0.0,0.0,1.0,-3860.9,0.8471
1315,14,bridge_corridor_medium,0.1818,0,247.0,400,0.0,0.0,1.0,-3652.41,0.8438
1316,14,bridge_corridor_medium,0.0,0,400,400,0.0,0.0,1.0,-4134.08,0.8402
1317,14,bridge_corridor_medium,0.1818,0,286.5,400,0.0,0.0,1.0,-3755.79,0.8367
1318,14,bridge_corridor_medium,0.0909,0,198.0,400,0.0,0.0,1.0,-3842.23,0.8333
1319,14,bridge_corridor_medium,0.2727,0,243.33,400,0.0,0.0,1.0,-3427.65,0.8301
1320,14,bridge_corridor_medium,0.2727,0,264.33,400,0.0,0.0,1.0,-3454.03,0.8268
1321,14,bridge_corridor_medium,0.1818,0,290.5,400,0.0,0.0,1.0,-3752.73,0.8234
1322,14,bridge_corridor_medium,0.0909,0,388.0,400,0.0,0.0,1.0,-4021.16,0.8198
1323,14,bridge_corridor_medium,0.1818,0,207.0,400,0.0,0.0,1.0,-3540.55,0.8165
1324,14,bridge_corridor_medium,0.1818,0,240.0,400,0.0,0.0,1.0,-3597.54,0.8132
1325,14,bridge_corridor_medium,0.3636,0,254.25,400,0.0,0.0,1.0,-3183.25,0.81
1326,14,bridge_corridor_medium,0.1818,0,213.5,400,0.0,0.0,1.0,-3570.36,0.8067
1327,14,bridge_corridor_medium,0.1818,0,227.0,400,0.0,0.0,1.0,-3567.0,0.8034
1328,14,bridge_corridor_medium,0.1818,0,362.5,400,0.0,0.0,1.0,-3874.75,0.7999
1329,14,bridge_corridor_medium,0.3636,0,215.75,400,0.0,0.0,1.0,-3070.09,0.7969
1330,14,bridge_corridor_medium,0.2727,0,176.67,400,0.0,0.0,1.0,-3151.5,0.7938
1331,14,bridge_corridor_medium,0.3636,0,236.25,400,0.0,0.0,1.0,-3122.02,0.7908
1332,14,bridge_corridor_medium,0.4545,0,256.2,400,0.0,0.0,1.0,-2987.77,0.7877
1333,14,bridge_corridor_medium,0.4545,0,302.8,400,0.0,0.0,1.0,-3133.02,0.7845
1334,14,bridge_corridor_medium,0.1818,0,136.0,400,0.0,0.0,1.0,-3441.66,0.7814
1335,14,bridge_corridor_medium,0.3636,0,191.0,400,0.0,0.0,1.0,-2927.92,0.7784
1336,14,bridge_corridor_medium,0.5455,0,273.67,400,0.0,0.0,1.0,-2789.32,0.7755
1337,14,bridge_corridor_medium,0.3636,0,204.0,400,0.0,0.0,1.0,-2968.6,0.7725
1338,14,bridge_corridor_medium,0.5455,0,261.17,400,0.0,0.0,1.0,-2738.92,0.7696
1339,14,bridge_corridor_medium,0.4545,0,241.2,400,0.0,0.0,1.0,-2839.92,0.7666
1340,14,bridge_corridor_medium,0.2727,0,219.33,400,0.0,0.0,1.0,-3266.54,0.7635
1341,14,bridge_corridor_medium,0.3636,0,256.5,400,0.0,0.0,1.0,-3153.17,0.7603
1342,14,bridge_corridor_medium,0.2727,0,237.67,400,0.0,0.0,1.0,-3308.46,0.7571
1343,14,bridge_corridor_medium,0.5455,0,227.0,400,0.0,0.0,1.0,-2478.07,0.7544
1344,14,bridge_corridor_medium,0.5455,0,238.33,400,0.0,0.0,1.0,-2590.89,0.7516
1345,14,bridge_corridor_medium,0.6364,0,311.86,400,0.0,0.0,1.0,-2781.17,0.7485
1346,14,bridge_corridor_medium,0.4545,0,254.4,400,0.0,0.0,1.0,-2911.5,0.7455
1347,14,bridge_corridor_medium,0.5455,0,224.33,400,0.0,0.0,1.0,-2483.76,0.7427
1348,14,bridge_corridor_medium,0.5455,0,280.17,400,0.0,0.0,1.0,-2765.6,0.7397
1349,14,bridge_corridor_medium,0.4545,0,234.8,400,0.0,0.0,1.0,-2789.32,0.7368
1350,14,bridge_corridor_medium,0.5455,0,295.17,400,0.0,0.0,1.0,-2848.93,0.7337
1351,14,bridge_corridor_medium,0.7273,0,269.62,400,0.0,0.0,1.0,-2278.34,0.7309
1352,14,bridge_corridor_medium,0.5455,0,241.67,400,0.0,0.0,1.0,-2577.95,0.7281
1353,14,bridge_corridor_medium,0.5455,0,213.67,400,0.0,0.0,1.0,-2385.61,0.7254
1354,14,bridge_corridor_medium,0.6364,0,256.57,400,0.0,0.0,1.0,-2384.45,0.7226
1355,14,bridge_corridor_medium,0.6364,0,260.14,400,0.0,0.0,1.0,-2369.44,0.7198
1356,14,bridge_corridor_medium,0.7273,0,282.5,400,0.0,0.0,1.0,-2363.25,0.717
1357,14,bridge_corridor_medium,0.7273,0,240.38,400,0.0,0.0,1.0,-2071.99,0.7145
1358,14,bridge_corridor_medium,0.8182,0,244.22,400,0.0,0.0,1.0,-1862.48,0.712
1359,14,bridge_corridor_medium,0.7273,0,255.38,400,0.0,0.0,1.0,-2184.26,0.7093
1360,14,bridge_corridor_medium,0.7273,0,204.0,400,0.0,0.0,1.0,-1778.02,0.707
1361,14,bridge_corridor_medium,0.7273,0,243.38,400,0.0,0.0,1.0,-2047.13,0.7044
1362,14,bridge_corridor_medium,1.0,1,264.82,363,0.0,0.0,1.0,-1596.13,0.7021
1363,14,bridge_corridor_medium,0.9091,0,247.9,400,0.0,0.0,1.0,-1655.71,0.6997
1364,14,bridge_corridor_medium,0.8182,0,282.0,400,0.0,0.0,1.0,-2158.93,0.697
1365,14,bridge_corridor_medium,0.7273,0,238.62,400,0.0,0.0,1.0,-2037.82,0.6944
1366,14,bridge_corridor_medium,1.0,1,261.27,373,0.0,0.0,1.0,-1521.04,0.6921
1367,14,bridge_corridor_medium,1.0,1,255.91,370,0.0,0.0,1.0,-1476.57,0.6898
1368,14,bridge_corridor_medium,0.9091,0,250.0,400,0.0,0.0,1.0,-1659.04,0.6874
1369,14,bridge_corridor_medium,0.7273,0,306.5,400,0.0,0.0,1.0,-2511.77,0.6844
1370,14,bridge_corridor_medium,0.9091,0,267.4,400,0.0,0.0,1.0,-1829.1,0.6819
1371,14,bridge_corridor_medium,0.9091,0,240.4,400,0.0,0.0,1.0,-1550.66,0.6796
1372,14,bridge_corridor_medium,0.8182,0,239.33,400,0.0,0.0,1.0,-1782.33,0.6772
1373,14,bridge_corridor_medium,0.9091,0,274.9,400,0.0,0.0,1.0,-1841.38,0.6746
1374,14,bridge_corridor_medium,0.9091,0,237.8,400,0.0,0.0,1.0,-1513.81,0.6723
1375,14,bridge_corridor_medium,0.9091,0,268.9,400,0.0,0.0,1.0,-1794.51,0.6698
1376,14,bridge_corridor_medium,1.0,1,258.82,374,0.0,0.0,1.0,-1469.51,0.6675
1377,14,bridge_corridor_medium,1.0,1,250.64,360,0.0,0.0,1.0,-1389.31,0.6652
1378,14,bridge_corridor_medium,0.9091,0,283.6,400,0.0,0.0,1.0,-1914.22,0.6625
1379,14,bridge_corridor_medium,0.9091,0,220.8,400,0.0,0.0,1.0,-1350.91,0.6604
1380,15,bridge_hazard_intro,0.25,0,94.0,420,0.0,0.0,1.0,-3761.05,0.9971
1381,15,bridge_hazard_intro,0.0833,0,253.0,420,0.0,0.0,1.0,-4697.54,0.9936
1382,15,bridge_hazard_intro,0.0,0,420,420,0.0,0.0,1.0,-4969.6,0.9899
1383,15,bridge_hazard_intro,0.1667,0,144.5,420,0.0,0.0,1.0,-4235.36,0.9867
1384,15,bridge_hazard_intro,0.1667,0,352.0,420,0.0,0.0,1.0,-4651.23,0.9832
1385,15,bridge_hazard_intro,0.0833,0,148.0,420,0.0,0.0,1.0,-4609.16,0.9798
1386,15,bridge_hazard_intro,0.1667,0,231.5,420,0.0833,0.0764,1.025,-4443.47,0.9764
1387,15,bridge_hazard_intro,0.0833,0,94.0,420,0.0,0.0,1.0,-4553.55,0.973
1388,15,bridge_hazard_intro,0.1667,0,230.5,420,0.0,0.0,1.0,-4426.45,0.9696
1389,15,bridge_hazard_intro,0.1667,0,99.5,420,0.0,0.0,1.0,-4136.67,0.9665
1390,15,bridge_hazard_intro,0.1667,0,217.5,420,0.0,0.0,1.0,-4346.9,0.9631
1391,15,bridge_hazard_intro,0.25,0,192.0,420,0.0,0.0,1.0,-4000.24,0.96
1392,15,bridge_hazard_intro,0.25,0,170.0,420,0.0,0.0,1.0,-3950.0,0.9569
1393,15,bridge_hazard_intro,0.1667,0,122.0,420,0.0,0.0,1.0,-4192.75,0.9537
1394,15,bridge_hazard_intro,0.0833,0,87.0,420,0.0,0.0,1.0,-4549.95,0.9503
1395,15,bridge_hazard_intro,0.0833,0,205.0,420,0.0,0.0,1.0,-4671.06,0.9469
1396,15,bridge_hazard_intro,0.25,0,172.33,420,0.0,0.0,1.0,-3966.69,0.9438
1397,15,bridge_hazard_intro,0.3333,0,200.75,420,0.0,0.0,1.0,-3732.85,0.9408
1398,15,bridge_hazard_intro,0.0833,0,372.0,420,0.0,0.0,1.0,-4802.48,0.9372
1399,15,bridge_hazard_intro,0.25,0,158.0,420,0.0,0.0,1.0,-3903.78,0.9341
1400,15,bridge_hazard_intro,0.3333,0,256.25,420,0.0,0.0,1.0,-3924.51,0.931
1401,15,bridge_hazard_intro,0.4167,0,221.0,420,0.0,0.0,1.0,-3512.06,0.9281
1402,15,bridge_hazard_intro,0.3333,0,218.5,420,0.0,0.0,1.0,-3797.39,0.925
1403,15,bridge_hazard_intro,0.25,0,264.0,420,0.0,0.0,1.0,-4229.81,0.9217
1404,15,bridge_hazard_intro,0.3333,0,195.75,420,0.0,0.0,1.0,-3706.6,0.9187
1405,15,bridge_hazard_intro,0.4167,0,218.2,420,0.0,0.0,1.0,-3501.02,0.9158
1406,15,bridge_hazard_intro,0.5,0,215.67,420,0.0,0.0,1.0,-3190.49,0.9131
1407,15,bridge_hazard_intro,0.3333,0,140.0,420,0.0,0.0,1.0,-3523.35,0.9103
1408,15,bridge_hazard_intro,0.25,0,211.33,420,0.0,0.0,1.0,-4066.23,0.9071
1409,15,bridge_hazard_intro,0.0833,0,92.0,420,0.0,0.0,1.0,-4510.89,0.9037
1410,15,bridge_hazard_intro,0.25,0,340.33,420,0.0,0.0,1.0,-4423.87,0.9002
1411,15,bridge_hazard_intro,0.1667,0,223.0,420,0.0,0.0,1.0,-4351.55,0.8969
1412,15,bridge_hazard_intro,0.0833,0,242.0,420,0.0,0.0,1.0,-4661.36,0.8934
1413,15,bridge_hazard_intro,0.0833,0,365.0,420,0.0,0.0,1.0,-4782.14,0.8898
1414,15,bridge_hazard_intro,0.1667,0,195.0,420,0.0,0.0,1.0,-4297.73,0.8865
1415,15,bridge_hazard_intro,0.1667,0,166.5,420,0.0,0.0,1.0,-4249.48,0.8833
1416,15,bridge_hazard_intro,0.5,0,166.0,420,0.0,0.0,1.0,-2874.13,0.8807
1417,15,bridge_hazard_intro,0.25,0,257.67,420,0.0,0.0,1.0,-4186.26,0.8774
1418,15,bridge_hazard_intro,0.25,0,244.0,420,0.0,0.0,1.0,-4100.5,0.8742
1419,15,bridge_hazard_intro,0.3333,0,263.25,420,0.0,0.0,1.0,-3938.27,0.871
1420,15,bridge_hazard_intro,0.5,0,172.5,420,0.0,0.0,1.0,-2925.14,0.8685
1421,15,bridge_hazard_intro,0.4167,0,199.8,420,0.0,0.0,1.0,-3376.78,0.8656
1422,15,bridge_hazard_intro,0.5833,0,199.71,420,0.0,0.0,1.0,-2783.84,0.8631
1423,15,bridge_hazard_intro,0.5,0,195.83,420,0.0,0.0,1.0,-3051.28,0.8604
1424,15,bridge_hazard_intro,0.4167,0,204.0,420,0.0,0.0,1.0,-3420.51,0.8576
1425,15,bridge_hazard_intro,0.75,0,256.67,420,0.0,0.0,1.0,-2666.05,0.855
1426,15,bridge_hazard_intro,0.4167,0,231.6,420,0.0,0.0,1.0,-3519.49,0.8521
1427,15,bridge_hazard_intro,0.5833,0,168.71,420,0.0,0.0,1.0,-2555.69,0.8497
1428,15,bridge_hazard_intro,0.6667,0,182.0,420,0.0,0.0,1.0,-2337.31,0.8475
1429,15,bridge_hazard_intro,0.5,0,231.67,420,0.0,0.0,1.0,-3266.89,0.8446
1430,15,bridge_hazard_intro,0.75,0,255.0,420,0.0,0.0,1.0,-2630.19,0.8421
1431,15,bridge_hazard_intro,0.6667,0,260.25,420,0.0,0.0,1.0,-2927.66,0.8394
1432,15,bridge_hazard_intro,0.5,0,224.83,420,0.0,0.0,1.0,-3208.09,0.8366
1433,15,bridge_hazard_intro,0.5833,0,199.71,420,0.0,0.0,1.0,-2768.02,0.8341
1434,15,bridge_hazard_intro,0.5833,0,212.0,420,0.0,0.0,1.0,-2835.8,0.8315
1435,15,bridge_hazard_intro,0.8333,0,286.7,420,0.0,0.0,1.0,-2709.39,0.8288
1436,15,bridge_hazard_intro,0.6667,0,271.88,420,0.0,0.0,1.0,-3009.55,0.8261
1437,15,bridge_hazard_intro,0.5833,0,252.29,420,0.0,0.0,1.0,-3157.16,0.8233
1438,15,bridge_hazard_intro,0.6667,0,234.62,420,0.0,0.0,1.0,-2723.86,0.8207
1439,15,bridge_hazard_intro,0.5833,0,205.57,420,0.0,0.0,1.0,-2830.89,0.8182
1440,15,bridge_hazard_intro,0.75,0,264.67,420,0.0,0.0,1.0,-2732.5,0.8155
1441,15,bridge_hazard_intro,0.5,0,286.17,420,0.0,0.0,1.0,-3641.39,0.8125
1442,15,bridge_hazard_intro,0.4167,0,272.4,420,0.0,0.0,1.0,-3728.52,0.8094
1443,15,bridge_hazard_intro,0.9167,0,260.18,420,0.0,0.0,1.0,-2194.91,0.807
1444,15,bridge_hazard_intro,0.9167,0,251.27,420,0.0,0.0,1.0,-2127.9,0.8047
1445,15,bridge_hazard_intro,0.75,0,215.44,420,0.0,0.0,1.0,-2268.69,0.8024
1446,15,bridge_hazard_intro,0.75,0,238.44,420,0.0,0.0,1.0,-2523.23,0.8
1447,15,bridge_hazard_intro,0.6667,0,281.5,420,0.0,0.0,1.0,-3118.67,0.7972
1448,15,bridge_hazard_intro,0.9167,0,267.27,420,0.0,0.0,1.0,-2262.43,0.7947
1449,15,bridge_hazard_intro,0.8333,0,257.2,420,0.0,0.0,1.0,-2440.57,0.7923
1450,15,bridge_hazard_intro,0.6667,0,208.75,420,0.0,0.0,1.0,-2585.16,0.7899
1451,15,bridge_hazard_intro,0.75,0,255.22,420,0.0,0.0,1.0,-2642.25,0.7873
1452,15,bridge_hazard_intro,0.6667,0,235.75,420,0.0,0.0,1.0,-2790.68,0.7848
1453,15,bridge_hazard_intro,0.75,0,214.22,420,0.0,0.0,1.0,-2299.29,0.7825
1454,15,bridge_hazard_intro,0.75,0,259.0,420,0.0,0.0,1.0,-2670.07,0.7799
1455,15,bridge_hazard_intro,0.8333,0,230.6,420,0.0,0.0,1.0,-2122.64,0.7776
1456,15,bridge_hazard_intro,0.6667,0,245.62,420,0.0,0.0,1.0,-2831.43,0.775
1457,15,bridge_hazard_intro,0.8333,0,251.3,420,0.0,0.0,1.0,-2373.24,0.7726
1458,15,bridge_hazard_intro,0.75,0,249.0,420,0.0,0.0,1.0,-2600.12,0.7701
1459,15,bridge_hazard_intro,0.9167,0,206.45,420,0.0,0.0,1.0,-1596.94,0.7681
1460,15,bridge_hazard_intro,0.9167,0,214.27,420,0.0,0.0,1.0,-1698.35,0.7661
1461,15,bridge_hazard_intro,0.75,0,222.0,420,0.0,0.0,1.0,-2340.89,0.7638
1462,15,bridge_hazard_intro,0.9167,0,216.0,420,0.0,0.0,1.0,-1735.66,0.7618
1463,15,bridge_hazard_intro,0.9167,0,220.45,420,0.0,0.0,1.0,-1765.42,0.7597
1464,15,bridge_hazard_intro,0.8333,0,195.3,420,0.0,0.0,1.0,-1816.41,0.7577
1465,15,bridge_hazard_intro,0.9167,0,250.18,420,0.0,0.0,1.0,-2089.03,0.7554
1466,15,bridge_hazard_intro,0.8333,0,220.3,420,0.0,0.0,1.0,-2031.78,0.7532
1467,15,bridge_hazard_intro,0.9167,0,211.36,420,0.0,0.0,1.0,-1643.11,0.7513
1468,15,bridge_hazard_intro,0.9167,0,234.91,420,0.0,0.0,1.0,-1920.38,0.7491
1469,15,bridge_hazard_intro,0.9167,0,213.36,420,0.0,0.0,1.0,-1688.71,0.7471
1470,15,bridge_hazard_intro,0.8333,0,198.3,420,0.0,0.0,1.0,-1801.53,0.7451
1471,15,bridge_hazard_intro,0.9167,0,189.55,420,0.0,0.0,1.0,-1423.17,0.7433
1472,16,bridge_multi_exit,0.0,0,420,420,0.0833,0.0764,1.025,-5758.84,0.996
1473,16,bridge_multi_exit,0.0,0,420,420,0.0,0.0,1.0,-5019.63,0.992
1474,16,bridge_multi_exit,0.0833,0,114.0,420,0.0,0.0,1.0,-4594.05,0.9883
1475,16,bridge_multi_exit,0.0,0,420,420,0.0,0.0,1.0,-4975.08,0.9843
1476,16,bridge_multi_exit,0.0,0,420,420,0.155,0.1209,1.05,-5209.88,0.9803
1477,16,bridge_multi_exit,0.25,0,257.33,420,0.0833,0.0764,1.025,-4424.4,0.9767
1478,16,bridge_multi_exit,0.1667,0,237.0,420,0.0833,0.0764,1.025,-5040.17,0.973
1479,16,bridge_multi_exit,0.1667,0,301.0,420,0.0,0.0,1.0,-4571.17,0.9692
1480,16,bridge_multi_exit,0.0833,0,298.0,420,0.0833,0.0764,1.025,-5210.09,0.9653
1481,16,bridge_multi_exit,0.1667,0,335.5,420,0.0,0.0,1.0,-4813.02,0.9614
1482,16,bridge_multi_exit,0.0833,0,337.0,420,0.0,0.0,1.0,-4806.79,0.9575
1483,16,bridge_multi_exit,0.25,0,294.33,420,0.0,0.0,1.0,-4310.57,0.9538
1484,16,bridge_multi_exit,0.0,0,420,420,0.0,0.0,1.0,-4987.01,0.9498
1485,16,bridge_multi_exit,0.25,0,260.0,420,0.0,0.0,1.0,-4269.72,0.9462
1486,16,bridge_multi_exit,0.3333,0,234.0,420,0.0,0.0,1.0,-3866.94,0.9428
1487,16,bridge_multi_exit,0.1667,0,163.0,420,0.0833,0.0764,1.025,-4319.99,0.9392
1488,16,bridge_multi_exit,0.25,0,273.0,420,0.0233,0.006,1.0127,-4258.55,0.9356
1489,16,bridge_multi_exit,0.3333,0,203.75,420,0.0,0.0,1.0,-3739.22,0.9323
1490,16,bridge_multi_exit,0.25,0,256.67,420,0.0,0.0,1.0,-4193.18,0.9287
1491,16,bridge_multi_exit,0.3333,0,264.0,420,0.0,0.0,1.0,-3978.49,0.9252
1492,16,bridge_multi_exit,0.5833,0,291.43,420,0.0833,0.0764,1.025,-3606.72,0.9219
1493,16,bridge_multi_exit,0.5,0,218.83,420,0.0,0.0,1.0,-3316.89,0.9189
1494,16,bridge_multi_exit,0.3333,0,307.5,420,0.0,0.0,1.0,-4118.27,0.9152
1495,16,bridge_multi_exit,0.25,0,363.33,420,0.0,0.0,1.0,-4478.47,0.9114
1496,16,bridge_multi_exit,0.5,0,226.83,420,0.0,0.0,1.0,-3355.33,0.9083
1497,16,bridge_multi_exit,0.5,0,251.5,420,0.0,0.0,1.0,-3549.12,0.9051
1498,16,bridge_multi_exit,0.5833,0,270.14,420,0.0,0.0,1.0,-3291.82,0.9019
1499,16,bridge_multi_exit,0.6667,0,252.38,420,0.0,0.0,1.0,-2884.5,0.899
1500,16,bridge_multi_exit,0.75,0,251.78,420,0.0,0.0,1.0,-2666.01,0.8962
1501,16,bridge_multi_exit,0.5,0,244.5,420,0.0,0.0,1.0,-3369.5,0.8931
1502,16,bridge_multi_exit,0.6667,0,275.12,420,0.0,0.0,1.0,-3104.44,0.89
1503,16,bridge_multi_exit,0.5833,0,231.71,420,0.0,0.0,1.0,-3002.36,0.887
1504,16,bridge_multi_exit,0.5,0,220.83,420,0.0,0.0,1.0,-3223.17,0.884
1505,16,bridge_multi_exit,0.75,0,244.22,420,0.0,0.0,1.0,-2578.28,0.8812
1506,16,bridge_multi_exit,0.6667,0,248.88,420,0.0,0.0,1.0,-2882.68,0.8783
1507,16,bridge_multi_exit,0.6667,0,204.0,420,0.0,0.0,1.0,-2551.17,0.8757
1508,16,bridge_multi_exit,0.9167,0,246.82,420,0.0,0.0,1.0,-2095.1,0.8732
1509,16,bridge_multi_exit,0.5833,0,272.43,420,0.0,0.0,1.0,-3339.61,0.8701
1510,16,bridge_multi_exit,0.6667,0,225.75,420,0.0,0.0,1.0,-2707.5,0.8673
1511,16,bridge_multi_exit,0.75,0,259.67,420,0.0,0.0,1.0,-2806.09,0.8645
1512,16,bridge_multi_exit,0.75,0,197.67,420,0.0,0.0,1.0,-2205.03,0.862
1513,16,bridge_multi_exit,0.6667,0,231.12,420,0.0833,0.0764,1.025,-2789.16,0.8592
1514,16,bridge_multi_exit,0.9167,0,243.27,420,0.0,0.0,1.0,-2075.67,0.8568
1515,16,bridge_multi_exit,0.5,0,215.0,420,0.0,0.0,1.0,-3269.59,0.8538
1516,16,bridge_multi_exit,0.8333,0,230.4,420,0.0,0.0,1.0,-2231.22,0.8513
1517,16,bridge_multi_exit,0.9167,0,225.18,420,0.0,0.0,1.0,-1863.28,0.849
1518,16,bridge_multi_exit,0.9167,0,253.73,420,0.0,0.0,1.0,-2193.75,0.8465
1519,16,bridge_multi_exit,0.8333,0,214.1,420,0.0,0.0,1.0,-2032.03,0.8441
1520,16,bridge_multi_exit,0.8333,0,193.8,420,0.0,0.0,1.0,-1940.26,0.8419
1521,16,bridge_multi_exit,0.8333,0,222.5,420,0.0,0.0,1.0,-2184.33,0.8395
1522,16,bridge_multi_exit,0.9167,0,220.91,420,0.0,0.0,1.0,-1828.86,0.8372
1523,16,bridge_multi_exit,0.8333,0,194.0,420,0.0,0.0,1.0,-2031.47,0.835
1524,16,bridge_multi_exit,0.9167,0,231.73,420,0.0,0.0,1.0,-2087.62,0.8327
1525,16,bridge_multi_exit,0.9167,0,245.64,420,0.0,0.0,1.0,-2104.22,0.8302
1526,16,bridge_multi_exit,0.8333,0,268.1,420,0.0,0.0,1.0,-2636.44,0.8274
1527,16,bridge_multi_exit,0.9167,0,184.73,420,0.0,0.0,1.0,-1404.68,0.8255
1528,16,bridge_multi_exit,1.0,1,258.83,419,0.0,0.0,1.0,-1981.54,0.823
1529,16,bridge_multi_exit,0.75,0,235.11,420,0.0,0.0,1.0,-2497.57,0.8203
1530,16,bridge_multi_exit,1.0,1,209.75,395,0.0,0.0,1.0,-1488.61,0.8183
1531,16,bridge_multi_exit,1.0,1,191.75,411,0.0,0.0,1.0,-1154.85,0.8165
1532,16,bridge_multi_exit,0.9167,0,202.82,420,0.0,0.0,1.0,-1619.32,0.8144
1533,17,hazard_bypass_medium,0.0833,0,41.0,450,0.29,0.1851,1.0811,-6995.54,0.9973
1534,17,hazard_bypass_medium,0.0833,0,13.0,450,0.0833,0.0764,1.025,-5105.06,0.9946
1535,17,hazard_bypass_medium,0.0833,0,17.0,450,0.0,0.0,1.0,-5043.91,0.9919
1536,17,hazard_bypass_medium,0.0,0,450,450,0.0833,0.0764,1.025,-5751.06,0.9889
1537,17,hazard_bypass_medium,0.1667,0,410.0,450,0.25,0.1875,1.075,-5640.9,0.986
1538,17,hazard_bypass_medium,0.0,0,450,450,0.0,0.0,1.0,-5297.01,0.9831
1539,17,hazard_bypass_medium,0.25,0,170.67,450,0.0833,0.0764,1.025,-4898.18,0.9806
1540,17,hazard_bypass_medium,0.1667,0,40.0,450,0.25,0.1875,1.075,-5885.1,0.9781
1541,17,hazard_bypass_medium,0.1667,0,139.0,450,0.1583,0.1258,1.0436,-4687.54,0.9755
1542,17,hazard_bypass_medium,0.3333,0,180.0,450,0.0833,0.0764,1.025,-4490.13,0.9732
1543,17,hazard_bypass_medium,0.0,0,450,450,0.0833,0.0764,1.025,-5533.29,0.9702
1544,17,hazard_bypass_medium,0.1667,0,308.5,450,0.0833,0.0764,1.025,-4973.15,0.9674
1545,17,hazard_bypass_medium,0.0833,0,84.0,450,0.0,0.0,1.0,-4850.99,0.9647
1546,17,hazard_bypass_medium,0.4167,0,214.6,450,0.205,0.1423,1.0642,-4606.28,0.9624
1547,17,hazard_bypass_medium,0.0833,0,136.0,450,0.1667,0.1389,1.05,-6463.03,0.9596
1548,17,hazard_bypass_medium,0.25,0,259.33,450,0.0,0.0,1.0,-4527.14,0.957
1549,17,hazard_bypass_medium,0.1667,0,244.0,450,0.265,0.1627,1.0874,-5067.73,0.9543
1550,17,hazard_bypass_medium,0.1667,0,212.0,450,0.0833,0.0764,1.0252,-5245.17,0.9516
1551,17,hazard_bypass_medium,0.0833,0,9.0,450,0.0,0.0,1.0,-4933.0,0.9489
1552,17,hazard_bypass_medium,0.0833,0,99.0,450,0.185,0.1185,1.0636,-5776.98,0.9461
1553,17,hazard_bypass_medium,0.0833,0,323.0,450,0.14,0.1023,1.0497,-5309.31,0.9433
1554,17,hazard_bypass_medium,0.1667,0,313.0,450,0.1667,0.1389,1.05,-5886.81,0.9405
1555,17,hazard_bypass_medium,0.1667,0,213.5,450,0.0367,0.0148,1.0125,-5029.49,0.9378
1556,17,hazard_bypass_medium,0.0833,0,21.0,450,0.1667,0.1389,1.0499,-5044.74,0.9351
1557,17,hazard_bypass_medium,0.25,0,254.33,450,0.0017,0.0,1.0009,-5024.05,0.9325
1558,17,hazard_bypass_medium,0.25,0,273.0,450,0.0,0.0,1.0,-4624.72,0.9298
1559,17,hazard_bypass_medium,0.3333,0,243.75,450,0.0,0.0,1.0,-4541.85,0.9273
1560,17,hazard_bypass_medium,0.5,0,229.0,450,0.0,0.0,1.0,-3486.96,0.9251
1561,17,hazard_bypass_medium,0.4167,0,257.0,450,0.195,0.1361,1.0525,-4096.49,0.9227
1562,17,hazard_bypass_medium,0.25,0,253.67,450,0.0833,0.0764,1.0247,-4534.82,0.9201
1563,17,hazard_bypass_medium,0.1667,0,168.0,450,0.1417,0.1008,1.05,-4776.37,0.9174
1564,17,hazard_bypass_medium,0.1667,0,341.5,450,0.0,0.0,1.0,-4857.3,0.9146
1565,17,hazard_bypass_medium,0.25,0,247.33,450,0.04,0.0176,1.0146,-4751.65,0.912
1566,17,hazard_bypass_medium,0.0833,0,55.0,450,0.0667,0.0489,1.025,-4987.45,0.9093
1567,17,hazard_bypass_medium,0.1667,0,52.5,450,0.0,0.0,1.0,-4680.28,0.9068
1568,17,hazard_bypass_medium,0.25,0,278.33,450,0.11,0.0798,1.0379,-4880.38,0.9041
1569,17,hazard_bypass_medium,0.5833,0,261.86,450,0.0,0.0,1.0,-3336.62,0.9019
1570,17,hazard_bypass_medium,0.4167,0,228.4,450,0.0,0.0,1.0,-3751.57,0.8995
1571,17,hazard_bypass_medium,0.6667,0,207.38,450,0.1517,0.1164,1.0474,-3017.58,0.8977
1572,17,hazard_bypass_medium,0.5,0,225.83,450,0.0717,0.0565,1.0243,-3633.72,0.8954
1573,17,hazard_bypass_medium,0.6667,0,247.25,450,0.0,0.0,1.0,-3150.1,0.8934
1574,17,hazard_bypass_medium,0.4167,0,230.0,450,0.0,0.0,1.0,-3830.47,0.891
1575,17,hazard_bypass_medium,0.4167,0,198.6,450,0.0,0.0,1.0,-3643.51,0.8888
1576,17,hazard_bypass_medium,0.25,0,329.67,450,0.0,0.0,1.0,-4582.37,0.886
1577,17,hazard_bypass_medium,0.5,0,192.5,450,0.25,0.1875,1.075,-3654.56,0.8839
1578,17,hazard_bypass_medium,0.3333,0,318.25,450,0.1483,0.112,1.0416,-5733.93,0.8813
1579,17,hazard_bypass_medium,0.5833,0,231.43,450,0.1667,0.1389,1.0479,-3310.56,0.8792
1580,17,hazard_bypass_medium,0.5,0,245.83,450,0.0,0.0,1.0,-3523.14,0.8769
1581,17,hazard_bypass_medium,0.1667,0,126.5,450,0.0,0.0,1.0,-4461.12,0.8743
1582,17,hazard_bypass_medium,0.3333,0,270.25,450,0.0833,0.0764,1.025,-4550.0,0.8718
1583,17,hazard_bypass_medium,0.4167,0,228.2,450,0.0833,0.0764,1.0249,-3985.6,0.8694
1584,17,hazard_bypass_medium,0.5,0,305.0,450,0.0,0.0,1.0,-4018.58,0.867
1585,17,hazard_bypass_medium,0.5833,0,280.14,450,0.0833,0.0764,1.025,-3890.77,0.8647
1586,17,hazard_bypass_medium,0.5,0,272.0,450,0.0833,0.0764,1.025,-4262.27,0.8623
1587,17,hazard_bypass_medium,0.5,0,221.5,450,0.0833,0.0764,1.025,-3453.02,0.8601
1588,17,hazard_bypass_medium,0.5,0,213.0,450,0.0833,0.0764,1.0256,-3522.94,0.858
1589,17,hazard_bypass_medium,0.5,0,220.33,450,0.1667,0.1389,1.0466,-3936.94,0.8558
1590,17,hazard_bypass_medium,0.6667,0,194.62,450,0.0617,0.0418,1.0249,-2611.63,0.8539
1591,17,hazard_bypass_medium,0.5833,0,243.0,450,0.0,0.0,1.0,-3218.52,0.8518
1592,17,hazard_bypass_medium,0.3333,0,315.5,450,0.0,0.0,1.0,-4400.54,0.8491
1593,17,hazard_bypass_medium,0.6667,0,226.38,450,0.0833,0.0764,1.0234,-3023.05,0.8472
1594,17,hazard_bypass_medium,0.6667,0,251.62,450,0.0,0.0,1.0,-3046.11,0.8451
1595,17,hazard_bypass_medium,0.4167,0,296.6,450,0.0267,0.0078,1.0129,-4181.28,0.8426
1596,17,hazard_bypass_medium,0.5,0,238.83,450,0.0,0.0,1.0,-3470.94,0.8403
1597,17,hazard_bypass_medium,0.6667,0,282.88,450,0.0,0.0,1.0,-3247.8,0.8381
1598,17,hazard_bypass_medium,0.4167,0,274.8,450,0.0,0.0,1.0,-4010.36,0.8356
1599,17,hazard_bypass_medium,0.6667,0,234.88,450,0.0,0.0,1.0,-2855.36,0.8336
1600,17,hazard_bypass_medium,0.6667,0,185.25,450,0.0,0.0,1.0,-2452.29,0.8318
1601,17,hazard_bypass_medium,0.5833,0,224.14,450,0.0,0.0,1.0,-3077.11,0.8298
1602,17,hazard_bypass_medium,0.5833,0,275.29,450,0.0,0.0,1.0,-3393.54,0.8275
1603,17,hazard_bypass_medium,0.6667,0,223.12,450,0.0,0.0,1.0,-2745.88,0.8255
1604,17,hazard_bypass_medium,0.75,0,288.56,450,0.0,0.0,1.0,-3065.54,0.8234
1605,17,hazard_bypass_medium,0.5833,0,223.43,450,0.0,0.0,1.0,-3072.0,0.8213
1606,17,hazard_bypass_medium,0.5833,0,208.0,450,0.0,0.0,1.0,-2959.13,0.8193
1607,17,hazard_bypass_medium,0.5,0,313.0,450,0.0,0.0,1.0,-3919.08,0.8168
1608,17,hazard_bypass_medium,0.6667,0,268.38,450,0.0,0.0,1.0,-3109.19,0.8147
1609,17,hazard_bypass_medium,0.5,0,211.0,450,0.0,0.0,1.0,-3353.33,0.8125
1610,17,hazard_bypass_medium,0.8333,0,250.8,450,0.0,0.0,1.0,-2541.06,0.8106
1611,17,hazard_bypass_medium,0.8333,0,263.7,450,0.0,0.0,1.0,-2468.59,0.8087
1612,17,hazard_bypass_medium,0.6667,0,251.88,450,0.0,0.0,1.0,-2997.6,0.8066
1613,17,hazard_bypass_medium,0.5,0,287.17,450,0.0,0.0,1.0,-3747.95,0.8042
1614,17,hazard_bypass_medium,0.5833,0,266.0,450,0.0,0.0,1.0,-3430.49,0.802
1615,17,hazard_bypass_medium,0.8333,0,218.4,450,0.0,0.0,1.0,-2462.65,0.8003
1616,17,hazard_bypass_medium,0.75,0,267.0,450,0.0,0.0,1.0,-2891.15,0.7983
1617,17,hazard_bypass_medium,0.75,0,254.89,450,0.0,0.0,1.0,-2771.06,0.7963
1618,17,hazard_bypass_medium,0.8333,0,191.6,450,0.0,0.0,1.0,-1919.45,0.7947
1619,17,hazard_bypass_medium,0.5833,0,247.0,450,0.0,0.0,1.0,-3258.72,0.7926
1620,17,hazard_bypass_medium,0.6667,0,262.62,450,0.0,0.0,1.0,-3307.22,0.7904
1621,17,hazard_bypass_medium,0.75,0,278.0,450,0.0283,0.0088,1.0129,-3140.64,0.7884
1622,17,hazard_bypass_medium,0.75,0,300.56,450,0.0,0.0,1.0,-3153.52,0.7861
1623,17,hazard_bypass_medium,0.5833,0,293.57,450,0.0,0.0,1.0,-3706.51,0.7838
1624,17,hazard_bypass_medium,0.6667,0,265.5,450,0.0,0.0,1.0,-3167.24,0.7817
1625,17,hazard_bypass_medium,0.6667,0,259.5,450,0.0,0.0,1.0,-3009.25,0.7795
1626,17,hazard_bypass_medium,0.6667,0,263.88,450,0.0,0.0,1.0,-3092.38,0.7774
1627,17,hazard_bypass_medium,0.4167,0,323.2,450,0.0,0.0,1.0,-4200.99,0.7748
1628,17,hazard_bypass_medium,0.5833,0,311.0,450,0.0,0.0,1.0,-3656.96,0.7724
1629,17,hazard_bypass_medium,0.8333,0,257.4,450,0.0,0.0,1.0,-2487.7,0.7705
1630,17,hazard_bypass_medium,0.75,0,252.11,450,0.0,0.0,1.0,-2736.91,0.7685
1631,17,hazard_bypass_medium,0.9167,0,258.36,450,0.0,0.0,1.0,-2262.33,0.7668
1632,17,hazard_bypass_medium,0.5833,0,183.29,450,0.0,0.0,1.0,-2821.6,0.7648
1633,17,hazard_bypass_medium,0.5,0,293.67,450,0.0,0.0,1.0,-3724.89,0.7624
1634,17,hazard_bypass_medium,0.4167,0,272.6,450,0.0,0.0,1.0,-4009.11,0.7599
1635,17,hazard_bypass_medium,0.25,0,250.67,450,0.0,0.0,1.0,-4461.95,0.7573
1636,17,hazard_bypass_medium,0.0,0,450,450,0.0,0.0,1.0,-5298.08,0.7544
1637,17,hazard_bypass_medium,0.1667,0,303.5,450,0.0,0.0,1.0,-4867.78,0.7516
1638,17,hazard_bypass_medium,0.4167,0,296.8,450,0.0,0.0,1.0,-4199.2,0.7491
1639,17,hazard_bypass_medium,0.5,0,214.0,450,0.0,0.0,1.0,-3326.63,0.7469
1640,17,hazard_bypass_medium,0.5,0,269.33,450,0.0,0.0,1.0,-3632.95,0.7446
1641,17,hazard_bypass_medium,0.4167,0,191.0,450,0.0,0.0,1.0,-3514.54,0.7423
1642,17,hazard_bypass_medium,0.75,0,241.89,450,0.0,0.0,1.0,-2644.4,0.7404
1643,17,hazard_bypass_medium,0.4167,0,259.8,450,0.0,0.0,1.0,-3856.26,0.738
1644,17,hazard_bypass_medium,0.6667,0,233.38,450,0.0,0.0,1.0,-2834.29,0.736
1645,17,hazard_bypass_medium,0.5833,0,256.0,450,0.0,0.0,1.0,-3310.88,0.7338
1646,17,hazard_bypass_medium,0.75,0,265.22,450,0.0,0.0,1.0,-2878.09,0.7317
1647,17,hazard_bypass_medium,0.75,0,149.56,450,0.0,0.0,1.0,-1813.39,0.7303
1648,17,hazard_bypass_medium,0.5833,0,178.14,450,0.0,0.0,1.0,-2748.34,0.7284
1649,17,hazard_bypass_medium,0.8333,0,311.3,450,0.0,0.0,1.0,-2958.78,0.7262
1650,17,hazard_bypass_medium,0.9167,0,290.45,450,0.0,0.0,1.0,-2549.49,0.7242
1651,17,hazard_bypass_medium,1.0,1,247.92,444,0.0,0.0,1.0,-1815.36,0.7226
1652,17,hazard_bypass_medium,0.9167,0,196.73,450,0.0,0.0,1.0,-1541.53,0.7212
1653,17,hazard_bypass_medium,0.9167,0,275.45,450,0.0,0.0,1.0,-2367.83,0.7193
1654,17,hazard_bypass_medium,0.5833,0,209.71,450,0.0,0.0,1.0,-2941.24,0.7172
1655,17,hazard_bypass_medium,0.9167,0,188.82,450,0.0,0.0,1.0,-1507.26,0.7159
1656,17,hazard_bypass_medium,0.8333,0,220.6,450,0.0,0.0,1.0,-2101.46,0.7142
1657,17,hazard_bypass_medium,0.8333,0,266.4,450,0.0,0.0,1.0,-2509.89,0.7122
1658,17,hazard_bypass_medium,0.75,0,223.67,450,0.0,0.0,1.0,-2440.15,0.7104
1659,17,hazard_bypass_medium,0.75,0,186.89,450,0.0,0.0,1.0,-2108.33,0.7087
1660,17,hazard_bypass_medium,0.6667,0,164.75,450,0.0,0.0,1.0,-2337.47,0.707
1661,17,hazard_bypass_medium,0.75,0,216.89,450,0.0683,0.0514,1.025,-2478.82,0.7052
1662,17,hazard_bypass_medium,0.6667,0,193.0,450,0.1367,0.094,1.0399,-2694.91,0.7034
1663,17,hazard_bypass_medium,0.5833,0,222.29,450,0.0867,0.0456,1.0378,-3482.69,0.7014
1664,17,hazard_bypass_medium,0.9167,0,177.36,450,0.0833,0.0764,1.025,-1524.33,0.7
1665,17,hazard_bypass_medium,0.9167,0,213.45,450,0.0,0.0,1.0,-1684.52,0.6985
1666,17,hazard_bypass_medium,0.6667,0,177.62,450,0.015,0.0025,1.0,-2439.97,0.6968
1667,17,hazard_bypass_medium,0.5833,0,227.57,450,0.12,0.0824,1.038,-3413.93,0.6947
1668,17,hazard_bypass_medium,0.8333,0,252.0,450,0.0,0.0,1.0,-2396.89,0.6928
1669,17,hazard_bypass_medium,0.9167,0,168.18,450,0.0,0.0,1.0,-1252.41,0.6916
1670,17,hazard_bypass_medium,0.9167,0,208.0,450,0.0,0.0,1.0,-1686.2,0.6901
1671,17,hazard_bypass_medium,0.8333,0,188.9,450,0.0,0.0,1.0,-1744.54,0.6885
1672,17,hazard_bypass_medium,1.0,1,186.25,413,0.0,0.0,1.0,-1047.47,0.6873
1673,17,hazard_bypass_medium,0.8333,0,161.8,450,0.0,0.0,1.0,-1514.15,0.686
1674,17,hazard_bypass_medium,1.0,1,233.25,394,0.0,0.0,1.0,-1602.39,0.6844
1675,18,mall_medium,0.25,0,162.67,450,0.0833,0.0764,1.025,-4602.38,0.9971
1676,18,mall_medium,0.1667,0,172.5,450,0.0,0.0,1.0,-4635.76,0.9939
1677,18,mall_medium,0.25,0,128.33,450,0.0617,0.0418,1.025,-4443.88,0.9911
1678,18,mall_medium,0.3333,0,131.0,450,0.0,0.0,1.0,-3762.63,0.9884
1679,18,mall_medium,0.25,0,143.33,450,0.0,0.0,1.0,-4494.46,0.9855
1680,18,mall_medium,0.0833,0,8.0,450,0.0833,0.0764,1.025,-5154.35,0.9823
1681,18,mall_medium,0.25,0,189.33,450,0.0567,0.0353,1.025,-4436.2,0.9793
1682,18,mall_medium,0.25,0,76.67,450,0.0833,0.0764,1.025,-4188.88,0.9765
1683,18,mall_medium,0.25,0,144.33,450,0.0833,0.0764,1.025,-4873.37,0.9736
1684,18,mall_medium,0.0833,0,13.0,450,0.0,0.0,1.0,-4859.63,0.9704
1685,18,mall_medium,0.25,0,52.0,450,0.0,0.0,1.0,-3897.05,0.9677
1686,18,mall_medium,0.1667,0,57.0,450,0.0,0.0,1.0,-4571.76,0.9647
1687,18,mall_medium,0.1667,0,146.5,450,0.0833,0.0764,1.025,-5424.04,0.9616
1688,18,mall_medium,0.25,0,95.33,450,0.0,0.0,1.0,-4073.35,0.9588
1689,18,mall_medium,0.1667,0,16.5,450,0.0,0.0,1.0,-4322.58,0.9559
1690,18,mall_medium,0.3333,0,114.75,450,0.08,0.0704,1.0198,-4097.99,0.9533
1691,18,mall_medium,0.25,0,69.33,450,0.0,0.0,1.0,-3994.5,0.9505
1692,18,mall_medium,0.25,0,28.0,450,0.0833,0.0764,1.0249,-3968.96,0.9478
1693,18,mall_medium,0.25,0,33.67,450,0.0,0.0,1.0,-3866.12,0.9451
1694,18,mall_medium,0.25,0,26.33,450,0.0833,0.0764,1.025,-4252.59,0.9425
1695,18,mall_medium,0.1667,0,60.0,450,0.005,0.0003,1.0014,-4458.63,0.9395
1696,18,mall_medium,0.1667,0,89.0,450,0.0,0.0,1.0,-4454.72,0.9365
1697,18,mall_medium,0.3333,0,145.25,450,0.0,0.0,1.0,-3794.0,0.9338
1698,18,mall_medium,0.25,0,121.0,450,0.0767,0.0647,1.025,-4201.84,0.9309
1699,18,mall_medium,0.25,0,60.67,450,0.0,0.0,1.0,-3954.1,0.9282
1700,18,mall_medium,0.3333,0,35.75,450,0.0833,0.0764,1.025,-3476.1,0.9257
1701,18,mall_medium,0.3333,0,73.5,450,0.0,0.0,1.0,-3541.02,0.9232
1702,18,mall_medium,0.1667,0,39.0,450,0.025,0.0069,1.0128,-4456.72,0.9203
1703,18,mall_medium,0.3333,0,176.75,450,0.12,0.0851,1.0358,-4142.58,0.9175
1704,18,mall_medium,0.25,0,131.33,450,0.0833,0.0764,1.025,-4251.36,0.9146
1705,18,mall_medium,0.3333,0,59.75,450,0.0833,0.0764,1.025,-3898.97,0.9121
1706,18,mall_medium,0.3333,0,74.75,450,0.1667,0.1389,1.05,-3945.75,0.9096
1707,18,mall_medium,0.25,0,170.67,450,0.075,0.0619,1.025,-4442.57,0.9067
1708,18,mall_medium,0.25,0,121.33,450,0.145,0.1079,1.05,-4418.69,0.9038
1709,18,mall_medium,0.4167,0,97.8,450,0.0483,0.0257,1.0188,-3465.48,0.9014
1710,18,mall_medium,0.3333,0,39.75,450,0.0,0.0,1.0,-3414.2,0.899
1711,18,mall_medium,0.25,0,207.0,450,0.0833,0.0764,1.0238,-4459.94,0.896
1712,18,mall_medium,0.25,0,115.0,450,0.0833,0.0764,1.025,-4238.84,0.8931
1713,18,mall_medium,0.3333,0,90.25,450,0.0,0.0,1.0,-3594.06,0.8906
1714,18,mall_medium,0.3333,0,69.25,450,0.0,0.0,1.0,-3505.24,0.8881
1715,18,mall_medium,0.25,0,26.0,450,0.045,0.0223,1.0166,-3926.7,0.8854
1716,18,mall_medium,0.25,0,125.33,450,0.0,0.0,1.0,-4241.0,0.8825
1717,18,mall_medium,0.25,0,35.33,450,0.0,0.0,1.0,-3912.2,0.8799
1718,18,mall_medium,0.25,0,178.33,450,0.0367,0.0148,1.0125,-4332.23,0.8769
1719,18,mall_medium,0.25,0,113.0,450,0.0,0.0,1.0,-4282.56,0.8741
1720,18,mall_medium,0.25,0,91.0,450,0.0,0.0,1.0,-4030.37,0.8713
1721,18,mall_medium,0.25,0,233.67,450,0.025,0.0069,1.0013,-4487.86,0.8682
1722,18,mall_medium,0.25,0,147.67,450,0.03,0.0099,1.0129,-4247.74,0.8653
1723,18,mall_medium,0.1667,0,43.5,450,0.0633,0.0441,1.0124,-4447.6,0.8623
1724,18,mall_medium,0.1667,0,127.5,450,0.0233,0.006,1.0127,-4707.69,0.8592
1725,18,mall_medium,0.25,0,184.33,450,0.0,0.0,1.0,-4426.77,0.8563
1726,18,mall_medium,0.1667,0,26.5,450,0.0833,0.0764,1.0243,-4419.09,0.8533
1727,18,mall_medium,0.3333,0,124.5,450,0.0,0.0,1.0,-3692.78,0.8507
1728,18,mall_medium,0.0833,0,212.0,450,0.0417,0.0191,1.0151,-5274.87,0.8473
1729,18,mall_medium,0.1667,0,204.0,450,0.0,0.0,1.0,-4693.09,0.8442
1730,18,mall_medium,0.1667,0,88.0,450,0.0,0.0,1.0,-4414.01,0.8411
1731,18,mall_medium,0.4167,0,86.6,450,0.0,0.0,1.0,-3084.09,0.8388
1732,18,mall_medium,0.0833,0,118.0,450,0.0,0.0,1.0,-4965.84,0.8355
1733,18,mall_medium,0.25,0,126.33,450,0.0,0.0,1.0,-4112.7,0.8327
1734,18,mall_medium,0.1667,0,24.0,450,0.0,0.0,1.0,-4330.93,0.8297
1735,18,mall_medium,0.0,0,450,450,0.0,0.0,1.0,-5339.11,0.8262
1736,18,mall_medium,0.25,0,121.0,450,0.0,0.0,1.0,-4075.43,0.8234
1737,18,mall_medium,0.25,0,32.67,450,0.0,0.0,1.0,-3830.83,0.8207
1738,18,mall_medium,0.25,0,159.67,450,0.0,0.0,1.0,-4281.22,0.8178
1739,18,mall_medium,0.25,0,109.33,450,0.055,0.0333,1.0093,-4099.97,0.8149
1740,18,mall_medium,0.25,0,105.0,450,0.0,0.0,1.0,-4057.2,0.8121
1741,18,mall_medium,0.1667,0,126.5,450,0.0,0.0,1.0,-4508.06,0.809
1742,18,mall_medium,0.3333,0,191.75,450,0.0,0.0,1.0,-3989.14,0.8062
1743,18,mall_medium,0.4167,0,134.6,450,0.0,0.0,1.0,-3359.55,0.8037
1744,18,mall_medium,0.25,0,279.67,450,0.0,0.0,1.0,-4587.08,0.8006
1745,18,mall_medium,0.1667,0,91.0,450,0.0,0.0,1.0,-4461.83,0.7976
1746,18,mall_medium,0.5,0,215.17,450,0.0,0.0,1.0,-3380.32,0.795
1747,18,mall_medium,0.3333,0,84.75,450,0.0467,0.024,1.0176,-3531.28,0.7924
1748,18,mall_medium,0.25,0,184.33,450,0.0,0.0,1.0,-4263.61,0.7894
1749,18,mall_medium,0.25,0,128.67,450,0.0,0.0,1.0,-4102.44,0.7866
1750,18,mall_medium,0.4167,0,145.4,450,0.0,0.0,1.0,-3356.74,0.7841
1751,18,mall_medium,0.4167,0,327.8,450,0.0,0.0,1.0,-4234.0,0.781
1752,18,mall_medium,0.3333,0,150.25,450,0.0,0.0,1.0,-3752.52,0.7783
1753,18,mall_medium,0.4167,0,175.0,450,0.0,0.0,1.0,-3520.09,0.7756
1754,18,mall_medium,0.5,0,130.83,450,0.0383,0.0162,1.0145,-2892.58,0.7734
1755,18,mall_medium,0.5,0,172.83,450,0.0,0.0,1.0,-3142.9,0.771
1756,18,mall_medium,0.5833,0,188.57,450,0.0,0.0,1.0,-2882.9,0.7687
1757,18,mall_medium,0.5,0,167.83,450,0.0,0.0,1.0,-3072.06,0.7663
1758,18,mall_medium,0.6667,0,138.62,450,0.0,0.0,1.0,-2161.41,0.7644
1759,18,mall_medium,0.5833,0,164.57,450,0.06,0.0396,1.017,-2703.05,0.7622
1760,18,mall_medium,0.5,0,126.17,450,0.0,0.0,1.0,-2894.54,0.76
1761,18,mall_medium,0.4167,0,275.0,450,0.0,0.0,1.0,-4030.48,0.757
1762,18,mall_medium,0.5833,0,110.57,450,0.0,0.0,1.0,-2318.98,0.7551
1763,18,mall_medium,0.5,0,98.0,450,0.0,0.0,1.0,-2709.76,0.7529
1764,18,mall_medium,0.5833,0,142.14,450,0.0,0.0,1.0,-2553.77,0.7508
1765,18,mall_medium,0.5,0,179.5,450,0.0,0.0,1.0,-3180.33,0.7484
1766,18,mall_medium,0.4167,0,207.8,450,0.06,0.0396,1.0124,-3805.28,0.7457
1767,18,mall_medium,0.5833,0,172.71,450,0.0,0.0,1.0,-2765.66,0.7435
1768,18,mall_medium,0.5833,0,177.43,450,0.04,0.0176,1.0146,-2828.53,0.7412
1769,18,mall_medium,0.4167,0,134.8,450,0.0,0.0,1.0,-3316.02,0.7387
1770,18,mall_medium,0.6667,0,130.12,450,0.065,0.0465,1.0149,-2144.22,0.7369
1771,18,mall_medium,0.6667,0,143.88,450,0.0833,0.0764,1.025,-2370.78,0.735
1772,18,mall_medium,0.6667,0,143.5,450,0.0833,0.0764,1.025,-2331.45,0.7331
1773,18,mall_medium,0.5,0,126.5,450,0.0,0.0,1.0,-2844.35,0.7308
1774,18,mall_medium,0.75,0,195.11,450,0.0,0.0,1.0,-2218.55,0.7288
1775,18,mall_medium,0.9167,0,181.55,450,0.0,0.0,1.0,-1389.71,0.7272
1776,18,mall_medium,0.5833,0,145.14,450,0.0,0.0,1.0,-2539.65,0.7251
1777,18,mall_medium,0.75,0,146.22,450,0.0,0.0,1.0,-1778.17,0.7234
1778,18,mall_medium,0.75,0,174.11,450,0.0,0.0,1.0,-2019.56,0.7215
1779,18,mall_medium,0.75,0,199.56,450,0.0,0.0,1.0,-2241.32,0.7195
1780,18,mall_medium,0.9167,0,223.18,450,0.0,0.0,1.0,-1858.76,0.7176
1781,18,mall_medium,0.75,0,174.33,450,0.0,0.0,1.0,-2040.03,0.7157
1782,18,mall_medium,0.75,0,145.44,450,0.0,0.0,1.0,-1776.0,0.714
1783,18,mall_medium,0.9167,0,186.36,450,0.0,0.0,1.0,-1458.16,0.7124
1784,18,mall_medium,0.9167,0,209.18,450,0.0,0.0,1.0,-1699.41,0.7106
1785,18,mall_medium,0.75,0,199.78,450,0.0,0.0,1.0002,-2287.46,0.7086
1786,18,mall_medium,0.9167,0,184.09,450,0.0,0.0,1.0,-1386.62,0.707
1787,18,mall_medium,0.8333,0,138.4,450,0.0,0.0,1.0,-1303.52,0.7055
1788,18,mall_medium,0.9167,0,184.09,450,0.0,0.0,1.0,-1391.95,0.7039
1789,18,mall_medium,0.8333,0,165.9,450,0.0,0.0,1.0,-1566.78,0.7022
1790,18,mall_medium,0.8333,0,157.6,450,0.0,0.0,1.0,-1548.69,0.7006
1791,18,mall_medium,0.8333,0,144.8,450,0.0,0.0,1.0,-1364.86,0.6991
1792,18,mall_medium,0.9167,0,154.27,450,0.0,0.0,1.0,-1064.0,0.6977
1793,18,mall_medium,1.0,1,159.83,331,0.0,0.0,1.0,-754.78,0.6965
1794,18,mall_medium,0.9167,0,181.55,450,0.0,0.0,1.0,-1388.19,0.6949
1795,18,mall_medium,0.75,0,97.78,450,0.0,0.0,1.0,-1352.15,0.6935
1796,18,mall_medium,0.9167,0,129.45,450,0.0,0.0,1.0,-820.44,0.6922
1797,18,mall_medium,0.8333,0,198.5,450,0.0,0.0,1.0,-1886.47,0.6904
1798,18,mall_medium,1.0,1,182.42,446,0.0,0.0,1.0,-1007.01,0.689
1799,18,mall_medium,0.9167,0,175.73,450,0.0,0.0,1.0,-1349.0,0.6874
1800,19,hazard_dense_office,0.0833,0,184.0,450,0.5,0.25,1.15,-7856.25,0.9972
1801,19,hazard_dense_office,0.25,0,162.33,450,0.47,0.2181,1.146,-6625.12,0.9947
1802,19,hazard_dense_office,0.0833,0,192.0,450,0.48,0.1971,1.1494,-6764.85,0.9919
1803,19,hazard_dense_office,0.0833,0,153.0,450,0.365,0.2121,1.1073,-7084.19,0.9892
1804,19,hazard_dense_office,0.0833,0,434.0,450,0.1417,0.1041,1.0348,-7180.26,0.9862
1805,19,hazard_dense_office,0.0833,0,393.0,450,0.25,0.1875,1.075,-6741.92,0.9833
1806,19,hazard_dense_office,0.0,0,450,450,0.27,0.1819,1.0792,-7720.21,0.9804
1807,19,hazard_dense_office,0.1667,0,343.0,450,0.2483,0.1524,1.0759,-6169.03,0.9775
1808,19,hazard_dense_office,0.0833,0,229.0,450,0.3669,0.2122,1.1136,-7848.79,0.9747
1809,19,hazard_dense_office,0.1667,0,149.0,450,0.2333,0.1642,1.0687,-5889.95,0.9721
1810,19,hazard_dense_office,0.0,0,450,450,0.1667,0.1389,1.05,-6799.55,0.9692
1811,19,hazard_dense_office,0.0,0,450,450,0.3617,0.1968,1.1154,-6960.64,0.9662
1812,19,hazard_dense_office,0.1667,0,91.0,450,0.1433,0.106,1.0425,-4790.08,0.9637
1813,19,hazard_dense_office,0.0,0,450,450,0.5433,0.2166,1.1676,-8384.09,0.9607
1814,19,hazard_dense_office,0.1667,0,225.0,450,0.3633,0.2121,1.1025,-6408.0,0.958
1815,19,hazard_dense_office,0.0833,0,300.0,450,0.475,0.2163,1.1345,-6625.76,0.9552
1816,19,hazard_dense_office,0.1667,0,329.5,450,0.5483,0.22,1.1749,-8292.12,0.9524
1817,19,hazard_dense_office,0.1667,0,168.5,450,0.25,0.1875,1.0729,-5628.45,0.9497
1818,19,hazard_dense_office,0.0,0,450,450,0.21,0.1102,1.069,-6785.51,0.9468
1819,19,hazard_dense_office,0.0833,0,97.0,450,0.1667,0.1389,1.05,-5878.73,0.944
1820,19,hazard_dense_office,0.0,0,450,450,0.1573,0.1021,1.055,-6663.56,0.9411
1821,19,hazard_dense_office,0.0833,0,38.0,450,0.3333,0.2222,1.0994,-5980.59,0.9384
1822,19,hazard_dense_office,0.1667,0,119.0,450,0.49,0.2408,1.1435,-6204.09,0.9358
1823,19,hazard_dense_office,0.1667,0,288.5,450,0.1283,0.0864,1.0317,-5901.52,0.933
1824,19,hazard_dense_office,0.0,0,450,450,0.25,0.1875,1.0746,-6626.55,0.9301
1825,19,hazard_dense_office,0.0,0,450,450,0.2883,0.1845,1.0863,-6541.57,0.9272
1826,19,hazard_dense_office,0.0,0,450,450,0.367,0.172,1.1199,-6526.8,0.9242
1827,19,hazard_dense_office,0.0833,0,44.0,450,0.428,0.2015,1.1171,-6013.57,0.9215
1828,19,hazard_dense_office,0.1667,0,147.0,450,0.0833,0.0764,1.025,-4667.47,0.9189
1829,19,hazard_dense_office,0.0833,0,351.0,450,0.0483,0.0078,1.0215,-6020.9,0.916
1830,19,hazard_dense_office,0.0,0,450,450,0.25,0.1377,1.0766,-6121.16,0.9131
1831,19,hazard_dense_office,0.0833,0,145.0,450,0.1,0.0693,1.0282,-5756.43,0.9103
1832,19,hazard_dense_office,0.0833,0,95.0,450,0.235,0.1575,1.0681,-5709.6,0.9075
1833,19,hazard_dense_office,0.0,0,450,450,0.245,0.1803,1.0745,-5784.38,0.9046
1834,19,hazard_dense_office,0.0,0,450,450,0.1219,0.0745,1.0376,-5950.22,0.9017
1835,19,hazard_dense_office,0.0,0,450,450,0.0633,0.0441,1.0249,-5477.62,0.8987
1836,19,hazard_dense_office,0.0,0,450,450,0.1171,0.0819,1.038,-6204.35,0.8958
1837,19,hazard_dense_office,0.0833,0,231.0,450,0.2514,0.1296,1.0869,-5722.46,0.8929
1838,19,hazard_dense_office,0.0,0,450,450,0.1235,0.0487,1.0365,-5907.73,0.89
1839,19,hazard_dense_office,0.0833,0,333.0,450,0.1664,0.0903,1.0497,-5612.15,0.8871
1840,19,hazard_dense_office,0.0,0,450,450,0.4772,0.1819,1.1301,-6271.07,0.8842
1841,19,hazard_dense_office,0.0833,0,278.0,450,0.3667,0.2005,1.1082,-5416.62,0.8813
1842,19,hazard_dense_office,0.0,0,450,450,0.25,0.167,1.073,-5595.32,0.8784
1843,19,hazard_dense_office,0.0,0,450,450,0.0767,0.0198,1.0259,-5918.45,0.8755
1844,19,hazard_dense_office,0.0,0,450,450,0.4076,0.1965,1.1057,-5660.57,0.8725
1845,19,hazard_dense_office,0.0,0,450,450,0.2667,0.1772,1.0736,-6361.65,0.8696
1846,19,hazard_dense_office,0.0,0,450,450,0.1067,0.057,1.0479,-5636.54,0.8666
1847,19,hazard_dense_office,0.0,0,450,450,0.226,0.0993,1.0865,-6132.41,0.8637
1848,19,hazard_dense_office,0.0833,0,411.0,450,0.2683,0.1567,1.0875,-5675.46,0.8608
1849,19,hazard_dense_office,0.0,0,450,450,0.2395,0.1317,1.0807,-5720.61,0.8578
1850,19,hazard_dense_office,0.0833,0,225.0,450,0.4733,0.2312,1.1491,-5699.09,0.855
1851,19,hazard_dense_office,0.0,0,450,450,0.2467,0.1448,1.0633,-5981.3,0.8521
1852,19,hazard_dense_office,0.0,0,450,450,0.1267,0.0796,1.0259,-5666.26,0.8491
1853,19,hazard_dense_office,0.1667,0,243.5,450,0.1853,0.0962,1.0636,-5004.09,0.8464
1854,19,hazard_dense_office,0.0833,0,75.0,450,0.3033,0.1458,1.1005,-5289.96,0.8437
1855,19,hazard_dense_office,0.1667,0,237.0,450,0.0,0.0,1.0003,-4943.48,0.841
1856,19,hazard_dense_office,0.25,0,117.33,450,0.1283,0.0912,1.0397,-4592.06,0.8386
1857,19,hazard_dense_office,0.0833,0,190.0,450,0.1393,0.073,1.0441,-5260.88,0.8358
1858,19,hazard_dense_office,0.25,0,135.33,450,0.1383,0.0818,1.0489,-4425.71,0.8333
1859,19,hazard_dense_office,0.1667,0,175.5,450,0.14,0.0729,1.0443,-4832.83,0.8307
1860,19,hazard_dense_office,0.0833,0,353.0,450,0.1025,0.022,1.0357,-5618.06,0.8278
1861,19,hazard_dense_office,0.1667,0,54.5,450,0.1867,0.1296,1.0422,-4545.4,0.8253
1862,19,hazard_dense_office,0.0833,0,74.0,450,0.2252,0.1193,1.0622,-5413.83,0.8226
1863,19,hazard_dense_office,0.0833,0,126.0,450,0.0,0.0,1.0001,-5172.44,0.8198
1864,19,hazard_dense_office,0.25,0,228.0,450,0.2409,0.1286,1.0763,-4586.59,0.8172
1865,19,hazard_dense_office,0.3333,0,123.25,450,0.0217,0.0044,1.011,-3932.21,0.815
1866,19,hazard_dense_office,0.1667,0,52.0,450,0.2683,0.1532,1.0743,-4592.34,0.8125
1867,19,hazard_dense_office,0.25,0,216.33,450,0.165,0.0969,1.0476,-4611.87,0.8099
1868,19,hazard_dense_office,0.3333,0,111.75,450,0.115,0.0821,1.0383,-3979.05,0.8077
1869,19,hazard_dense_office,0.0833,0,234.0,450,0.1554,0.0771,1.0567,-5441.69,0.8049
1870,19,hazard_dense_office,0.0833,0,165.0,450,0.1628,0.0892,1.0574,-5742.63,0.8021
1871,19,hazard_dense_office,0.25,0,88.33,450,0.269,0.1383,1.092,-4243.15,0.7998
1872,19,hazard_dense_office,0.1667,0,165.0,450,0.2083,0.1337,1.0614,-4868.56,0.7971
1873,19,hazard_dense_office,0.1667,0,123.0,450,0.1433,0.106,1.05,-4821.23,0.7946
1874,19,hazard_dense_office,0.3333,0,136.75,450,0.1217,0.0782,1.022,-3955.37,0.7923
1875,19,hazard_dense_office,0.25,0,123.67,450,0.0617,0.0418,1.0251,-4716.86,0.7899
1876,19,hazard_dense_office,0.1667,0,144.0,450,0.0133,0.001,1.0011,-4729.28,0.7873
1877,19,hazard_dense_office,0.3333,0,57.5,450,0.1133,0.0685,1.0412,-3514.23,0.7852
1878,19,hazard_dense_office,0.25,0,271.33,450,0.17,0.0965,1.0545,-4900.4,0.7825
1879,19,hazard_dense_office,0.1667,0,233.5,450,0.1102,0.0401,1.0327,-4884.28,0.7798
1880,19,hazard_dense_office,0.1667,0,195.5,450,0.2067,0.0837,1.0722,-4826.91,0.7772
1881,19,hazard_dense_office,0.1667,0,260.0,450,0.2151,0.0917,1.0584,-4978.42,0.7744
1882,19,hazard_dense_office,0.1667,0,153.0,450,0.1523,0.0899,1.0445,-4921.03,0.7718
1883,19,hazard_dense_office,0.4167,0,140.8,450,0.1074,0.0602,1.0395,-3495.04,0.7697
1884,19,hazard_dense_office,0.3333,0,170.5,450,0.0933,0.0652,1.0318,-4173.86,0.7674
1885,19,hazard_dense_office,0.25,0,93.33,450,0.2271,0.1419,1.0624,-4280.98,0.765
1886,19,hazard_dense_office,0.25,0,126.67,450,0.325,0.1648,1.112,-4536.71,0.7626
1887,19,hazard_dense_office,0.3333,0,153.75,450,0.04,0.0176,1.0128,-3880.85,0.7603
1888,19,hazard_dense_office,0.3333,0,52.25,450,0.0517,0.0294,1.0225,-3590.83,0.7582
1889,19,hazard_dense_office,0.5,0,149.33,450,0.33,0.2179,1.0989,-3214.15,0.7563
1890,19,hazard_dense_office,0.5,0,175.17,450,0.0117,0.0015,1.0001,-3235.04,0.7542
1891,19,hazard_dense_office,0.1667,0,98.5,450,0.0835,0.0425,1.0261,-4743.64,0.7517
1892,19,hazard_dense_office,0.1667,0,203.0,450,0.1233,0.0873,1.0311,-4849.98,0.749
1893,19,hazard_dense_office,0.25,0,132.0,450,0.246,0.1215,1.073,-4398.06,0.7466
1894,19,hazard_dense_office,0.1667,0,48.0,450,0.1683,0.1155,1.0474,-4483.37,0.7441
1895,19,hazard_dense_office,0.0833,0,62.0,450,0.2102,0.1309,1.0643,-5011.69,0.7414
1896,19,hazard_dense_office,0.3333,0,135.25,450,0.3103,0.169,1.1013,-3831.69,0.7391
1897,19,hazard_dense_office,0.3333,0,173.75,450,0.1082,0.0752,1.0303,-4089.41,0.7368
1898,19,hazard_dense_office,0.4167,0,141.8,450,0.045,0.0129,1.0143,-3465.25,0.7347
1899,19,hazard_dense_office,0.1667,0,114.5,450,0.1167,0.0704,1.0358,-4559.64,0.7321
1900,19,hazard_dense_office,0.1667,0,103.5,450,0.14,0.0921,1.0354,-4469.87,0.7295
1901,19,hazard_dense_office,0.1667,0,101.5,450,0.1,0.0554,1.0295,-4637.15,0.727
1902,19,hazard_dense_office,0.25,0,119.33,450,0.0483,0.0257,1.0194,-4249.46,0.7246
1903,19,hazard_dense_office,0.25,0,108.33,450,0.0,0.0,1.0003,-4303.45,0.7222
1904,19,hazard_dense_office,0.1667,0,33.5,450,0.0,0.0,1.0,-4384.39,0.7197
1905,19,hazard_dense_office,0.25,0,133.33,450,0.0565,0.0273,1.0205,-4210.03,0.7173
1906,19,hazard_dense_office,0.25,0,112.67,450,0.1533,0.1186,1.0467,-4235.09,0.7149
1907,19,hazard_dense_office,0.0833,0,40.0,450,0.0837,0.0415,1.0378,-4957.13,0.7122
1908,19,hazard_dense_office,0.3333,0,172.0,450,0.0817,0.0734,1.0241,-3846.09,0.7098
1909,19,hazard_dense_office,0.25,0,267.0,450,0.0,0.0,1.0,-4517.2,0.7072
1910,19,hazard_dense_office,0.25,0,95.33,450,0.2922,0.1766,1.0884,-4085.19,0.7048
1911,19,hazard_dense_office,0.1667,0,86.0,450,0.034,0.006,1.0042,-4432.02,0.7023
1912,19,hazard_dense_office,0.3333,0,180.0,450,0.2585,0.127,1.093,-4017.33,0.6999
1913,19,hazard_dense_office,0.3333,0,137.0,450,0.0111,0.0009,1.0022,-3785.08,0.6977
1914,19,hazard_dense_office,0.25,0,152.33,450,0.0,0.0,1.0,-4173.94,0.6952
1915,19,hazard_dense_office,0.0833,0,81.0,450,0.0883,0.0758,1.025,-4914.46,0.6925
1916,19,hazard_dense_office,0.1667,0,206.0,450,0.0646,0.0337,1.0254,-4727.84,0.6898
1917,19,hazard_dense_office,0.3333,0,127.75,450,0.2817,0.1752,1.0891,-3793.33,0.6876
1918,19,hazard_dense_office,0.3333,0,109.5,450,0.0833,0.0532,1.018,-3648.25,0.6854
1919,19,hazard_dense_office,0.3333,0,37.75,450,0.0867,0.0408,1.0294,-3450.06,0.6833
1920,19,hazard_dense_office,0.25,0,46.0,450,0.08,0.0704,1.0198,-3889.07,0.681
1921,19,hazard_dense_office,0.3333,0,92.25,450,0.132,0.0571,1.0587,-3706.1,0.6789
1922,19,hazard_dense_office,0.1667,0,84.5,450,0.1204,0.0731,1.0369,-4437.55,0.6763
1923,19,hazard_dense_office,0.3333,0,142.0,450,0.0702,0.0541,1.0169,-3772.12,0.6741
1924,19,hazard_dense_office,0.4167,0,113.6,450,0.16,0.1101,1.05,-3248.48,0.672
1925,19,hazard_dense_office,0.25,0,89.67,450,0.2113,0.1092,1.0454,-4126.32,0.6697
1926,19,hazard_dense_office,0.25,0,108.67,450,0.0289,0.0092,1.0131,-4091.44,0.6673
1927,19,hazard_dense_office,0.0833,0,164.0,450,0.2871,0.1664,1.0951,-5345.52,0.6645
1928,19,hazard_dense_office,0.25,0,51.67,450,0.1127,0.051,1.0314,-4071.26,0.6622
1929,19,hazard_dense_office,0.3333,0,61.25,450,0.1017,0.0577,1.0381,-3612.96,0.6601
1930,19,hazard_dense_office,0.4167,0,154.6,450,0.0,0.0,1.0,-3478.62,0.658
1931,19,hazard_dense_office,0.5,0,133.5,450,0.0183,0.0037,1.0076,-2910.75,0.6561
1932,19,hazard_dense_office,0.25,0,77.33,450,0.25,0.1875,1.0745,-4071.23,0.6537
1933,19,hazard_dense_office,0.3333,0,109.0,450,0.1,0.0506,1.0166,-3587.41,0.6516
1934,19,hazard_dense_office,0.1667,0,124.0,450,0.1393,0.069,1.0522,-4607.47,0.649
1935,19,hazard_dense_office,0.1667,0,113.0,450,0.2052,0.1376,1.0614,-4591.05,0.6464
1936,19,hazard_dense_office,0.25,0,265.33,450,0.3161,0.1428,1.0898,-4625.27,0.6438
1937,19,hazard_dense_office,0.25,0,109.67,450,0.355,0.1802,1.1243,-4504.09,0.6414
1938,19,hazard_dense_office,0.1667,0,49.0,450,0.0283,0.0044,1.0,-4338.17,0.6389
1939,19,hazard_dense_office,0.5833,0,178.43,450,0.14,0.0841,1.0497,-2822.84,0.637
1940,19,hazard_dense_office,0.5,0,146.17,450,0.0251,0.004,1.0016,-3088.8,0.635
1941,19,hazard_dense_office,0.3333,0,164.0,450,0.2446,0.1581,1.0683,-3932.33,0.6327
1942,19,hazard_dense_office,0.5,0,116.83,450,0.005,0.0003,1.0,-2857.97,0.6308
1943,19,hazard_dense_office,0.3333,0,137.5,450,0.0605,0.0403,1.0131,-3705.58,0.6286
1944,19,hazard_dense_office,0.3333,0,174.5,450,0.0,0.0,1.0005,-4014.51,0.6262
1945,19,hazard_dense_office,0.5,0,145.67,450,0.0,0.0,1.0006,-3014.35,0.6243
1946,19,hazard_dense_office,0.3333,0,177.75,450,0.0,0.0,1.0002,-3905.61,0.6219
1947,19,hazard_dense_office,0.3333,0,144.0,450,0.0,0.0,1.0,-3782.07,0.6197
1948,19,hazard_dense_office,0.5833,0,130.14,450,0.0,0.0,1.0,-2485.0,0.6179
1949,19,hazard_dense_office,0.3333,0,184.75,450,0.0,0.0,1.0,-3942.9,0.6156
1950,19,hazard_dense_office,0.4167,0,86.8,450,0.0508,0.0244,1.0189,-3079.07,0.6136
1951,19,hazard_dense_office,0.5,0,159.67,450,0.0,0.0,1.0,-3074.81,0.6116
1952,19,hazard_dense_office,0.5833,0,150.57,450,0.0,0.0,1.0,-2607.29,0.6098
1953,19,hazard_dense_office,0.4167,0,171.8,450,0.0,0.0,1.0,-3550.16,0.6077
1954,19,hazard_dense_office,0.5,0,175.5,450,0.1017,0.0518,1.0386,-3108.81,0.6056
1955,19,hazard_dense_office,0.5,0,166.5,450,0.0,0.0,1.0,-3005.84,0.6036
1956,19,hazard_dense_office,0.3333,0,176.75,450,0.0883,0.0644,1.0263,-3881.99,0.6013
1957,19,hazard_dense_office,0.5833,0,220.57,450,0.0667,0.0489,1.0198,-2934.22,0.5992
1958,19,hazard_dense_office,0.5833,0,204.71,450,0.0443,0.0098,1.0255,-3101.41,0.5972
1959,19,hazard_dense_office,0.5833,0,182.86,450,0.0833,0.0764,1.0243,-2798.83,0.5953
1960,19,hazard_dense_office,0.5833,0,246.86,450,0.25,0.1875,1.075,-3650.61,0.5931
1961,19,hazard_dense_office,0.5,0,144.0,450,0.3736,0.2022,1.1123,-3230.07,0.5911
1962,19,hazard_dense_office,0.5,0,121.33,450,0.09,0.0416,1.0355,-3111.96,0.5893
1963,19,hazard_dense_office,0.5833,0,213.43,450,0.2339,0.1651,1.0706,-3222.02,0.5872
1964,19,hazard_dense_office,0.3333,0,215.75,450,0.3483,0.1336,1.13,-4310.46,0.5848
1965,19,hazard_dense_office,0.75,0,158.0,450,0.165,0.0969,1.0562,-1951.89,0.5833
1966,19,hazard_dense_office,0.3333,0,173.25,450,0.0283,0.0088,1.0133,-3915.55,0.581
1967,19,hazard_dense_office,0.3333,0,121.75,450,0.1983,0.1224,1.0693,-3668.2,0.5787
1968,19,hazard_dense_office,0.5,0,224.0,450,0.1749,0.1192,1.0514,-3484.33,0.5765
1969,19,hazard_dense_office,0.75,0,186.11,450,0.0617,0.0418,1.025,-2272.85,0.5749
1970,19,hazard_dense_office,0.5,0,187.0,450,0.0633,0.0267,1.0241,-3150.96,0.5728
1971,19,hazard_dense_office,0.5833,0,105.14,450,0.0017,0.0,1.0009,-2424.11,0.5712
1972,19,hazard_dense_office,0.5833,0,221.71,450,0.0827,0.0364,1.0225,-3142.42,0.5691
1973,19,hazard_dense_office,0.5833,0,128.43,450,0.0733,0.0592,1.0227,-2478.82,0.5674
1974,19,hazard_dense_office,0.5833,0,168.43,450,0.0783,0.0186,1.0309,-2753.18,0.5655
1975,19,hazard_dense_office,0.75,0,134.56,450,0.0,0.0,1.0,-1683.24,0.5641
1976,19,hazard_dense_office,0.6667,0,118.12,450,0.0033,0.0001,1.0011,-1967.11,0.5626
1977,19,hazard_dense_office,0.5833,0,142.71,450,0.0741,0.0562,1.026,-2580.72,0.5609
1978,19,hazard_dense_office,0.4167,0,185.8,450,0.3,0.19,1.0834,-4024.41,0.5586
1979,19,hazard_dense_office,0.4167,0,253.4,450,0.2088,0.1101,1.0623,-4204.79,0.5562
1980,19,hazard_dense_office,0.3333,0,123.0,450,0.0333,0.0122,1.0112,-3672.85,0.554
1981,19,hazard_dense_office,0.4167,0,100.0,450,0.295,0.1753,1.0978,-3233.42,0.552
1982,19,hazard_dense_office,0.5833,0,218.86,450,0.1367,0.0823,1.05,-3084.85,0.55
1983,19,hazard_dense_office,0.6667,0,230.88,450,0.1196,0.0848,1.0388,-2826.28,0.548
1984,19,hazard_dense_office,0.75,0,267.44,450,0.01,0.0011,1.0011,-2834.13,0.5459
1985,19,hazard_dense_office,0.8333,0,265.6,450,0.0683,0.0514,1.025,-2476.76,0.544
1986,19,hazard_dense_office,0.6667,0,184.25,450,0.0,0.0,1.0,-2423.01,0.5422
1987,19,hazard_dense_office,0.6667,0,209.62,450,0.0,0.0,1.0,-2685.66,0.5403
1988,19,hazard_dense_office,0.75,0,214.22,450,0.0,0.0,1.0,-2443.77,0.5385
1989,19,hazard_dense_office,0.6667,0,265.88,450,0.0833,0.0764,1.025,-3044.79,0.5364
1990,19,hazard_dense_office,0.8333,0,246.0,450,0.0,0.0,1.0,-2394.9,0.5346
1991,19,hazard_dense_office,0.6667,0,204.62,450,0.0,0.0,1.0,-2583.7,0.5327
1992,19,hazard_dense_office,0.4167,0,160.8,450,0.1,0.0338,1.0367,-3536.17,0.5305
1993,19,hazard_dense_office,0.5833,0,227.29,450,0.0833,0.0764,1.0248,-3112.32,0.5284
1994,19,hazard_dense_office,0.75,0,258.0,450,0.0,0.0,1.0,-2707.0,0.5264
1995,19,hazard_dense_office,0.5833,0,252.86,450,0.0,0.0,1.0,-3297.87,0.5243
1996,19,hazard_dense_office,0.8333,0,174.5,450,0.0,0.0,1.0,-1602.7,0.5228
1997,19,hazard_dense_office,0.8333,0,194.7,450,0.0,0.0,1.0,-1832.25,0.5213
1998,19,hazard_dense_office,0.6667,0,217.88,450,0.1247,0.0852,1.0392,-2661.86,0.5193
1999,19,hazard_dense_office,0.6667,0,249.5,450,0.0333,0.0122,1.0061,-2878.86,0.5173
2000,19,hazard_dense_office,0.75,0,287.33,450,0.015,0.0025,1.0052,-2983.38,0.5151
2001,19,hazard_dense_office,0.4167,0,80.4,450,0.045,0.0223,1.0166,-3015.33,0.5132
2002,19,hazard_dense_office,0.5833,0,239.0,450,0.07,0.0539,1.0169,-3261.49,0.511
2003,19,hazard_dense_office,0.4167,0,139.4,450,0.0617,0.0418,1.0239,-3275.5,0.509
2004,19,hazard_dense_office,0.5833,0,183.43,450,0.04,0.0176,1.0146,-2790.35,0.507
2005,19,hazard_dense_office,0.5833,0,241.43,450,0.0817,0.0734,1.0217,-3414.54,0.5049
2006,19,hazard_dense_office,0.5,0,140.5,450,0.02,0.0044,1.0101,-2909.44,0.503
2007,19,hazard_dense_office,0.75,0,203.11,450,0.0017,0.0,1.0009,-2303.95,0.5012
2008,19,hazard_dense_office,0.6667,0,191.75,450,0.0,0.0,1.0,-2426.98,0.4994
2009,19,hazard_dense_office,0.75,0,128.44,450,0.0,0.0,1.0,-1579.96,0.498
2010,19,hazard_dense_office,0.6667,0,237.75,450,0.0,0.0,1.0001,-2891.12,0.496
2011,19,hazard_dense_office,0.8333,0,274.9,450,0.0367,0.0148,1.0122,-2649.78,0.494
2012,19,hazard_dense_office,0.9167,0,207.91,450,0.0,0.0,1.0,-1505.26,0.4925
2013,19,hazard_dense_office,0.9167,0,242.73,450,0.0033,0.0001,1.0011,-1993.62,0.4908
2014,19,hazard_dense_office,0.6667,0,312.62,450,0.0,0.0,1.0003,-3266.44,0.4885
2015,19,hazard_dense_office,0.5,0,258.83,450,0.0283,0.0088,1.0129,-3633.14,0.4862
2016,19,hazard_dense_office,0.75,0,234.33,450,0.0833,0.0764,1.0246,-2471.27,0.4843
2017,19,hazard_dense_office,0.5,0,247.67,450,0.0167,0.0031,1.0065,-3399.4,0.482
2018,19,hazard_dense_office,0.6667,0,299.5,450,0.0,0.0,1.0,-3287.25,0.4797
2019,19,hazard_dense_office,0.75,0,233.56,450,0.0,0.0,1.0,-2500.59,0.4779
2020,19,hazard_dense_office,0.5833,0,230.14,450,0.0,0.0,1.0,-3106.54,0.4758
2021,19,hazard_dense_office,0.5833,0,180.57,450,0.15,0.1125,1.05,-2934.74,0.4738
2022,19,hazard_dense_office,0.75,0,123.56,450,0.0567,0.0353,1.025,-1761.71,0.4725
2023,19,hazard_dense_office,0.9167,0,247.27,450,0.0,0.0,1.0,-2119.45,0.4708
2024,19,hazard_dense_office,0.6667,0,113.25,450,0.0,0.0,1.0,-1922.24,0.4693
2025,19,hazard_dense_office,0.4167,0,157.0,450,0.025,0.0069,1.0128,-3256.11,0.4672
2026,19,hazard_dense_office,0.6667,0,177.5,450,0.0,0.0,1.0002,-2587.27,0.4654
2027,19,hazard_dense_office,0.5833,0,173.29,450,0.0533,0.0313,1.024,-2842.21,0.4635
2028,19,hazard_dense_office,0.75,0,188.44,450,0.0,0.0,1.0,-2242.18,0.4619
2029,19,hazard_dense_office,0.75,0,139.11,450,0.0,0.0,1.0,-1732.56,0.4604
2030,19,hazard_dense_office,0.6667,0,193.75,450,0.0367,0.01,1.0131,-2678.84,0.4586
2031,19,hazard_dense_office,0.75,0,213.44,450,0.0,0.0,1.0007,-2389.57,0.4568
2032,19,hazard_dense_office,0.5833,0,175.86,450,0.0,0.0,1.0,-2721.93,0.4549
2033,19,hazard_dense_office,0.6667,0,222.25,450,0.0233,0.006,1.0124,-2664.9,0.453
2034,19,hazard_dense_office,0.8333,0,194.8,450,0.0,0.0,1.0,-1762.66,0.4514
2035,19,hazard_dense_office,0.6667,0,197.62,450,0.0,0.0,1.0,-2454.41,0.4496
2036,19,hazard_dense_office,1.0,1,237.67,438,0.0,0.0,1.0,-1642.17,0.448
2037,19,hazard_dense_office,0.9167,0,253.36,450,0.0,0.0,1.0,-1909.3,0.4463
2038,19,hazard_dense_office,1.0,1,167.58,417,0.0,0.0,1.0,-778.99,0.4452
2039,19,hazard_dense_office,0.9167,0,238.64,450,0.0,0.0,1.0,-1826.57,0.4435
2040,19,hazard_dense_office,0.9167,0,227.27,450,0.0,0.0,1.0,-1656.13,0.4419
2041,19,hazard_dense_office,0.9167,0,265.18,450,0.0,0.0,1.0,-2167.68,0.4401
2042,19,hazard_dense_office,1.0,1,213.33,386,0.0,0.0,1.0,-1191.2,0.4387
2043,19,hazard_dense_office,1.0,1,193.25,435,0.0,0.0,1.0,-1035.47,0.4374
2044,19,hazard_dense_office,1.0,1,218.75,393,0.0,0.0,1.0,-1435.14,0.436
2045,19,hazard_dense_office,0.9167,0,197.45,450,0.0,0.0,1.0,-1421.86,0.4346
2046,19,hazard_dense_office,0.9167,0,215.36,450,0.0,0.0,1.0,-1652.73,0.433
2047,19,hazard_dense_office,1.0,1,200.25,401,0.0,0.0,1.0,-1141.88,0.4317
2048,19,hazard_dense_office,0.8333,0,217.4,450,0.0,0.0,1.0,-2033.86,0.43
2049,19,hazard_dense_office,0.9167,0,209.18,450,0.0,0.0,1.0,-1725.35,0.4285
2050,20,library_hard,0.0,0,450,450,0.0,0.0,1.0,-5384.92,0.9965
2051,20,library_hard,0.0,0,450,450,0.0,0.0,1.0,-5529.97,0.993
2052,20,library_hard,0.0,0,450,450,0.0,0.0,1.0,-5451.67,0.9895
2053,20,library_hard,0.1667,0,183.5,450,0.0033,0.0001,1.0,-4688.74,0.9864
2054,20,library_hard,0.0833,0,115.0,450,0.025,0.0069,1.0128,-4967.0,0.9831
2055,20,library_hard,0.0,0,450,450,0.0,0.0,1.0,-5353.08,0.9796
2056,20,library_hard,0.0,0,450,450,0.0833,0.0764,1.025,-6336.78,0.9761
2057,20,library_hard,0.0,0,450,450,0.0,0.0,1.0,-5335.31,0.9726
2058,20,library_hard,0.0,0,450,450,0.089,0.0473,1.025,-5364.44,0.9691
2059,20,library_hard,0.0833,0,227.0,450,0.0,0.0,1.0,-5052.86,0.9658
2060,20,library_hard,0.0,0,450,450,0.0,0.0,1.0,-5302.33,0.9623
2061,20,library_hard,0.0833,0,149.0,450,0.0,0.0,1.0,-4930.19,0.959
2062,20,library_hard,0.0,0,450,450,0.0,0.0,1.0,-5331.73,0.9555
2063,20,library_hard,0.0833,0,262.0,450,0.0833,0.0764,1.025,-6228.04,0.9521
2064,20,library_hard,0.0833,0,126.0,450,0.0833,0.0764,1.025,-5004.78,0.9488
2065,20,library_hard,0.0833,0,65.0,450,0.0,0.0,1.0,-4811.5,0.9456
2066,20,library_hard,0.1667,0,222.0,450,0.0,0.0,1.0,-4686.98,0.9424
2067,20,library_hard,0.1667,0,98.0,450,0.0,0.0,1.0,-4425.73,0.9394
2068,20,library_hard,0.0833,0,301.0,450,0.0,0.0,1.0,-5107.51,0.936
2069,20,library_hard,0.0833,0,443.0,450,0.0833,0.0764,1.025,-5597.37,0.9325
2070,20,library_hard,0.0833,0,259.0,450,0.0,0.0,1.0,-5056.59,0.9291
2071,20,library_hard,0.1667,0,421.5,450,0.0,0.0,1.0,-5108.6,0.9257
2072,20,library_hard,0.0833,0,404.0,450,0.0,0.0,1.0,-5202.61,0.9222
2073,20,library_hard,0.1667,0,227.5,450,0.04,0.0176,1.0061,-4685.14,0.919
2074,20,library_hard,0.0833,0,73.0,450,0.06,0.0396,1.0124,-4905.75,0.9157
2075,20,library_hard,0.0,0,450,450,0.0133,0.002,1.0042,-5797.55,0.9122
2076,20,library_hard,0.1667,0,266.0,450,0.0,0.0,1.0,-4789.56,0.909
2077,20,library_hard,0.1667,0,197.5,450,0.0,0.0,1.0,-4636.93,0.9058
2078,20,library_hard,0.0833,0,22.0,450,0.0083,0.0008,1.0021,-4765.57,0.9026
2079,20,library_hard,0.25,0,277.33,450,0.0,0.0,1.0,-4546.25,0.8995
2080,20,library_hard,0.1667,0,294.5,450,0.0033,0.0001,1.001,-4786.36,0.8962
2081,20,library_hard,0.25,0,378.0,450,0.0,0.0,1.0,-4863.13,0.8928
2082,20,library_hard,0.1667,0,320.5,450,0.0833,0.0764,1.025,-4902.44,0.8895
2083,20,library_hard,0.1667,0,195.5,450,0.0,0.0,1.0,-4518.56,0.8863
2084,20,library_hard,0.0833,0,257.0,450,0.0,0.0,1.0,-4984.44,0.8829
2085,20,library_hard,0.0833,0,250.0,450,0.06,0.0396,1.025,-5034.32,0.8796
2086,20,library_hard,0.25,0,248.33,450,0.0,0.0,1.0,-4419.81,0.8765
2087,20,library_hard,0.0833,0,105.0,450,0.0,0.0,1.0,-4816.41,0.8732
2088,20,library_hard,0.0,0,450,450,0.0,0.0,1.0,-5250.61,0.8697
2089,20,library_hard,0.0833,0,405.0,450,0.0,0.0,1.0,-5118.41,0.8663
2090,20,library_hard,0.1667,0,257.0,450,0.0,0.0,1.0,-4726.75,0.863
2091,20,library_hard,0.0833,0,238.0,450,0.0,0.0,1.0,-4960.56,0.8597
2092,20,library_hard,0.0833,0,113.0,450,0.1067,0.0785,1.0362,-5285.22,0.8564
2093,20,library_hard,0.0,0,450,450,0.14,0.1023,1.0375,-5282.64,0.8529
2094,20,library_hard,0.1667,0,162.0,450,0.0,0.0,1.0,-4476.49,0.8498
2095,20,library_hard,0.1667,0,206.0,450,0.235,0.1675,1.075,-4719.13,0.8466
2096,20,library_hard,0.1667,0,174.5,450,0.096,0.0724,1.024,-4595.92,0.8435
2097,20,library_hard,0.0833,0,331.0,450,0.055,0.0333,1.0185,-5070.96,0.84
2098,20,library_hard,0.1667,0,237.0,450,0.0017,0.0,1.0009,-4655.97,0.8368
2099,20,library_hard,0.0833,0,42.0,450,0.0083,0.0008,1.0021,-4775.38,0.8336
2100,20,library_hard,0.1667,0,137.5,450,0.0833,0.0764,1.0249,-4517.18,0.8305
2101,20,library_hard,0.25,0,234.33,450,0.0,0.0,1.0,-4353.74,0.8274
2102,20,library_hard,0.25,0,291.0,450,0.183,0.1355,1.0529,-5030.07,0.8243
2103,20,library_hard,0.3333,0,196.25,450,0.0,0.0,1.0,-3962.52,0.8214
2104,20,library_hard,0.3333,0,372.5,450,0.0698,0.0428,1.0209,-4666.74,0.8181
2105,20,library_hard,0.25,0,131.33,450,0.015,0.0025,1.0,-4127.31,0.8152
2106,20,library_hard,0.25,0,366.67,450,0.0694,0.0512,1.0248,-4905.19,0.8119
2107,20,library_hard,0.1667,0,262.5,450,0.0117,0.0015,1.0014,-4760.61,0.8087
2108,20,library_hard,0.3333,0,245.75,450,0.0283,0.004,1.0,-4137.84,0.8057
2109,20,library_hard,0.25,0,184.67,450,0.0,0.0,1.0,-4284.38,0.8027
2110,20,library_hard,0.3333,0,279.75,450,0.01,0.0011,1.0025,-4265.02,0.7997
2111,20,library_hard,0.25,0,163.0,450,0.0,0.0,1.0,-4234.34,0.7967
2112,20,library_hard,0.3333,0,131.0,450,0.0,0.0,1.0,-3700.06,0.7941
2113,20,library_hard,0.25,0,224.33,450,0.005,0.0003,1.0,-4401.95,0.791
2114,20,library_hard,0.4167,0,160.2,450,0.0,0.0,1.0,-3628.43,0.7885
2115,20,library_hard,0.25,0,86.0,450,0.0,0.0,1.0001,-4042.65,0.7857
2116,20,library_hard,0.4167,0,248.4,450,0.0,0.0,1.0,-3826.97,0.7828
2117,20,library_hard,0.4167,0,201.8,450,0.0,0.0,1.0,-3574.25,0.7801
2118,20,library_hard,0.4167,0,199.4,450,0.0,0.0,1.0,-3515.13,0.7775
2119,20,library_hard,0.4167,0,174.6,450,0.0,0.0,1.0,-3459.96,0.7749
2120,20,library_hard,0.6667,0,248.62,450,0.0,0.0,1.0,-2902.07,0.7724
2121,20,library_hard,0.5,0,220.17,450,0.0833,0.0764,1.025,-3352.71,0.7698
2122,20,library_hard,0.5833,0,238.14,450,0.0667,0.0489,1.025,-3182.24,0.7673
2123,20,library_hard,0.5,0,161.67,450,0.0,0.0,1.0,-2977.53,0.7649
2124,20,library_hard,0.4167,0,152.4,450,0.0,0.0,1.0,-3332.64,0.7624
2125,20,library_hard,0.5,0,171.17,450,0.0,0.0,1.0,-3114.81,0.76
2126,20,library_hard,0.5,0,218.83,450,0.0683,0.0409,1.0233,-3375.79,0.7574
2127,20,library_hard,0.4167,0,146.2,450,0.0,0.0,1.0,-3269.4,0.7549
2128,20,library_hard,0.5,0,284.83,450,0.0,0.0,1.0,-3726.18,0.752
2129,20,library_hard,0.4167,0,191.8,450,0.0,0.0,1.0,-3508.4,0.7493
2130,20,library_hard,0.5833,0,201.43,450,0.0,0.0,1.0007,-2874.06,0.747
2131,20,library_hard,0.5833,0,270.86,450,0.0,0.0,1.0,-3324.85,0.7443
2132,20,library_hard,0.6667,0,244.62,450,0.0,0.0,1.0004,-2940.0,0.7419
2133,20,library_hard,0.5,0,220.0,450,0.0,0.0,1.0,-3312.0,0.7393
2134,20,library_hard,0.5833,0,225.14,450,0.0,0.0,1.0,-3071.94,0.7368
2135,20,library_hard,0.5833,0,208.43,450,0.0,0.0,1.0,-2884.33,0.7344
2136,20,library_hard,0.75,0,186.22,450,0.0433,0.0207,1.0136,-2141.77,0.7324
2137,20,library_hard,0.6667,0,236.62,450,0.0,0.0,1.0,-2802.52,0.73
2138,20,library_hard,0.5,0,285.33,450,0.0,0.0,1.0,-3715.79,0.7272
2139,20,library_hard,0.5,0,227.5,450,0.0,0.0,1.0,-3375.38,0.7246
2140,20,library_hard,0.5,0,187.5,450,0.0104,0.0012,1.0,-3132.33,0.7221
2141,20,library_hard,0.5,0,211.33,450,0.0,0.0,1.0,-3273.77,0.7195
2142,20,library_hard,0.5,0,218.67,450,0.0,0.0,1.0,-3383.62,0.7169
2143,20,library_hard,0.6667,0,205.38,450,0.0,0.0,1.0,-2593.38,0.7147
2144,20,library_hard,0.75,0,205.44,450,0.0,0.0,1.0,-2276.31,0.7126
2145,20,library_hard,0.75,0,219.89,450,0.0,0.0,1.0,-2322.75,0.7105
2146,20,library_hard,0.6667,0,238.62,450,0.0,0.0,1.0,-2841.14,0.7081
2147,20,library_hard,0.75,0,227.22,450,0.0,0.0,1.0,-2425.0,0.7059
2148,20,library_hard,0.6667,0,228.0,450,0.0,0.0,1.0,-2776.08,0.7035
2149,20,library_hard,0.6667,0,228.12,450,0.04,0.0176,1.0146,-2788.92,0.7012
2150,20,library_hard,0.6667,0,254.75,450,0.0,0.0,1.0,-2929.48,0.6987
2151,20,library_hard,0.6667,0,266.75,450,0.0,0.0,1.0,-3063.8,0.6962
2152,20,library_hard,0.8333,0,199.7,450,0.0,0.0,1.0,-1796.85,0.6943
2153,20,library_hard,0.6667,0,237.75,450,0.0,0.0,1.0,-2837.45,0.6919
2154,20,library_hard,0.6667,0,166.75,450,0.0,0.0,1.0,-2338.94,0.6899
2155,20,library_hard,0.75,0,217.44,450,0.0,0.0,1.0,-2373.58,0.6877
2156,20,library_hard,0.6667,0,175.38,450,0.0,0.0,1.0,-2386.09,0.6857
2157,20,library_hard,0.75,0,238.44,450,0.0,0.0,1.0,-2472.2,0.6834
2158,20,library_hard,0.6667,0,224.0,450,0.0,0.0,1.0,-2749.68,0.6811
2159,20,library_hard,0.6667,0,203.0,450,0.0,0.0,1.0,-2614.6,0.6789
2160,20,library_hard,0.8333,0,214.1,450,0.0,0.0,1.0,-1984.84,0.6769
2161,20,library_hard,0.5833,0,244.86,450,0.0,0.0,1.0,-3249.24,0.6743
2162,20,library_hard,0.75,0,233.22,450,0.0,0.0,1.0,-2453.61,0.6721
2163,20,library_hard,0.6667,0,255.75,450,0.0,0.0,1.0,-2988.92,0.6696
2164,20,library_hard,0.8333,0,172.6,450,0.0,0.0,1.0,-1609.28,0.6679
2165,20,library_hard,0.6667,0,176.25,450,0.0,0.0,1.0,-2430.86,0.6658
2166,20,library_hard,0.8333,0,228.5,450,0.0,0.0,1.0,-2094.35,0.6638
2167,20,library_hard,0.75,0,214.78,450,0.0,0.0,1.0,-2368.94,0.6617
2168,20,library_hard,1.0,1,250.25,383,0.0,0.0,1.0,-1704.42,0.6597
2169,20,library_hard,0.5833,0,233.86,450,0.0,0.0,1.0,-3149.92,0.6572
2170,20,library_hard,0.75,0,138.33,450,0.0,0.0,1.0,-1676.54,0.6555
2171,20,library_hard,0.9167,0,248.27,450,0.0,0.0,1.0,-2010.36,0.6535
2172,20,library_hard,0.75,0,177.33,450,0.0,0.0,1.0,-1979.24,0.6516
2173,20,library_hard,0.8333,0,167.6,450,0.0,0.0,1.0,-1552.25,0.6499
2174,20,library_hard,0.75,0,201.22,450,0.0,0.0,1.0,-2219.21,0.6479
2175,20,library_hard,0.6667,0,219.5,450,0.0,0.0,1.0,-2721.43,0.6456
2176,20,library_hard,0.75,0,276.78,450,0.0,0.0,1.0,-2909.46,0.6431
2177,20,library_hard,0.75,0,233.44,450,0.0,0.0,1.0,-2439.01,0.6408
2178,20,library_hard,0.75,0,220.44,450,0.0,0.0,1.0,-2359.18,0.6387
2179,20,library_hard,0.6667,0,184.5,450,0.0,0.0,1.0,-2464.0,0.6366
2180,20,library_hard,0.8333,0,202.4,450,0.0,0.0,1.0,-1855.66,0.6347
2181,20,library_hard,0.5,0,165.5,450,0.1667,0.1389,1.05,-4256.73,0.6323
2182,20,library_hard,0.75,0,230.89,450,0.0,0.0,1.0,-2415.11,0.6301
2183,20,library_hard,1.0,1,199.42,435,0.0,0.0,1.0,-1096.4,0.6285
2184,20,library_hard,0.75,0,204.67,450,0.0,0.0,1.0,-2175.32,0.6264
2185,20,library_hard,0.75,0,166.78,450,0.0,0.0,1.0,-1910.83,0.6246
2186,20,library_hard,0.8333,0,131.6,450,0.0017,0.0,1.0,-1215.17,0.6232
2187,20,library_hard,0.6667,0,155.62,450,0.0,0.0,1.0,-2215.9,0.6212
2188,20,library_hard,0.75,0,206.44,450,0.0,0.0,1.0,-2197.85,0.6191
2189,20,library_hard,0.6667,0,143.0,450,0.0,0.0,1.0,-2096.81,0.6172
2190,20,library_hard,0.75,0,196.22,450,0.0,0.0,1.0,-2146.59,0.6152
2191,20,library_hard,0.9167,0,146.91,450,0.0,0.0,1.0,-933.98,0.6139
2192,20,library_hard,0.8333,0,169.1,450,0.0833,0.0764,1.025,-1875.29,0.6122
2193,20,library_hard,0.75,0,156.11,450,0.0,0.0,1.0,-1804.78,0.6104
2194,20,library_hard,0.9167,0,198.73,450,0.2619,0.1469,1.0826,-1457.5,0.6087
2195,20,library_hard,0.8333,0,181.3,450,0.0,0.0,1.0,-1697.61,0.607
2196,20,library_hard,0.75,0,177.44,450,0.0833,0.0764,1.025,-2081.42,0.605
2197,20,library_hard,0.75,0,183.22,450,0.0,0.0,1.0,-2021.35,0.6031
2198,20,library_hard,0.5833,0,205.43,450,0.0,0.0,1.0,-2898.88,0.6007
2199,20,library_hard,0.6667,0,173.62,450,0.0,0.0,1.0,-2303.56,0.5987
2200,20,library_hard,0.6667,0,194.0,450,0.0,0.0,1.0,-2399.05,0.5965
2201,20,library_hard,0.6667,0,159.75,450,0.0,0.0,1.0,-2223.98,0.5945
2202,20,library_hard,0.5833,0,181.29,450,0.0,0.0,1.0,-2739.15,0.5922
2203,20,library_hard,0.75,0,170.44,450,0.0,0.0,1.0,-1910.73,0.5904
2204,20,library_hard,0.75,0,144.33,450,0.0,0.0,1.0,-1661.77,0.5886
2205,20,library_hard,0.8333,0,183.0,450,0.0,0.0,1.0,-1635.51,0.5869
2206,20,library_hard,0.8333,0,155.6,450,0.0,0.0,1.0,-1399.99,0.5853
2207,20,library_hard,0.75,0,154.33,450,0.0,0.0,1.0,-1747.59,0.5835
2208,20,library_hard,0.9167,0,141.09,450,0.0,0.0,1.0,-819.23,0.5822
2209,20,library_hard,0.75,0,179.11,450,0.0,0.0,1.0,-1933.4,0.5803
2210,20,library_hard,0.9167,0,229.82,450,0.0,0.0,1.0,-1725.26,0.5784
2211,20,library_hard,0.75,0,160.11,450,0.0,0.0,1.0,-1811.33,0.5766
2212,20,library_hard,0.8333,0,205.4,450,0.0,0.0,1.0,-1919.18,0.5747
2213,20,library_hard,0.8333,0,128.0,450,0.0,0.0,1.0,-1144.0,0.5733
2214,20,library_hard,0.9167,0,155.36,450,0.0,0.0,1.0,-1112.83,0.5719
2215,20,library_hard,0.6667,0,155.0,450,0.0,0.0,1.0001,-2272.25,0.5699
2216,20,library_hard,0.75,0,177.78,450,0.0833,0.0764,1.025,-2126.07,0.568
2217,20,library_hard,0.8333,0,151.4,450,0.0,0.0,1.0,-1379.2,0.5664
2218,20,library_hard,0.75,0,161.56,450,0.0,0.0,1.0,-1807.28,0.5646
2219,20,library_hard,0.6667,0,129.62,450,0.0,0.0,1.0,-2002.93,0.5628
2220,20,library_hard,0.8333,0,161.3,450,0.045,0.0223,1.0166,-1418.67,0.5612
2221,20,library_hard,0.6667,0,156.12,450,0.0,0.0,1.0,-2096.88,0.5592
2222,20,library_hard,0.9167,0,175.45,450,0.0,0.0,1.0,-1175.15,0.5576
2223,20,library_hard,0.9167,0,178.91,450,0.0,0.0,1.0,-1224.75,0.5561
2224,20,library_hard,0.8333,0,151.4,450,0.0,0.0,1.0,-1353.01,0.5545
2225,20,library_hard,0.8333,0,163.6,450,0.0,0.0,1.0,-1448.11,0.5529
2226,20,library_hard,0.8333,0,148.5,450,0.0,0.0,1.0,-1330.78,0.5513
2227,20,library_hard,0.8333,0,171.9,450,0.0,0.0,1.0,-1534.75,0.5496
2228,20,library_hard,0.8333,0,163.5,450,0.0,0.0,1.0,-1427.53,0.548
2229,20,library_hard,0.9167,0,153.36,450,0.0,0.0,1.0,-934.41,0.5466
2230,20,library_hard,0.8333,0,199.4,450,0.0,0.0,1.0,-1730.36,0.5447
