episode_global,stage,map_name,evacuation_rate,all_evacuated,mean_evac_time,steps,mean_emotion_final,emotion_variance,mean_speed_ratio,total_reward,epsilon
1,1,mall_small,0.0,0,300,300,0.0,0.0,1.0,-1735.54,1.0
2,1,mall_small,0.0,0,300,300,0.0,0.0,1.0,-1712.18,0.9971
3,1,mall_small,0.0,0,300,300,0.0,0.0,1.0,-1704.65,0.9883
4,1,mall_small,0.0,0,300,300,0.0,0.0,1.0,-1734.75,0.9795
5,1,mall_small,0.5,0,109.0,300,0.0,0.0,1.0,-1016.84,0.9736
6,1,mall_small,0.0,0,300,300,0.0,0.0,1.0,-1688.28,0.9648
7,1,mall_small,0.0,0,300,300,0.0,0.0,1.0,-1693.46,0.956
8,1,mall_small,0.0,0,300,300,0.0,0.0,1.0,-1712.18,0.9473
9,1,mall_small,0.0,0,300,300,0.0,0.0,1.0,-1699.26,0.9385
10,1,mall_small,0.25,0,35.0,300,0.0,0.0,1.0,-1251.53,0.9317
11,1,mall_small,0.0,0,300,300,0.0,0.0,1.0,-1710.85,0.9229
12,1,mall_small,0.5,0,90.0,300,0.0,0.0,1.0,-924.8,0.9172
13,1,mall_small,0.0,0,300,300,0.0,0.0,1.0,-1625.07,0.9084
14,1,mall_small,0.25,0,205.0,300,0.0,0.0,1.0,-1460.55,0.9004
15,1,mall_small,0.25,0,200.0,300,0.0,0.0,1.0,-1461.36,0.8923
16,1,mall_small,0.5,0,176.5,300,0.0,0.0,1.0,-1159.99,0.8853
17,1,mall_small,0.25,0,78.0,300,0.0,0.0,1.0,-1263.06,0.8782
18,1,mall_small,0.0,0,300,300,0.0,0.0,1.0,-1648.65,0.8694
19,1,mall_small,0.0,0,300,300,0.0,0.0,1.0,-1651.97,0.8607
20,1,mall_small,0.5,0,223.5,300,0.0,0.0,1.0,-1294.47,0.853
21,1,mall_small,0.5,0,132.5,300,0.0,0.0,1.0,-1008.76,0.8467
22,1,mall_small,0.25,0,261.0,300,0.0,0.0,1.0,-1532.08,0.8382
23,1,mall_small,0.75,0,107.33,300,0.0,0.0,1.0,-565.26,0.8336
24,1,mall_small,0.5,0,239.5,300,0.0,0.0,1.0,-1271.62,0.8258
25,1,mall_small,0.5,0,145.0,300,0.0,0.0,1.0,-1065.88,0.8193
26,1,mall_small,0.5,0,147.0,300,0.0,0.0,1.0,-996.26,0.8127
27,1,mall_small,0.25,0,72.0,300,0.0,0.0,1.0,-1265.04,0.8056
28,1,mall_small,0.25,0,84.0,300,0.0,0.0,1.0,-1249.55,0.7984
29,1,mall_small,0.5,0,134.5,300,0.0,0.0,1.0,-956.28,0.7921
30,1,mall_small,0.5,0,77.5,300,0.0,0.0,1.0,-871.87,0.7866
31,1,mall_small,0.5,0,164.0,300,0.0,0.0,1.0,-1065.08,0.7798
32,1,mall_small,0.5,0,131.5,300,0.0,0.0,1.0,-992.46,0.7735
33,1,mall_small,0.25,0,184.0,300,0.0,0.0,1.0,-1357.5,0.7656
34,1,mall_small,0.25,0,167.0,300,0.0,0.0,1.0,-1412.15,0.7578
35,1,mall_small,0.75,0,106.67,300,0.0,0.0,1.0,-582.14,0.7532
36,1,mall_small,0.5,0,94.5,300,0.0,0.0,1.0,-905.92,0.7475
37,1,mall_small,0.5,0,101.5,300,0.0,0.0,1.0,-888.14,0.7416
38,1,mall_small,0.75,0,93.67,300,0.0,0.0,1.0,-522.95,0.7374
39,1,mall_small,0.5,0,227.0,300,0.0,0.0,1.0,-1237.24,0.7296
40,1,mall_small,0.75,0,149.0,300,0.0,0.0,1.0,-684.93,0.7242
41,1,mall_small,0.75,0,67.33,300,0.0,0.0,1.0,-419.83,0.7205
42,1,mall_small,0.5,0,178.5,300,0.0,0.0,1.0,-1064.73,0.7135
43,1,mall_small,0.25,0,131.0,300,0.0,0.0,1.0,-1286.63,0.706
44,1,mall_small,0.75,0,217.67,300,0.0,0.0,1.0,-977.23,0.699
45,1,mall_small,0.5,0,162.5,300,0.0,0.0,1.0,-1082.8,0.6923
46,1,mall_small,0.5,0,40.5,300,0.0,0.0,1.0,-778.04,0.6873
47,1,mall_small,0.75,0,154.33,300,0.0,0.0,1.0,-693.23,0.6817
48,1,mall_small,0.75,0,167.0,300,0.0,0.0,1.0,-765.26,0.6759
49,1,mall_small,0.75,0,54.0,300,0.0,0.0,1.0,-341.95,0.6725
50,1,mall_small,0.75,0,196.0,300,0.0,0.0,1.0,-860.83,0.666
51,1,mall_small,1.0,1,188.75,296,0.0,0.0,1.0,-598.2,0.6605
52,1,mall_small,0.5,0,115.0,300,0.0,0.0,1.0,-909.95,0.6544
53,1,mall_small,0.5,0,118.0,300,0.0,0.0,1.0,-937.28,0.6483
54,1,mall_small,0.75,0,121.0,300,0.0,0.0,1.0,-601.98,0.6435
55,1,mall_small,0.75,0,154.33,300,0.0,0.0,1.0,-750.8,0.6379
56,1,mall_small,0.75,0,127.0,300,0.0,0.0,1.0,-618.97,0.6329
57,1,mall_small,0.75,0,121.67,300,0.0,0.0,1.0,-548.15,0.628
58,1,mall_small,0.75,0,188.67,300,0.0,0.0,1.0,-844.68,0.6217
59,1,mall_small,0.75,0,160.0,300,0.0,0.0,1.0,-741.13,0.616
60,1,mall_small,0.75,0,196.67,300,0.0,0.0,1.0,-853.97,0.6095
61,1,mall_small,1.0,1,164.5,269,0.0,0.0,1.0,-470.63,0.6047
62,1,mall_small,1.0,1,138.0,284,0.0,0.0,1.0,-351.56,0.6007
63,1,mall_small,1.0,1,127.5,223,0.0,0.0,1.0,-281.97,0.5969
64,1,mall_small,1.0,1,134.25,218,0.0,0.0,1.0,-294.19,0.593
65,1,mall_small,0.75,0,84.33,300,0.0,0.0,1.0,-443.55,0.589
66,1,mall_small,1.0,1,102.0,210,0.0,0.0,1.0,-139.15,0.586
67,1,mall_small,1.0,1,132.25,228,0.0,0.0,1.0,-296.83,0.5821
68,1,mall_small,0.75,0,153.33,300,0.0,0.0,1.0,-671.57,0.5766
69,1,mall_small,1.0,1,149.75,280,0.0,0.0,1.0,-414.36,0.5722
70,1,mall_small,1.0,1,112.0,209,0.0,0.0,1.0,-188.11,0.5689
71,1,mall_small,1.0,1,137.25,268,0.0,0.0,1.0,-340.95,0.5649
72,1,mall_small,1.0,1,141.25,266,0.0,0.0,1.0,-318.7,0.5608
73,1,mall_small,1.0,1,124.0,198,0.0,0.0,1.0,-260.51,0.5572
74,2,school_small,0.0,0,300,300,0.0,0.0,1.0,-1764.92,0.9937
75,2,school_small,0.0,0,300,300,0.0,0.0,1.0,-1710.82,0.9873
76,2,school_small,0.0,0,300,300,0.0,0.0,1.0,-1760.97,0.981
77,2,school_small,0.0,0,300,300,0.0,0.0,1.0,-1746.68,0.9747
78,2,school_small,0.0,0,300,300,0.0,0.0,1.0,-1754.59,0.9683
79,2,school_small,0.0,0,300,300,0.0,0.0,1.0,-1698.58,0.962
80,2,school_small,0.25,0,21.0,300,0.0,0.0,1.0,-1218.44,0.9571
81,2,school_small,0.0,0,300,300,0.0,0.0,1.0,-1756.57,0.9508
82,2,school_small,0.25,0,138.0,300,0.0,0.0,1.0,-1432.49,0.9453
83,2,school_small,0.25,0,99.0,300,0.0,0.0,1.0,-1354.93,0.9401
84,2,school_small,0.0,0,300,300,0.0,0.0,1.0,-1739.42,0.9337
85,2,school_small,0.0,0,300,300,0.0,0.0,1.0,-1729.09,0.9274
86,2,school_small,0.0,0,300,300,0.0,0.0,1.0,-1649.79,0.9211
87,2,school_small,0.0,0,300,300,0.0,0.0,1.0,-1731.85,0.9147
88,2,school_small,0.25,0,146.0,300,0.0,0.0,1.0,-1403.67,0.9092
89,2,school_small,0.25,0,36.0,300,0.0,0.0,1.0,-1224.72,0.9043
90,2,school_small,0.0,0,300,300,0.0,0.0,1.0,-1706.32,0.8979
91,2,school_small,0.25,0,31.0,300,0.0,0.0,1.0,-1273.49,0.893
92,2,school_small,0.25,0,47.0,300,0.0,0.0,1.0,-1302.59,0.888
93,2,school_small,0.0,0,300,300,0.0,0.0,1.0,-1757.39,0.8817
94,2,school_small,0.25,0,173.0,300,0.0,0.0,1.0,-1323.71,0.876
95,2,school_small,0.0,0,300,300,0.0,0.0,1.0,-1712.63,0.8697
96,2,school_small,0.0,0,300,300,0.0,0.0,1.0,-1699.87,0.8634
97,2,school_small,0.0,0,300,300,0.0,0.0,1.0,-1692.17,0.857
98,2,school_small,0.5,0,98.0,300,0.0,0.0,1.0,-972.79,0.8528
99,2,school_small,0.0,0,300,300,0.0,0.0,1.0,-1757.83,0.8465
100,2,school_small,0.0,0,300,300,0.0,0.0,1.0,-1745.87,0.8402
101,2,school_small,0.0,0,300,300,0.0,0.0,1.0,-1757.4,0.8338
102,2,school_small,0.25,0,221.0,300,0.0,0.0,1.0,-1467.73,0.8279
103,2,school_small,0.0,0,300,300,0.0,0.0,1.0,-1728.04,0.8216
104,2,school_small,0.0,0,300,300,0.0,0.0,1.0,-1729.98,0.8152
105,2,school_small,0.0,0,300,300,0.0,0.0,1.0,-1723.26,0.8089
106,2,school_small,0.0,0,300,300,0.0,0.0,1.0,-1696.63,0.8026
107,2,school_small,0.0,0,300,300,0.0,0.0,1.0,-1630.05,0.7962
108,2,school_small,0.5,0,76.5,300,0.0,0.0,1.0,-879.54,0.7923
109,2,school_small,0.0,0,300,300,0.0,0.0,1.0,-1696.43,0.7859
110,2,school_small,0.5,0,124.0,300,0.0,0.0,1.0,-1013.53,0.7815
111,2,school_small,0.5,0,110.5,300,0.0,0.0,1.0,-947.17,0.7771
112,2,school_small,0.0,0,300,300,0.0,0.0,1.0,-1715.8,0.7708
113,2,school_small,0.0,0,300,300,0.0,0.0,1.0,-1712.56,0.7645
114,2,school_small,0.25,0,78.0,300,0.0,0.0,1.0,-1293.09,0.7593
115,2,school_small,0.25,0,150.0,300,0.0,0.0,1.0,-1283.89,0.7538
116,2,school_small,0.25,0,29.0,300,0.0,0.0,1.0,-1238.86,0.7489
117,2,school_small,0.5,0,153.0,300,0.0,0.0,1.0,-1050.7,0.7441
118,2,school_small,0.5,0,191.5,300,0.0,0.0,1.0,-1116.0,0.7389
119,2,school_small,0.5,0,207.0,300,0.0,0.0,1.0,-1078.51,0.7335
120,2,school_small,0.0,0,300,300,0.0,0.0,1.0,-1664.09,0.7272
121,2,school_small,0.25,0,133.0,300,0.0,0.0,1.0,-1307.7,0.7218
122,2,school_small,0.75,0,164.33,300,0.0,0.0,1.0,-665.98,0.7176
123,2,school_small,0.75,0,79.0,300,0.0,0.0,1.0,-417.01,0.7147
124,2,school_small,0.5,0,137.0,300,0.0,0.0,1.0,-1054.28,0.7101
125,2,school_small,0.25,0,172.0,300,0.0,0.0,1.0,-1450.52,0.7045
126,2,school_small,0.25,0,17.0,300,0.0,0.0,1.0,-1213.61,0.6996
127,2,school_small,0.75,0,150.0,300,0.0,0.0,1.0,-674.12,0.6957
128,2,school_small,0.5,0,200.5,300,0.0,0.0,1.0,-1120.04,0.6904
129,2,school_small,0.5,0,88.5,300,0.0,0.0,1.0,-881.32,0.6863
130,2,school_small,0.5,0,110.0,300,0.0,0.0,1.0,-900.92,0.6819
131,2,school_small,0.5,0,181.0,300,0.0,0.0,1.0,-1106.3,0.6769
132,2,school_small,0.75,0,167.33,300,0.0,0.0,1.0,-722.35,0.6726
133,2,school_small,0.75,0,214.67,300,0.0,0.0,1.0,-999.06,0.6676
134,2,school_small,0.75,0,136.67,300,0.0,0.0,1.0,-643.95,0.6639
135,2,school_small,0.5,0,112.5,300,0.0,0.0,1.0,-967.86,0.6596
136,2,school_small,0.75,0,200.67,300,0.0,0.0,1.0,-924.66,0.6548
137,2,school_small,0.5,0,131.5,300,0.0,0.0,1.0,-974.58,0.6502
138,2,school_small,0.75,0,146.0,300,0.0,0.0,1.0,-648.44,0.6463
139,2,school_small,0.75,0,211.67,300,0.0,0.0,1.0,-824.89,0.6414
140,2,school_small,1.0,1,127.0,274,0.0,0.0,1.0,-209.32,0.6387
141,2,school_small,0.75,0,197.0,300,0.0,0.0,1.0,-892.31,0.634
142,2,school_small,1.0,1,175.75,283,0.0,0.0,1.0,-439.39,0.6303
143,2,school_small,1.0,1,122.0,266,0.0,0.0,1.0,-234.57,0.6277
144,2,school_small,0.75,0,147.67,300,0.0,0.0,1.0,-699.19,0.6238
145,2,school_small,0.75,0,129.33,300,0.0,0.0,1.0,-582.13,0.6202
146,2,school_small,0.75,0,211.33,300,0.0,0.0,1.0,-953.13,0.6153
147,2,school_small,0.75,0,135.67,300,0.0,0.0,1.0,-517.48,0.6115
148,2,school_small,0.75,0,152.67,300,0.0,0.0,1.0,-721.55,0.6075
149,2,school_small,0.75,0,73.67,300,0.0,0.0,1.0,-442.47,0.6048
150,2,school_small,0.5,0,98.0,300,0.0,0.0,1.0,-897.98,0.6006
151,2,school_small,0.75,0,152.67,300,0.0,0.0,1.0,-678.59,0.5966
152,2,school_small,0.75,0,142.67,300,0.0,0.0,1.0,-578.4,0.5927
153,2,school_small,0.75,0,153.67,300,0.0,0.0,1.0,-637.31,0.5887
154,2,school_small,1.0,1,174.0,292,0.0,0.0,1.0,-413.71,0.585
155,2,school_small,0.25,0,159.0,300,0.0,0.0,1.0,-1278.25,0.5794
156,2,school_small,0.75,0,70.0,300,0.0,0.0,1.0,-441.3,0.5768
157,2,school_small,0.75,0,200.0,300,0.0,0.0,1.0,-795.64,0.572
158,2,school_small,1.0,1,91.0,121,0.0,0.0,1.0,-61.54,0.5701
159,2,school_small,1.0,1,146.75,256,0.0,0.0,1.0,-371.23,0.567
160,2,school_small,1.0,1,111.75,262,0.0,0.0,1.0,-241.92,0.5646
161,2,school_small,1.0,1,184.5,290,0.0,0.0,1.0,-467.74,0.5607
162,2,school_small,0.5,0,136.0,300,0.0,0.0,1.0,-897.84,0.5561
163,2,school_small,1.0,1,150.25,278,0.0,0.0,1.0,-328.18,0.553
164,2,school_small,0.75,0,158.33,300,0.0,0.0,1.0,-650.79,0.5489
165,2,school_small,1.0,1,133.0,222,0.0,0.0,1.0,-189.1,0.5461
166,2,school_small,1.0,1,171.5,264,0.0,0.0,1.0,-384.68,0.5424
167,3,office_wing_small,0.0,0,300,300,0.25,0.1875,1.0748,-1745.53,0.9937
168,3,office_wing_small,0.0,0,300,300,0.0,0.0,1.0,-1727.82,0.9873
169,3,office_wing_small,0.25,0,30.0,300,0.0,0.0,1.0,-1238.19,0.9824
170,3,office_wing_small,0.0,0,300,300,0.25,0.1875,1.075,-2011.72,0.9761
171,3,office_wing_small,0.0,0,300,300,0.185,0.1027,1.075,-2046.69,0.9698
172,3,office_wing_small,0.25,0,189.0,300,0.0,0.0,1.0,-1467.65,0.964
173,3,office_wing_small,0.0,0,300,300,0.0,0.0,1.0,-1724.38,0.9577
174,3,office_wing_small,0.25,0,300.0,300,0.0,0.0,1.0,-1851.54,0.9514
175,3,office_wing_small,0.0,0,300,300,0.0,0.0,1.0,-1798.32,0.945
176,3,office_wing_small,0.0,0,300,300,0.25,0.1875,1.075,-1765.42,0.9387
177,3,office_wing_small,0.0,0,300,300,0.0,0.0,1.0,-1743.97,0.9324
178,3,office_wing_small,0.0,0,300,300,0.25,0.1875,1.075,-2142.45,0.926
179,3,office_wing_small,0.0,0,300,300,0.0,0.0,1.0,-1710.88,0.9197
180,3,office_wing_small,0.0,0,300,300,0.0,0.0,1.0,-1692.57,0.9134
181,3,office_wing_small,0.0,0,300,300,0.245,0.1801,1.075,-1882.28,0.907
182,3,office_wing_small,0.0,0,300,300,0.25,0.1875,1.0733,-1715.12,0.9007
183,3,office_wing_small,0.5,0,153.5,300,0.0,0.0,1.0,-1121.92,0.8959
184,3,office_wing_small,0.25,0,83.0,300,0.0,0.0,1.0,-1329.87,0.8907
185,3,office_wing_small,0.25,0,265.0,300,0.12,0.0432,1.0186,-1735.05,0.8846
186,3,office_wing_small,0.25,0,288.0,300,0.0,0.0,1.0,-1595.13,0.8783
187,3,office_wing_small,0.5,0,160.5,300,0.25,0.1875,1.075,-1235.74,0.8734
188,3,office_wing_small,0.0,0,300,300,0.0,0.0,1.0,-1717.74,0.8671
189,3,office_wing_small,0.25,0,120.0,300,0.155,0.0721,1.0425,-1498.67,0.8617
190,3,office_wing_small,0.5,0,201.5,300,0.0,0.0,1.0001,-1177.33,0.8564
191,3,office_wing_small,0.25,0,241.0,300,0.0,0.0,1.0,-1493.96,0.8504
192,3,office_wing_small,0.25,0,17.0,300,0.25,0.1875,1.075,-1512.42,0.8456
193,3,office_wing_small,0.25,0,23.0,300,0.25,0.1875,1.0667,-1308.58,0.8407
194,3,office_wing_small,0.25,0,62.0,300,0.12,0.0216,1.0155,-1328.8,0.8356
195,3,office_wing_small,0.5,0,263.0,300,0.0,0.0,1.0,-1396.07,0.8297
196,3,office_wing_small,0.25,0,198.0,300,0.25,0.1875,1.0747,-1467.47,0.8239
197,3,office_wing_small,0.0,0,300,300,0.0,0.0,1.0,-1686.62,0.8175
198,3,office_wing_small,0.5,0,166.0,300,0.0,0.0,1.0,-1085.28,0.8126
199,3,office_wing_small,0.25,0,215.0,300,0.0,0.0,1.0,-1430.27,0.8067
200,3,office_wing_small,0.5,0,216.0,300,0.0,0.0,1.0,-1259.1,0.8013
201,3,office_wing_small,0.5,0,143.5,300,0.0,0.0,1.0,-1002.31,0.7966
202,3,office_wing_small,0.25,0,158.0,300,0.175,0.0919,1.075,-1625.5,0.791
203,3,office_wing_small,0.25,0,94.0,300,0.0,0.0,1.0,-1260.12,0.7858
204,3,office_wing_small,0.25,0,201.0,300,0.0,0.0,1.0001,-1453.1,0.78
205,3,office_wing_small,0.5,0,121.0,300,0.0,0.0,1.0,-1041.68,0.7755
206,3,office_wing_small,0.5,0,148.0,300,0.0,0.0,1.0,-1046.48,0.7708
207,3,office_wing_small,0.5,0,181.5,300,0.0,0.0,1.0,-1211.06,0.7657
208,3,office_wing_small,0.5,0,78.5,300,0.25,0.1875,1.0749,-1073.47,0.7617
209,3,office_wing_small,0.75,0,162.67,300,0.0,0.0,1.0,-774.26,0.7576
210,3,office_wing_small,0.75,0,167.0,300,0.0,0.0,1.0,-773.94,0.7533
211,3,office_wing_small,0.75,0,137.67,300,0.0,0.0,1.0,-715.36,0.7496
212,3,office_wing_small,0.5,0,48.5,300,0.0,0.0,1.0,-710.86,0.7459
213,3,office_wing_small,0.75,0,148.0,300,0.0,0.0,1.0,-767.27,0.742
214,3,office_wing_small,0.25,0,110.0,300,0.0,0.0,1.0013,-1310.4,0.7366
215,3,office_wing_small,0.5,0,215.5,300,0.145,0.0631,1.0567,-1201.42,0.7312
216,3,office_wing_small,0.75,0,110.33,300,0.0,0.0,1.0,-576.47,0.7279
217,3,office_wing_small,0.5,0,93.5,300,0.01,0.0003,1.0033,-927.53,0.7237
218,3,office_wing_small,0.5,0,136.5,300,0.25,0.1875,1.0749,-1076.02,0.7191
219,3,office_wing_small,0.5,0,140.0,300,0.0,0.0,1.0,-909.26,0.7145
220,3,office_wing_small,0.25,0,30.0,300,0.25,0.1875,1.075,-1301.06,0.7096
221,3,office_wing_small,1.0,1,169.75,284,0.0,0.0,1.0,-500.43,0.706
222,3,office_wing_small,0.25,0,65.0,300,0.25,0.1875,1.068,-1219.65,0.7009
223,3,office_wing_small,0.5,0,101.0,300,0.25,0.1875,1.075,-1056.55,0.6966
224,3,office_wing_small,0.75,0,95.33,300,0.0,0.0,1.0,-553.76,0.6936
225,3,office_wing_small,0.5,0,110.0,300,0.0,0.0,1.0,-854.91,0.6892
226,3,office_wing_small,0.75,0,102.33,300,0.0,0.0,1.0,-488.4,0.686
227,3,office_wing_small,0.5,0,223.0,300,0.05,0.0075,1.0195,-1328.34,0.6805
228,3,office_wing_small,0.25,0,99.0,300,0.0,0.0,1.0,-1212.41,0.6752
229,3,office_wing_small,0.75,0,153.33,300,0.24,0.1728,1.0595,-781.2,0.6712
230,3,office_wing_small,0.5,0,114.5,300,0.205,0.1261,1.0523,-1015.2,0.6668
231,3,office_wing_small,0.25,0,40.0,300,0.21,0.1323,1.0654,-1316.24,0.6619
232,3,office_wing_small,0.5,0,165.0,300,0.0,0.0,1.0,-1091.82,0.657
233,3,office_wing_small,0.5,0,71.0,300,0.0,0.0,1.0,-818.37,0.653
234,3,office_wing_small,0.75,0,158.67,300,0.0,0.0,1.0,-619.43,0.6489
235,3,office_wing_small,0.75,0,133.33,300,0.0,0.0,1.0009,-615.64,0.6452
236,3,office_wing_small,0.5,0,156.5,300,0.25,0.1875,1.075,-1015.88,0.6404
237,3,office_wing_small,0.25,0,137.0,300,0.25,0.1875,1.075,-1406.95,0.635
238,3,office_wing_small,0.5,0,178.0,300,0.0,0.0,1.0,-1074.45,0.6299
239,3,office_wing_small,1.0,1,114.0,241,0.0,0.0,1.0,-203.55,0.6275
240,3,office_wing_small,0.75,0,119.0,300,0.0,0.0,1.0001,-539.51,0.6241
241,3,office_wing_small,0.5,0,161.5,300,0.015,0.0007,1.0038,-960.71,0.6192
242,3,office_wing_small,0.75,0,118.67,300,0.25,0.1875,1.075,-689.74,0.6157
243,3,office_wing_small,1.0,1,154.5,272,0.0,0.0,1.0,-367.73,0.6124
244,3,office_wing_small,0.75,0,114.33,300,0.0,0.0,1.0,-472.28,0.6091
245,3,office_wing_small,0.5,0,150.0,300,0.06,0.0108,1.0304,-1079.77,0.6043
246,3,office_wing_small,0.75,0,106.0,300,0.25,0.1875,1.075,-634.03,0.601
247,3,office_wing_small,1.0,1,174.5,281,0.0,0.0,1.0001,-445.26,0.5974
248,3,office_wing_small,0.75,0,172.0,300,0.01,0.0003,1.0033,-810.96,0.5931
249,3,office_wing_small,1.0,1,141.5,262,0.0,0.0,1.0,-337.39,0.5901
250,3,office_wing_small,1.0,1,120.75,196,0.0,0.0,1.0,-238.52,0.5875
251,3,office_wing_small,1.0,1,123.75,251,0.0,0.0,1.0,-245.36,0.5849
252,3,office_wing_small,0.75,0,151.67,300,0.0,0.0,1.0,-631.71,0.5809
253,3,office_wing_small,1.0,1,130.75,235,0.0,0.0,1.0,-225.35,0.5782
254,3,office_wing_small,0.75,0,136.67,300,0.25,0.1875,1.075,-731.2,0.5744
255,3,office_wing_small,1.0,1,109.25,202,0.0,0.0,1.0,-148.6,0.5721
256,3,office_wing_small,1.0,1,74.25,134,0.0,0.0,1.0,-22.31,0.5705
257,3,office_wing_small,1.0,1,102.75,233,0.0,0.0,1.0,-157.57,0.5684
258,3,office_wing_small,0.75,0,96.0,300,0.25,0.1875,1.075,-548.45,0.5653
259,3,office_wing_small,0.75,0,159.33,300,0.0,0.0,1.0,-646.88,0.5612
260,3,office_wing_small,0.75,0,194.33,300,0.25,0.1875,1.075,-844.55,0.5565
261,3,office_wing_small,1.0,1,64.0,119,0.0,0.0,1.0,35.32,0.5551
262,3,office_wing_small,1.0,1,142.75,282,0.0,0.0,1.0,-311.17,0.5521
263,3,office_wing_small,1.0,1,136.0,281,0.0,0.0,1.0,-293.14,0.5493
264,4,library_small,0.0,0,300,300,0.25,0.1875,1.075,-1827.45,0.9937
265,4,library_small,0.25,0,12.0,300,0.0,0.0,1.0,-1180.33,0.9889
266,4,library_small,0.25,0,55.0,300,0.0,0.0,1.0,-1419.24,0.9838
267,4,library_small,0.0,0,300,300,0.25,0.1875,1.075,-1906.74,0.9775
268,4,library_small,0.0,0,300,300,0.25,0.1875,1.075,-2228.25,0.9712
269,4,library_small,0.0,0,300,300,0.0,0.0,1.0,-1727.27,0.9648
270,4,library_small,0.25,0,168.0,300,0.0,0.0,1.0,-1419.16,0.9592
271,4,library_small,0.0,0,300,300,0.0,0.0,1.0,-1700.76,0.9529
272,4,library_small,0.0,0,300,300,0.0,0.0,1.0,-1705.94,0.9465
273,4,library_small,0.5,0,103.0,300,0.0,0.0,1.0,-988.32,0.9423
274,4,library_small,0.0,0,300,300,0.165,0.0817,1.0453,-1895.52,0.9359
275,4,library_small,0.0,0,300,300,0.25,0.1875,1.075,-1896.41,0.9296
276,4,library_small,0.0,0,300,300,0.0,0.0,1.0,-1720.68,0.9233
277,4,library_small,0.25,0,42.0,300,0.0,0.0,1.0,-1309.29,0.9183
278,4,library_small,0.0,0,300,300,0.0,0.0,1.0,-1687.84,0.912
279,4,library_small,0.25,0,14.0,300,0.0,0.0,1.0,-1230.61,0.9071
280,4,library_small,0.0,0,300,300,0.0,0.0,1.0,-1671.1,0.9008
281,4,library_small,0.0,0,300,300,0.23,0.1587,1.0745,-1974.74,0.8945
282,4,library_small,0.25,0,38.0,300,0.0,0.0,1.0,-1235.86,0.8895
283,4,library_small,0.25,0,35.0,300,0.0,0.0,1.0,-1230.43,0.8846
284,4,library_small,0.5,0,121.5,300,0.0,0.0,1.0,-984.47,0.8801
285,4,library_small,0.0,0,300,300,0.0,0.0,1.0,-1739.12,0.8738
286,4,library_small,0.5,0,199.0,300,0.0,0.0,1.0,-1182.42,0.8685
287,4,library_small,0.25,0,211.0,300,0.0,0.0,1.0,-1427.58,0.8627
288,4,library_small,0.25,0,18.0,300,0.25,0.1875,1.075,-1288.66,0.8578
289,4,library_small,0.5,0,146.0,300,0.0,0.0,1.0,-1235.35,0.8531
290,4,library_small,0.5,0,191.5,300,0.0,0.0,1.0,-1189.4,0.8479
291,4,library_small,0.25,0,280.0,300,0.0,0.0,1.0,-1493.68,0.8417
292,4,library_small,0.0,0,300,300,0.22,0.1452,1.0747,-1699.46,0.8354
293,4,library_small,0.25,0,91.0,300,0.0,0.0,1.0,-1250.75,0.8301
294,4,library_small,0.0,0,300,300,0.0,0.0,1.0001,-1771.23,0.8238
295,4,library_small,0.25,0,255.0,300,0.0,0.0,1.0,-1460.93,0.8177
296,4,library_small,0.25,0,173.0,300,0.0,0.0,1.0,-1375.26,0.812
297,4,library_small,0.5,0,177.5,300,0.0,0.0,1.0,-1105.71,0.807
298,4,library_small,0.5,0,111.0,300,0.0,0.0,1.0,-924.08,0.8027
299,4,library_small,0.25,0,253.0,300,0.0,0.0,1.0,-1460.39,0.7966
300,4,library_small,0.75,0,103.33,300,0.0,0.0,1.0,-578.6,0.7934
301,4,library_small,0.25,0,209.0,300,0.0,0.0,1.0,-1410.96,0.7875
302,4,library_small,0.5,0,34.5,300,0.0,0.0,1.0,-732.86,0.784
303,4,library_small,0.25,0,296.0,300,0.0,0.0,1.0,-1534.64,0.7777
304,4,library_small,0.5,0,50.5,300,0.0,0.0,1.0,-734.88,0.774
305,4,library_small,0.25,0,262.0,300,0.25,0.1875,1.075,-1574.46,0.7678
306,4,library_small,0.5,0,143.5,300,0.0,0.0,1.0,-1157.16,0.7632
307,4,library_small,0.25,0,71.0,300,0.0,0.0,1.0,-1339.01,0.758
308,4,library_small,0.75,0,160.0,300,0.165,0.0817,1.075,-809.14,0.7539
309,4,library_small,0.0,0,300,300,0.0,0.0,1.0,-1626.79,0.7476
310,4,library_small,0.75,0,154.0,300,0.0,0.0,1.0,-776.79,0.7436
311,4,library_small,0.0,0,300,300,0.0,0.0,1.0,-1612.52,0.7372
312,4,library_small,0.25,0,290.0,300,0.0,0.0,1.0,-1629.41,0.7309
313,4,library_small,0.5,0,266.0,300,0.0,0.0,1.0,-1334.38,0.725
314,4,library_small,0.5,0,144.0,300,0.0,0.0,1.0,-1016.43,0.7203
315,4,library_small,0.5,0,211.0,300,0.0,0.0,1.0,-1267.74,0.7149
316,4,library_small,0.5,0,176.0,300,0.0,0.0,1.0,-1087.73,0.7099
317,4,library_small,0.25,0,51.0,300,0.0,0.0,1.0,-1170.86,0.7048
318,4,library_small,0.25,0,159.0,300,0.0,0.0,1.0,-1325.37,0.6993
319,4,library_small,0.5,0,192.5,300,0.0,0.0,1.0,-1130.92,0.6941
320,4,library_small,0.5,0,113.0,300,0.0,0.0,1.0,-887.62,0.6897
321,4,library_small,0.75,0,151.0,300,0.25,0.1875,1.075,-848.87,0.6857
322,4,library_small,0.75,0,175.0,300,0.215,0.1387,1.0748,-831.3,0.6814
323,4,library_small,0.5,0,173.5,300,0.0,0.0,1.0,-1110.12,0.6764
324,4,library_small,0.75,0,168.0,300,0.0,0.0,1.0002,-734.96,0.6721
325,4,library_small,0.25,0,294.0,300,0.0,0.0,1.0,-1473.79,0.6658
326,4,library_small,0.5,0,199.5,300,0.0,0.0,1.0,-1092.87,0.6606
327,4,library_small,0.5,0,154.0,300,0.0,0.0,1.0,-1026.38,0.6558
328,4,library_small,0.25,0,85.0,300,0.0,0.0,1.0,-1200.64,0.6506
329,4,library_small,0.75,0,119.0,300,0.0,0.0,1.0,-595.86,0.6471
330,4,library_small,0.75,0,98.33,300,0.0,0.0,1.0,-537.82,0.644
331,4,library_small,1.0,1,101.5,170,0.0,0.0,1.0,-193.82,0.6418
332,4,library_small,0.75,0,160.33,300,0.0,0.0,1.0,-738.72,0.6377
333,4,library_small,0.75,0,180.67,300,0.0,0.0,1.0,-823.31,0.6332
334,4,library_small,0.5,0,192.5,300,0.0,0.0,1.0,-1047.82,0.628
335,4,library_small,0.75,0,151.33,300,0.0,0.0,1.0001,-721.75,0.6241
336,4,library_small,0.75,0,150.67,300,0.0,0.0,1.0,-696.62,0.6201
337,4,library_small,0.75,0,152.67,300,0.0,0.0,1.0,-722.97,0.6161
338,4,library_small,0.5,0,104.5,300,0.0,0.0,1.0,-828.44,0.6118
339,4,library_small,0.75,0,175.67,300,0.0,0.0,1.0,-777.87,0.6075
340,4,library_small,0.5,0,193.0,300,0.0,0.0,1.0,-1111.13,0.6023
341,4,library_small,0.75,0,135.67,300,0.0,0.0,1.0,-618.91,0.5985
342,4,library_small,0.75,0,160.0,300,0.0,0.0,1.0,-730.2,0.5944
343,4,library_small,0.75,0,157.33,300,0.0532,0.0085,1.0241,-814.9,0.5903
344,4,library_small,0.75,0,105.33,300,0.0,0.0,1.0,-533.64,0.5871
345,4,library_small,0.75,0,114.33,300,0.0,0.0,1.0,-585.77,0.5837
346,4,library_small,1.0,1,158.0,205,0.0,0.0,1.0,-393.77,0.5804
347,4,library_small,1.0,1,124.75,205,0.0,0.0,1.0,-294.31,0.5777
348,4,library_small,0.75,0,126.33,300,0.0,0.0,1.0,-593.05,0.5741
349,4,library_small,0.75,0,86.67,300,0.0,0.0,1.0,-412.57,0.5712
350,4,library_small,0.5,0,131.5,300,0.0,0.0,1.0,-888.08,0.5666
351,4,library_small,0.75,0,202.0,300,0.0,0.0,1.0,-852.62,0.5618
352,4,library_small,0.25,0,178.0,300,0.0,0.0,1.0,-1288.8,0.5562
353,4,library_small,1.0,1,148.25,209,0.0,0.0,1.0,-367.48,0.553
354,4,library_small,0.5,0,60.0,300,0.0,0.0,1.0001,-693.19,0.5492
355,4,library_small,0.5,0,167.5,300,0.075,0.0169,1.0,-957.65,0.5443
356,4,library_small,1.0,1,130.5,278,0.0,0.0,1.0,-239.69,0.5415
357,4,library_small,0.75,0,138.0,300,0.0,0.0,1.0,-540.03,0.5378
358,4,library_small,1.0,1,146.0,194,0.0,0.0,1.0,-291.69,0.5347
359,4,library_small,0.75,0,150.67,300,0.0,0.0,1.0,-558.08,0.5307
360,4,library_small,0.75,0,130.33,300,0.0,0.0,1.0001,-484.21,0.5271
361,4,library_small,0.75,0,190.67,300,0.0,0.0,1.0,-724.72,0.5225
362,4,library_small,0.75,0,166.0,300,0.0,0.0,1.0,-637.88,0.5183
363,4,library_small,0.75,0,100.67,300,0.0,0.0,1.0,-416.39,0.5151
364,4,library_small,0.75,0,127.33,300,0.0,0.0,1.0,-520.09,0.5115
365,4,library_small,0.75,0,126.33,300,0.065,0.0127,1.038,-485.93,0.5079
366,4,library_small,0.75,0,82.33,300,0.22,0.1452,1.075,-349.71,0.505
367,4,library_small,1.0,1,186.5,254,0.0,0.0,1.0001,-511.96,0.5011
368,4,library_small,1.0,1,129.25,245,0.0,0.0,1.0,-221.41,0.4983
369,4,library_small,1.0,1,148.25,199,0.0,0.0,1.0,-282.0,0.4952
370,4,library_small,1.0,1,89.0,167,0.0,0.0,1.0009,-48.57,0.4933
371,4,library_small,1.0,1,138.75,196,0.0,0.0,1.0,-236.36,0.4904
372,4,library_small,1.0,1,142.75,245,0.0,0.0,1.0001,-273.35,0.4874
373,5,mall_small_bottom,0.25,0,54.0,300,0.0,0.0,1.0,-1268.98,0.995
374,5,mall_small_bottom,0.25,0,163.0,300,0.0,0.0,1.0,-1433.06,0.9894
375,5,mall_small_bottom,0.0,0,300,300,0.0,0.0,1.0,-1734.68,0.983
376,5,mall_small_bottom,0.0,0,300,300,0.0,0.0,1.0,-1740.89,0.9767
377,5,mall_small_bottom,0.0,0,300,300,0.0,0.0,1.0,-1725.82,0.9704
378,5,mall_small_bottom,0.25,0,212.0,300,0.0,0.0,1.0,-1513.27,0.9645
379,5,mall_small_bottom,0.25,0,100.0,300,0.0,0.0,1.0,-1344.17,0.9592
380,5,mall_small_bottom,0.0,0,300,300,0.0,0.0,1.0,-1732.94,0.9529
381,5,mall_small_bottom,0.0,0,300,300,0.0,0.0,1.0,-1727.59,0.9465
382,5,mall_small_bottom,0.25,0,278.0,300,0.0,0.0,1.0,-1586.83,0.9403
383,5,mall_small_bottom,0.0,0,300,300,0.0,0.0,1.0,-1696.02,0.934
384,5,mall_small_bottom,0.25,0,217.0,300,0.0,0.0,1.0,-1482.63,0.9281
385,5,mall_small_bottom,0.25,0,180.0,300,0.0,0.0,1.0,-1454.7,0.9224
386,5,mall_small_bottom,0.25,0,20.0,300,0.0,0.0,1.0,-1217.82,0.9175
387,5,mall_small_bottom,0.25,0,118.0,300,0.0,0.0,1.0,-1324.17,0.9122
388,5,mall_small_bottom,0.0,0,300,300,0.0,0.0,1.0,-1664.45,0.9058
389,5,mall_small_bottom,0.5,0,78.0,300,0.0,0.0,1.0,-896.6,0.9019
390,5,mall_small_bottom,0.25,0,249.0,300,0.0,0.0,1.0,-1534.41,0.8958
391,5,mall_small_bottom,0.25,0,226.0,300,0.0,0.0,1.0,-1512.23,0.8898
392,5,mall_small_bottom,0.5,0,195.5,300,0.0,0.0,1.0,-1191.95,0.8846
393,5,mall_small_bottom,0.25,0,86.0,300,0.0,0.0,1.0,-1287.83,0.8794
394,5,mall_small_bottom,0.5,0,47.0,300,0.0,0.0,1.0,-772.79,0.8757
395,5,mall_small_bottom,0.5,0,170.5,300,0.0,0.0,1.0,-1150.68,0.8708
396,5,mall_small_bottom,0.5,0,143.5,300,0.0,0.0,1.0,-1058.51,0.8661
397,5,mall_small_bottom,0.25,0,238.0,300,0.0,0.0,1.0,-1508.29,0.8601
398,5,mall_small_bottom,0.5,0,207.0,300,0.0,0.0,1.0,-1236.23,0.8547
399,5,mall_small_bottom,0.25,0,80.0,300,0.0,0.0,1.0,-1300.73,0.8496
400,5,mall_small_bottom,0.5,0,68.5,300,0.0,0.0,1.0,-868.48,0.8457
401,5,mall_small_bottom,0.25,0,150.0,300,0.0,0.0,1.0,-1353.38,0.8401
402,5,mall_small_bottom,0.5,0,105.5,300,0.0,0.0,1.0,-924.54,0.8359
403,5,mall_small_bottom,0.5,0,45.0,300,0.0,0.0,1.0,-753.12,0.8322
404,5,mall_small_bottom,0.5,0,244.5,300,0.0,0.0,1.0,-1301.87,0.8265
405,5,mall_small_bottom,0.25,0,36.0,300,0.0,0.0,1.0,-1211.93,0.8215
406,5,mall_small_bottom,0.5,0,154.0,300,0.0,0.0,1.0,-1080.17,0.8167
407,5,mall_small_bottom,0.5,0,124.0,300,0.0,0.0,1.0,-999.32,0.8123
408,5,mall_small_bottom,0.5,0,115.0,300,0.0,0.0,1.0,-961.94,0.8079
409,5,mall_small_bottom,0.5,0,130.0,300,0.0,0.0,1.0,-1021.12,0.8034
410,5,mall_small_bottom,1.0,1,141.0,295,0.0,0.0,1.0,-406.95,0.8004
411,5,mall_small_bottom,0.5,0,82.5,300,0.0,0.0,1.0,-895.96,0.7963
412,5,mall_small_bottom,0.5,0,241.0,300,0.0,0.0,1.0,-1321.04,0.7906
413,5,mall_small_bottom,0.5,0,91.0,300,0.0,0.0,1.0,-903.7,0.7865
414,5,mall_small_bottom,0.5,0,159.5,300,0.0,0.0,1.0,-1064.09,0.7816
415,5,mall_small_bottom,0.75,0,209.67,300,0.0,0.0,1.0,-1003.65,0.7767
416,5,mall_small_bottom,0.75,0,142.0,300,0.0,0.0,1.0,-714.05,0.7729
417,5,mall_small_bottom,0.75,0,172.0,300,0.0,0.0,1.0,-856.18,0.7686
418,5,mall_small_bottom,1.0,1,145.25,297,0.0,0.0,1.0,-447.25,0.7655
419,5,mall_small_bottom,0.75,0,139.67,300,0.0,0.0,1.0,-691.41,0.7617
420,5,mall_small_bottom,0.5,0,167.0,300,0.0,0.0,1.0,-1132.69,0.7568
421,5,mall_small_bottom,0.75,0,96.67,300,0.0,0.0,1.0,-534.18,0.7537
422,5,mall_small_bottom,0.75,0,155.0,300,0.0,0.0,1.0,-769.15,0.7497
423,5,mall_small_bottom,0.25,0,92.0,300,0.0,0.0,1.0,-1291.59,0.7444
424,5,mall_small_bottom,0.5,0,214.5,300,0.0,0.0,1.0,-1247.37,0.739
425,5,mall_small_bottom,0.5,0,82.5,300,0.0,0.0,1.0,-908.35,0.7349
426,5,mall_small_bottom,0.75,0,101.33,300,0.0,0.0,1.0,-538.73,0.7318
427,5,mall_small_bottom,1.0,1,117.0,185,0.0,0.0,1.0,-277.25,0.7293
428,5,mall_small_bottom,0.25,0,50.0,300,0.0,0.0,1.0,-1236.02,0.7243
429,5,mall_small_bottom,0.75,0,88.67,300,0.0,0.0,1.0,-510.27,0.7213
430,5,mall_small_bottom,0.75,0,64.67,300,0.0,0.0,1.0,-411.12,0.7187
431,5,mall_small_bottom,0.25,0,134.0,300,0.0,0.0,1.0,-1314.45,0.7132
432,5,mall_small_bottom,0.75,0,172.33,300,0.0,0.0,1.0,-838.84,0.7089
433,5,mall_small_bottom,0.75,0,97.67,300,0.0,0.0,1.0,-520.76,0.7058
434,5,mall_small_bottom,1.0,1,127.25,276,0.0,0.0,1.0,-314.17,0.7031
435,5,mall_small_bottom,0.5,0,185.5,300,0.0,0.0,1.0,-1160.21,0.698
436,5,mall_small_bottom,1.0,1,164.25,288,0.0,0.0,1.0,-502.15,0.6945
437,5,mall_small_bottom,0.75,0,90.0,300,0.0,0.0,1.0,-494.35,0.6915
438,5,mall_small_bottom,0.5,0,93.0,300,0.0,0.0,1.0,-922.8,0.6873
439,5,mall_small_bottom,0.5,0,113.5,300,0.0,0.0,1.0,-938.64,0.683
440,5,mall_small_bottom,0.5,0,61.5,300,0.0,0.0,1.0,-769.9,0.6792
441,5,mall_small_bottom,0.75,0,111.67,300,0.0,0.0,1.0,-556.67,0.6758
442,5,mall_small_bottom,0.5,0,82.5,300,0.0,0.0,1.0,-845.5,0.6718
443,5,mall_small_bottom,0.75,0,101.67,300,0.0,0.0,1.0,-536.56,0.6686
444,5,mall_small_bottom,0.75,0,77.67,300,0.0,0.0,1.0,-444.94,0.6658
445,5,mall_small_bottom,0.5,0,98.0,300,0.0,0.0,1.0,-888.03,0.6616
446,5,mall_small_bottom,0.75,0,195.67,300,0.0,0.0,1.0,-927.16,0.6569
447,5,mall_small_bottom,0.75,0,97.33,300,0.0,0.0,1.0,-511.06,0.6538
448,5,mall_small_bottom,1.0,1,113.0,271,0.0,0.0,1.0,-245.56,0.6514
449,5,mall_small_bottom,1.0,1,181.0,300,0.0,0.0,1.0,-615.48,0.6476
450,5,mall_small_bottom,0.5,0,196.0,300,0.0,0.0,1.0,-1139.23,0.6423
451,5,mall_small_bottom,0.75,0,98.33,300,0.0,0.0,1.0,-518.95,0.6392
452,5,mall_small_bottom,1.0,1,110.75,244,0.0,0.0,1.0,-207.87,0.6368
453,5,mall_small_bottom,0.75,0,129.0,300,0.0,0.0,1.0,-609.21,0.6332
454,5,mall_small_bottom,0.75,0,162.0,300,0.0,0.0,1.0,-732.61,0.6291
455,5,mall_small_bottom,0.5,0,115.5,300,0.0,0.0,1.0,-962.4,0.6247
456,5,mall_small_bottom,1.0,1,198.0,300,0.0,0.0,1.0,-672.36,0.6205
457,5,mall_small_bottom,1.0,1,94.75,185,0.0,0.0,1.0,-106.63,0.6185
458,5,mall_small_bottom,1.0,1,113.75,175,0.0,0.0,1.0,-239.06,0.6161
459,5,mall_small_bottom,0.75,0,133.33,300,0.0,0.0,1.0,-635.36,0.6124
460,5,mall_small_bottom,1.0,1,120.25,176,0.0,0.0,1.0,-251.62,0.6099
461,5,mall_small_bottom,1.0,1,186.25,247,0.0,0.0,1.0,-623.31,0.6059
462,5,mall_small_bottom,1.0,1,148.5,263,0.0,0.0,1.0,-438.01,0.6028
463,5,mall_small_bottom,0.75,0,66.67,300,0.0,0.0,1.0,-363.71,0.6002
464,5,mall_small_bottom,0.75,0,100.33,300,0.0,0.0,1.0,-529.71,0.597
465,5,mall_small_bottom,1.0,1,145.75,298,0.0,0.0,1.0,-437.26,0.5939
466,5,mall_small_bottom,1.0,1,91.5,107,0.0,0.0,1.0,-88.39,0.592
467,5,mall_small_bottom,1.0,1,103.25,170,0.0,0.0,1.0,-179.72,0.5898
468,5,mall_small_bottom,1.0,1,137.25,264,0.0,0.0,1.0,-332.8,0.5869
469,6,library_small_bottom,0.25,0,37.0,300,0.0,0.0,1.0,-1261.96,0.9951
470,6,library_small_bottom,0.0,0,300,300,0.0,0.0,1.0,-1760.14,0.9887
471,6,library_small_bottom,0.25,0,87.0,300,0.06,0.0108,1.0003,-1311.07,0.9835
472,6,library_small_bottom,0.0,0,300,300,0.25,0.1875,1.075,-1903.68,0.9772
473,6,library_small_bottom,0.0,0,300,300,0.25,0.1875,1.075,-1899.65,0.9708
474,6,library_small_bottom,0.0,0,300,300,0.0,0.0,1.0,-1722.04,0.9645
475,6,library_small_bottom,0.0,0,300,300,0.25,0.1875,1.0724,-1703.59,0.9582
476,6,library_small_bottom,0.0,0,300,300,0.0,0.0,1.0,-1919.99,0.9518
477,6,library_small_bottom,0.0,0,300,300,0.0,0.0,1.0,-1690.15,0.9455
478,6,library_small_bottom,0.0,0,300,300,0.0,0.0,1.0,-1679.52,0.9392
479,6,library_small_bottom,0.0,0,300,300,0.0,0.0,1.0,-1704.85,0.9328
480,6,library_small_bottom,0.0,0,300,300,0.225,0.1519,1.075,-1801.42,0.9265
481,6,library_small_bottom,0.0,0,300,300,0.25,0.1875,1.075,-2371.74,0.9202
482,6,library_small_bottom,0.0,0,300,300,0.25,0.1875,1.075,-1840.64,0.9138
483,6,library_small_bottom,0.0,0,300,300,0.0,0.0,1.0,-1679.56,0.9075
484,6,library_small_bottom,0.5,0,158.5,300,0.25,0.1875,1.075,-1573.57,0.9027
485,6,library_small_bottom,0.5,0,136.0,300,0.005,0.0001,1.0026,-1042.77,0.8981
486,6,library_small_bottom,0.25,0,172.0,300,0.25,0.1875,1.0737,-1372.82,0.8924
487,6,library_small_bottom,0.25,0,181.0,300,0.25,0.1875,1.075,-1753.68,0.8867
488,6,library_small_bottom,0.25,0,150.0,300,0.25,0.1875,1.075,-1573.09,0.8812
489,6,library_small_bottom,0.0,0,300,300,0.41,0.1843,1.15,-1965.45,0.8748
490,6,library_small_bottom,0.25,0,16.0,300,0.0,0.0,1.0,-1193.55,0.87
491,6,library_small_bottom,0.0,0,300,300,0.5,0.25,1.15,-1990.85,0.8637
492,6,library_small_bottom,0.25,0,61.0,300,0.0,0.0,1.0,-1253.24,0.8586
493,6,library_small_bottom,0.25,0,100.0,300,0.0,0.0,1.0,-1276.05,0.8533
494,6,library_small_bottom,0.5,0,220.5,300,0.0,0.0,1.0,-1246.07,0.8478
495,6,library_small_bottom,0.25,0,205.0,300,0.24,0.1728,1.075,-1842.55,0.842
496,6,library_small_bottom,0.0,0,300,300,0.0,0.0,1.0,-1842.11,0.8357
497,6,library_small_bottom,0.25,0,63.0,300,0.25,0.1875,1.075,-1469.22,0.8306
498,6,library_small_bottom,0.5,0,82.0,300,0.205,0.1261,1.075,-1002.4,0.8266
499,6,library_small_bottom,0.0,0,300,300,0.25,0.1875,1.075,-1892.82,0.8202
500,6,library_small_bottom,0.0,0,300,300,0.25,0.1875,1.075,-1867.73,0.8139
501,6,library_small_bottom,0.5,0,229.0,300,0.25,0.1875,1.0745,-1457.26,0.8083
502,6,library_small_bottom,0.25,0,27.0,300,0.25,0.1875,1.073,-1326.89,0.8034
503,6,library_small_bottom,0.5,0,228.0,300,0.0,0.0,1.0,-1265.29,0.7978
504,6,library_small_bottom,0.5,0,99.0,300,0.25,0.1875,1.075,-1011.07,0.7936
505,6,library_small_bottom,0.0,0,300,300,0.46,0.2148,1.15,-1994.08,0.7873
506,6,library_small_bottom,0.0,0,300,300,0.355,0.1681,1.1157,-2193.02,0.781
507,6,library_small_bottom,0.25,0,141.0,300,0.105,0.0331,1.0407,-1495.15,0.7755
508,6,library_small_bottom,0.5,0,80.0,300,0.0,0.0,1.0,-903.75,0.7715
509,6,library_small_bottom,0.5,0,107.5,300,0.0,0.0,1.0,-917.21,0.7671
510,6,library_small_bottom,0.5,0,168.5,300,0.0,0.0,1.0,-1074.16,0.7622
511,6,library_small_bottom,0.25,0,58.0,300,0.32,0.1672,1.1081,-1434.76,0.7571
512,6,library_small_bottom,0.25,0,76.0,300,0.0,0.0,1.0,-1321.94,0.752
513,6,library_small_bottom,0.5,0,60.0,300,0.25,0.1875,1.072,-1027.05,0.7482
514,6,library_small_bottom,0.25,0,124.0,300,0.065,0.0127,1.0368,-1493.98,0.7428
515,6,library_small_bottom,0.0,0,300,300,0.45,0.2075,1.15,-2019.21,0.7364
516,6,library_small_bottom,0.25,0,64.0,300,0.0,0.0,1.0,-1199.18,0.7314
517,6,library_small_bottom,0.0,0,300,300,0.0,0.0,1.0003,-1746.42,0.725
518,6,library_small_bottom,0.25,0,18.0,300,0.0,0.0,1.0,-1180.61,0.7202
519,6,library_small_bottom,0.0,0,300,300,0.5,0.25,1.1493,-1776.72,0.7139
520,6,library_small_bottom,0.75,0,160.33,300,0.0,0.0,1.0002,-791.76,0.7097
521,6,library_small_bottom,0.25,0,190.0,300,0.0,0.0,1.0,-1452.17,0.704
522,6,library_small_bottom,0.0,0,300,300,0.0,0.0,1.0008,-1824.72,0.6976
523,6,library_small_bottom,0.25,0,62.0,300,0.0,0.0,1.0007,-1280.12,0.6926
524,6,library_small_bottom,0.75,0,179.67,300,0.0,0.0,1.0,-819.48,0.6881
525,6,library_small_bottom,0.0,0,300,300,0.3414,0.1669,1.1154,-1742.21,0.6818
526,6,library_small_bottom,0.25,0,215.0,300,0.0,0.0,1.0,-1443.54,0.6759
527,6,library_small_bottom,0.5,0,198.5,300,0.025,0.0019,1.0,-1183.04,0.6707
528,6,library_small_bottom,0.5,0,150.5,300,0.03,0.0027,1.0,-1066.85,0.6659
529,6,library_small_bottom,0.0,0,300,300,0.3518,0.1677,1.1154,-1671.42,0.6596
530,6,library_small_bottom,0.5,0,43.0,300,0.0,0.0,1.0,-787.63,0.656
531,6,library_small_bottom,0.0,0,300,300,0.3211,0.1106,1.0923,-1819.58,0.6496
532,6,library_small_bottom,0.25,0,92.0,300,0.0904,0.01,1.0304,-1282.65,0.6444
533,6,library_small_bottom,0.75,0,156.0,300,0.0,0.0,1.0,-690.0,0.6403
534,6,library_small_bottom,0.5,0,44.0,300,0.0,0.0,1.0,-794.81,0.6367
535,6,library_small_bottom,0.25,0,22.0,300,0.3662,0.1699,1.1118,-1333.76,0.6318
536,6,library_small_bottom,0.5,0,106.0,300,0.0,0.0,1.0,-908.74,0.6276
537,6,library_small_bottom,0.5,0,163.5,300,0.0,0.0,1.0,-1090.84,0.6227
538,6,library_small_bottom,0.75,0,97.33,300,0.0,0.0,1.0,-485.25,0.6195
539,6,library_small_bottom,0.75,0,116.0,300,0.0,0.0,1.0,-613.95,0.6161
540,6,library_small_bottom,0.25,0,173.0,300,0.26,0.1476,1.075,-1367.67,0.6105
541,6,library_small_bottom,0.25,0,133.0,300,0.06,0.0108,1.0,-1313.42,0.605
542,6,library_small_bottom,0.25,0,36.0,300,0.0495,0.0073,1.0193,-1259.93,0.6
543,6,library_small_bottom,0.75,0,148.33,300,0.085,0.0217,1.0,-715.77,0.5961
544,6,library_small_bottom,0.5,0,81.0,300,0.0,0.0,1.0,-815.32,0.5921
545,6,library_small_bottom,0.25,0,171.0,300,0.2391,0.0969,1.0944,-1403.71,0.5865
546,6,library_small_bottom,0.5,0,74.0,300,0.0,0.0,1.0,-843.26,0.5825
547,6,library_small_bottom,0.25,0,191.0,300,0.0,0.0,1.0,-1393.97,0.5767
548,6,library_small_bottom,1.0,1,109.75,166,0.0,0.0,1.0,-183.22,0.5744
549,6,library_small_bottom,0.25,0,93.0,300,0.0,0.0,1.0,-1260.84,0.5692
550,6,library_small_bottom,0.5,0,149.5,300,0.0,0.0,1.0,-1028.43,0.5644
551,6,library_small_bottom,0.5,0,141.0,300,0.0,0.0,1.0,-1017.47,0.5598
552,6,library_small_bottom,0.5,0,148.0,300,0.175,0.0919,1.075,-1028.67,0.5551
553,6,library_small_bottom,0.0,0,300,300,0.0,0.0,1.0003,-1721.18,0.5487
554,6,library_small_bottom,0.75,0,117.0,300,0.0,0.0,1.0,-590.65,0.5453
555,6,library_small_bottom,0.25,0,21.0,300,0.035,0.0037,1.01,-1160.25,0.5404
556,6,library_small_bottom,0.25,0,103.0,300,0.09,0.0243,1.0075,-1303.26,0.5351
557,6,library_small_bottom,0.5,0,125.0,300,0.0,0.0,1.0,-1025.28,0.5307
558,6,library_small_bottom,0.75,0,96.0,300,0.045,0.0061,1.0,-481.84,0.5276
559,6,library_small_bottom,0.75,0,86.33,300,0.0,0.0,1.0,-429.18,0.5246
560,6,library_small_bottom,0.25,0,119.0,300,0.3461,0.1306,1.0931,-1301.56,0.5192
561,6,library_small_bottom,0.5,0,96.5,300,0.0,0.0,1.0,-821.08,0.515
562,6,library_small_bottom,0.75,0,94.0,300,0.0,0.0,1.0,-479.77,0.512
563,6,library_small_bottom,0.75,0,140.33,300,0.045,0.0061,1.0,-686.41,0.5082
564,6,library_small_bottom,0.5,0,185.0,300,0.015,0.0007,1.0,-1080.5,0.503
565,6,library_small_bottom,0.25,0,143.0,300,0.265,0.0967,1.075,-1293.15,0.4975
566,6,library_small_bottom,0.5,0,120.0,300,0.1739,0.0562,1.0567,-896.27,0.4931
567,6,library_small_bottom,0.75,0,153.67,300,0.235,0.1657,1.0699,-724.75,0.4891
568,6,library_small_bottom,0.75,0,94.33,300,0.0,0.0,1.0,-528.92,0.486
569,6,library_small_bottom,0.5,0,195.5,300,0.045,0.0061,1.0012,-1112.77,0.4808
570,6,library_small_bottom,0.25,0,132.0,300,0.0519,0.0081,1.0005,-1307.12,0.4753
571,6,library_small_bottom,0.25,0,108.0,300,0.135,0.0267,1.0403,-1210.14,0.47
572,6,library_small_bottom,0.25,0,188.0,300,0.4211,0.1634,1.1346,-1437.31,0.4643
573,6,library_small_bottom,0.5,0,74.0,300,0.095,0.0271,1.0136,-808.95,0.4603
574,6,library_small_bottom,0.75,0,119.33,300,0.0,0.0,1.0,-527.2,0.4569
575,6,library_small_bottom,0.5,0,229.0,300,0.185,0.1027,1.0748,-1178.06,0.4513
576,6,library_small_bottom,0.75,0,122.0,300,0.0,0.0,1.0,-647.49,0.4478
577,6,library_small_bottom,1.0,1,170.75,272,0.0,0.0,1.0,-451.41,0.4441
578,6,library_small_bottom,0.5,0,173.5,300,0.19,0.1083,1.075,-1145.01,0.4391
579,6,library_small_bottom,0.75,0,101.33,300,0.0,0.0,1.0,-475.04,0.436
580,6,library_small_bottom,1.0,1,117.5,255,0.0,0.0,1.0,-194.49,0.4335
581,6,library_small_bottom,0.75,0,128.0,300,0.0,0.0,1.0,-542.02,0.4299
582,6,library_small_bottom,0.75,0,189.33,300,0.21,0.1323,1.0508,-944.04,0.4253
583,6,library_small_bottom,1.0,1,152.5,239,0.0,0.0,1.0,-377.36,0.4221
584,6,library_small_bottom,0.5,0,87.0,300,0.0,0.0,1.0,-786.31,0.418
585,6,library_small_bottom,1.0,1,120.5,263,0.0,0.0,1.0,-219.09,0.4154
586,6,library_small_bottom,1.0,1,123.75,212,0.0,0.0,1.0,-180.96,0.4128
587,6,library_small_bottom,0.75,0,163.0,300,0.0,0.0,1.0,-727.25,0.4087
588,6,library_small_bottom,0.75,0,180.0,300,0.0,0.0,1.0,-741.59,0.4042
589,6,library_small_bottom,0.75,0,135.67,300,0.0,0.0,1.0,-648.66,0.4005
590,6,library_small_bottom,1.0,1,126.0,234,0.0,0.0,1.0,-183.26,0.3978
591,6,library_small_bottom,1.0,1,139.75,269,0.0,0.0,1.0,-278.94,0.3949
592,6,library_small_bottom,1.0,1,213.25,298,0.0,0.0,1.0,-584.3,0.3904
593,6,library_small_bottom,1.0,1,164.0,220,0.0,0.0,1.0,-436.86,0.3869
594,6,library_small_bottom,0.75,0,96.33,300,0.0,0.0,1.0,-456.37,0.3838
595,6,library_small_bottom,1.0,1,151.0,292,0.0,0.0,1.0,-425.74,0.3806
596,6,library_small_bottom,0.5,0,136.5,300,0.25,0.1875,1.075,-1021.51,0.376
597,6,library_small_bottom,0.5,0,198.5,300,0.25,0.1875,1.075,-1239.48,0.3708
598,6,library_small_bottom,0.25,0,38.0,300,0.535,0.2187,1.15,-1383.18,0.3658
599,6,library_small_bottom,0.5,0,129.5,300,0.385,0.1747,1.1248,-1152.04,0.3613
600,6,library_small_bottom,0.75,0,96.33,300,0.25,0.1875,1.075,-533.71,0.3582
601,6,library_small_bottom,0.5,0,36.5,300,0.5,0.25,1.15,-1021.43,0.3546
602,6,library_small_bottom,0.5,0,90.0,300,0.5,0.25,1.15,-1153.67,0.3505
603,6,library_small_bottom,0.75,0,50.67,300,0.25,0.1875,1.075,-476.95,0.3481
604,6,library_small_bottom,0.75,0,88.67,300,0.25,0.1875,1.075,-586.94,0.3451
605,6,library_small_bottom,0.5,0,215.5,300,0.5,0.25,1.15,-1536.15,0.3397
606,6,library_small_bottom,0.5,0,53.0,300,0.5,0.25,1.15,-1079.08,0.336
607,6,library_small_bottom,0.5,0,141.5,300,0.5,0.25,1.15,-1343.31,0.3313
608,6,library_small_bottom,0.5,0,63.5,300,0.5,0.25,1.15,-1037.65,0.3275
609,6,library_small_bottom,0.5,0,117.0,300,0.5,0.25,1.15,-1314.5,0.3231
610,6,library_small_bottom,0.25,0,134.0,300,0.75,0.1875,1.225,-1802.73,0.3176
611,6,library_small_bottom,0.25,0,140.0,300,0.5,0.25,1.15,-1755.35,0.3121
612,6,library_small_bottom,0.75,0,178.33,300,0.25,0.1875,1.075,-941.62,0.3077
613,6,library_small_bottom,0.5,0,97.0,300,0.5,0.25,1.15,-1150.16,0.3035
614,6,library_small_bottom,0.5,0,78.0,300,0.5,0.25,1.15,-976.72,0.2995
615,6,library_small_bottom,0.5,0,103.0,300,0.5,0.25,1.15,-1270.07,0.2953
616,6,library_small_bottom,0.5,0,99.0,300,0.5,0.25,1.15,-1073.62,0.291
617,6,library_small_bottom,0.25,0,83.0,300,0.75,0.1875,1.225,-1744.63,0.2859
618,6,library_small_bottom,0.5,0,88.5,300,0.47,0.2227,1.15,-1126.31,0.2818
619,6,library_small_bottom,0.5,0,199.0,300,0.375,0.1719,1.1204,-1302.64,0.2765
620,6,library_small_bottom,0.5,0,52.5,300,0.425,0.1919,1.15,-979.83,0.2728
621,6,library_small_bottom,0.75,0,49.67,300,0.25,0.1875,1.075,-400.66,0.2704
622,6,library_small_bottom,0.25,0,32.0,300,0.75,0.1875,1.225,-1542.69,0.2655
623,6,library_small_bottom,0.75,0,59.0,300,0.25,0.1875,1.075,-547.78,0.263
624,6,library_small_bottom,0.75,0,108.0,300,0.25,0.1875,1.075,-722.26,0.2597
625,6,library_small_bottom,0.5,0,91.5,300,0.25,0.1875,1.0767,-1087.7,0.2555
626,6,library_small_bottom,0.5,0,151.0,300,0.25,0.1875,1.075,-1217.17,0.2508
627,6,library_small_bottom,1.0,1,91.25,214,0.0,0.0,1.0,-150.36,0.2489
628,6,library_small_bottom,0.25,0,53.0,300,0.75,0.1875,1.225,-1598.5,0.2438
629,6,library_small_bottom,0.5,0,147.0,300,0.385,0.1747,1.1248,-1296.51,0.2391
630,6,library_small_bottom,0.75,0,111.0,300,0.25,0.1875,1.075,-796.76,0.2358
631,6,library_small_bottom,0.25,0,37.0,300,0.5,0.25,1.15,-1396.11,0.2308
632,6,library_small_bottom,0.5,0,85.5,300,0.5,0.25,1.15,-871.96,0.2268
633,6,library_small_bottom,0.5,0,88.5,300,0.4983,0.2483,1.1483,-891.84,0.2226
634,6,library_small_bottom,0.5,0,49.5,300,0.0,0.0,1.0,-798.4,0.219
635,6,library_small_bottom,0.5,0,43.0,300,0.5,0.25,1.15,-761.69,0.2153
636,6,library_small_bottom,0.5,0,54.0,300,0.5,0.25,1.15,-778.97,0.2116
637,6,library_small_bottom,0.5,0,127.5,300,0.0,0.0,1.0,-998.9,0.2071
638,6,library_small_bottom,0.25,0,60.0,300,0.24,0.1728,1.075,-1300.18,0.202
639,6,library_small_bottom,0.75,0,56.33,300,0.0,0.0,1.0,-373.27,0.1996
640,6,library_small_bottom,0.5,0,120.0,300,0.0,0.0,1.0,-984.69,0.1951
641,6,library_small_bottom,0.25,0,119.0,300,0.775,0.1519,1.225,-1518.96,0.1897
642,6,library_small_bottom,0.25,0,38.0,300,0.75,0.1875,1.225,-1407.33,0.1848
643,6,library_small_bottom,0.5,0,69.5,300,0.5,0.25,1.15,-884.26,0.1809
644,6,library_small_bottom,0.5,0,50.0,300,0.5,0.25,1.15,-901.7,0.1772
645,6,library_small_bottom,0.0,0,300,300,1.0,0.0,1.3,-1914.23,0.1709
646,6,library_small_bottom,0.5,0,45.5,300,0.1819,0.0674,1.0709,-773.58,0.1672
647,6,library_small_bottom,0.5,0,94.5,300,0.0,0.0,1.0,-932.93,0.1631
648,6,library_small_bottom,0.25,0,58.0,300,0.01,0.0003,1.0033,-1227.56,0.158
649,6,library_small_bottom,0.25,0,24.0,300,0.2182,0.1429,1.0559,-1312.5,0.1531
650,6,library_small_bottom,0.5,0,192.5,300,0.0,0.0,1.0,-1152.9,0.1479
651,6,library_small_bottom,0.25,0,26.0,300,0.09,0.0243,1.0075,-1264.89,0.143
652,6,library_small_bottom,0.0,0,300,300,0.5,0.25,1.15,-1727.69,0.1367
653,6,library_small_bottom,0.25,0,150.0,300,0.5,0.25,1.15,-1404.94,0.1312
654,6,library_small_bottom,0.25,0,52.0,300,0.0,0.0,1.0,-1244.48,0.1261
655,6,library_small_bottom,0.5,0,91.5,300,0.0,0.0,1.0,-857.28,0.122
656,6,library_small_bottom,0.75,0,196.67,300,0.0,0.0,1.0,-926.25,0.1173
657,6,library_small_bottom,0.25,0,49.0,300,0.0,0.0,1.0,-1273.53,0.1123
658,6,library_small_bottom,0.0,0,300,300,0.75,0.1875,1.225,-1819.43,0.106
659,6,library_small_bottom,0.25,0,54.0,300,0.0,0.0,1.0,-1213.69,0.1009
660,6,library_small_bottom,0.0,0,300,300,0.115,0.0397,1.0425,-1673.87,0.0946
661,6,library_small_bottom,0.25,0,53.0,300,0.0,0.0,1.0,-1247.74,0.0896
662,6,library_small_bottom,0.25,0,113.0,300,0.0,0.0,1.0,-1371.4,0.0842
663,6,library_small_bottom,0.75,0,80.33,300,0.0,0.0,1.0,-481.41,0.0814
664,6,library_small_bottom,0.25,0,227.0,300,0.0,0.0,1.0,-1348.9,0.0754
665,6,library_small_bottom,0.25,0,181.0,300,0.06,0.0108,1.0,-1444.29,0.0697
666,6,library_small_bottom,0.25,0,131.0,300,0.0,0.0,1.0,-1388.69,0.0643
667,6,library_small_bottom,0.0,0,300,300,0.0,0.0,1.0,-1737.24,0.0579
668,6,library_small_bottom,0.0,0,300,300,0.0,0.0,1.0,-1695.57,0.0516
669,6,library_small_bottom,0.0,0,300,300,0.0,0.0,1.0,-1753.24,0.05
670,6,library_small_bottom,0.0,0,300,300,0.0,0.0,1.0,-1629.09,0.05
671,6,library_small_bottom,0.0,0,300,300,0.0,0.0,1.0,-1602.68,0.05
672,6,library_small_bottom,0.0,0,300,300,0.0,0.0,1.0,-1725.88,0.05
673,6,library_small_bottom,0.0,0,300,300,0.0,0.0,1.0,-1725.78,0.05
674,6,library_small_bottom,0.0,0,300,300,0.0,0.0,1.0,-1671.37,0.05
675,6,library_small_bottom,0.0,0,300,300,0.0,0.0,1.0,-1702.26,0.05
676,6,library_small_bottom,0.25,0,67.0,300,0.0,0.0,1.0,-1257.68,0.05
677,6,library_small_bottom,0.0,0,300,300,0.0,0.0,1.0,-1650.4,0.05
678,6,library_small_bottom,0.25,0,121.0,300,0.0,0.0,1.0,-1339.1,0.05
679,6,library_small_bottom,0.25,0,293.0,300,0.0,0.0,1.0,-1586.03,0.05
680,6,library_small_bottom,0.0,0,300,300,0.0,0.0,1.0,-1671.19,0.05
681,6,library_small_bottom,0.0,0,300,300,0.0,0.0,1.0,-1734.3,0.05
682,6,library_small_bottom,0.25,0,31.0,300,0.0,0.0,1.0,-1170.45,0.05
683,6,library_small_bottom,0.0,0,300,300,0.0,0.0,1.0003,-1777.47,0.05
684,6,library_small_bottom,0.25,0,104.0,300,0.0,0.0,1.0,-1339.62,0.05
685,6,library_small_bottom,0.5,0,62.0,300,0.0,0.0,1.0,-746.98,0.05
686,6,library_small_bottom,0.25,0,30.0,300,0.0,0.0,1.0,-1269.38,0.05
687,6,library_small_bottom,0.0,0,300,300,0.0546,0.009,1.0239,-1732.31,0.05
688,6,library_small_bottom,0.25,0,10.0,300,0.0,0.0,1.0,-1208.74,0.05
689,6,library_small_bottom,0.25,0,82.0,300,0.0,0.0,1.0,-1247.13,0.05
690,6,library_small_bottom,0.25,0,78.0,300,0.01,0.0003,1.0,-1269.2,0.05
691,6,library_small_bottom,0.25,0,70.0,300,0.0,0.0,1.0,-1299.44,0.05
692,6,library_small_bottom,0.0,0,300,300,0.045,0.0061,1.0,-1735.11,0.05
693,6,library_small_bottom,0.0,0,300,300,0.0741,0.0056,1.0121,-1740.33,0.05
694,6,library_small_bottom,0.5,0,100.0,300,0.0,0.0,1.0,-858.45,0.05
695,6,library_small_bottom,0.25,0,10.0,300,0.2095,0.0552,1.0329,-1214.65,0.05
696,6,library_small_bottom,0.25,0,10.0,300,0.0,0.0,1.0,-1223.65,0.05
697,6,library_small_bottom,0.25,0,33.0,300,0.0,0.0,1.0,-1217.99,0.05
698,6,library_small_bottom,0.5,0,59.0,300,0.0,0.0,1.0,-791.25,0.05
699,6,library_small_bottom,0.25,0,34.0,300,0.0,0.0,1.0,-1277.9,0.05
700,6,library_small_bottom,0.5,0,45.0,300,0.045,0.0061,1.0,-780.31,0.05
701,6,library_small_bottom,0.25,0,44.0,300,0.0,0.0,1.0,-1271.09,0.05
702,6,library_small_bottom,0.75,0,31.67,300,0.0,0.0,1.0,-238.04,0.05
703,6,library_small_bottom,0.0,0,300,300,0.0,0.0,1.0,-1683.54,0.05
704,6,library_small_bottom,0.75,0,37.67,300,0.015,0.0007,1.0,-249.42,0.05
705,6,library_small_bottom,0.25,0,44.0,300,0.0,0.0,1.0,-1225.22,0.05
706,6,library_small_bottom,0.5,0,35.0,300,0.0,0.0,1.0,-732.21,0.05
707,6,library_small_bottom,0.25,0,63.0,300,0.0,0.0,1.0,-1271.37,0.05
708,6,library_small_bottom,0.5,0,57.0,300,0.0,0.0,1.0,-801.25,0.05
709,6,library_small_bottom,0.5,0,37.0,300,0.0,0.0,1.0,-718.15,0.05
710,6,library_small_bottom,0.25,0,60.0,300,0.137,0.0189,1.0758,-1237.71,0.05
711,6,library_small_bottom,0.25,0,74.0,300,0.0,0.0,1.0,-1160.22,0.05
712,6,library_small_bottom,0.25,0,67.0,300,0.1873,0.0768,1.0277,-1208.2,0.05
713,6,library_small_bottom,0.5,0,36.5,300,0.0,0.0,1.0,-723.07,0.05
714,6,library_small_bottom,0.75,0,37.33,300,0.0,0.0,1.0,-282.7,0.05
715,6,library_small_bottom,0.25,0,49.0,300,0.0,0.0,1.0,-1244.8,0.05
716,6,library_small_bottom,0.75,0,40.0,300,0.0,0.0,1.0,-260.65,0.05
717,6,library_small_bottom,0.5,0,51.5,300,0.0,0.0,1.0,-797.75,0.05
718,6,library_small_bottom,0.25,0,223.0,300,0.0,0.0,1.0,-1426.07,0.05
719,6,library_small_bottom,0.25,0,41.0,300,0.0,0.0,1.0,-1218.44,0.05
720,6,library_small_bottom,0.25,0,134.0,300,0.0,0.0,1.0,-1307.6,0.05
721,6,library_small_bottom,0.0,0,300,300,0.0,0.0,1.0,-1693.31,0.05
722,6,library_small_bottom,0.25,0,58.0,300,0.0,0.0,1.0,-1299.38,0.05
723,6,library_small_bottom,0.75,0,130.67,300,0.0,0.0,1.0,-628.81,0.05
724,6,library_small_bottom,0.5,0,112.5,300,0.005,0.0001,1.0026,-943.34,0.05
725,6,library_small_bottom,0.5,0,285.0,300,0.25,0.1875,1.075,-1440.55,0.05
726,6,library_small_bottom,0.5,0,59.0,300,0.0,0.0,1.0,-793.58,0.05
727,6,library_small_bottom,0.5,0,28.5,300,0.0,0.0,1.0,-751.25,0.05
728,6,library_small_bottom,0.25,0,96.0,300,0.0,0.0,1.0,-1259.02,0.05
729,6,library_small_bottom,0.25,0,15.0,300,0.0,0.0,1.0,-1260.34,0.05
730,6,library_small_bottom,0.25,0,49.0,300,0.015,0.0007,1.0001,-1192.96,0.05
731,6,library_small_bottom,0.25,0,42.0,300,0.0,0.0,1.0,-1201.77,0.05
732,6,library_small_bottom,0.25,0,46.0,300,0.33,0.1667,1.1136,-1301.72,0.05
733,6,library_small_bottom,0.75,0,50.67,300,0.0,0.0,1.0,-304.91,0.05
734,6,library_small_bottom,0.75,0,92.67,300,0.0,0.0,1.0,-494.51,0.05
735,6,library_small_bottom,0.0,0,300,300,0.0,0.0,1.0,-1702.24,0.05
736,6,library_small_bottom,0.75,0,120.33,300,0.0,0.0,1.0001,-501.69,0.05
737,6,library_small_bottom,0.5,0,44.0,300,0.25,0.1875,1.0699,-746.9,0.05
738,6,library_small_bottom,0.25,0,29.0,300,0.0,0.0,1.0,-1282.72,0.05
739,6,library_small_bottom,0.75,0,89.67,300,0.0,0.0,1.0001,-411.06,0.05
740,6,library_small_bottom,0.5,0,43.5,300,0.0,0.0,1.0,-760.76,0.05
741,6,library_small_bottom,0.5,0,62.5,300,0.0,0.0,1.0,-818.57,0.05
742,6,library_small_bottom,0.5,0,88.5,300,0.0,0.0,1.0,-835.5,0.05
743,6,library_small_bottom,0.25,0,46.0,300,0.0,0.0,1.0,-1207.72,0.05
744,6,library_small_bottom,0.75,0,48.67,300,0.0,0.0,1.0004,-323.09,0.05
745,6,library_small_bottom,0.75,0,45.0,300,0.0,0.0,1.0,-285.4,0.05
746,6,library_small_bottom,0.0,0,300,300,0.09,0.0243,1.0391,-1687.92,0.05
747,6,library_small_bottom,0.25,0,52.0,300,0.185,0.1027,1.0747,-1232.92,0.05
748,6,library_small_bottom,0.5,0,50.0,300,0.0,0.0,1.0,-739.26,0.05
749,6,library_small_bottom,0.5,0,60.5,300,0.0,0.0,1.0,-814.53,0.05
750,6,library_small_bottom,0.25,0,61.0,300,0.0,0.0,1.0,-1323.86,0.05
751,6,library_small_bottom,0.25,0,54.0,300,0.12,0.0432,1.0183,-1168.21,0.05
752,6,library_small_bottom,0.5,0,61.5,300,0.0,0.0,1.0,-775.48,0.05
753,6,library_small_bottom,0.75,0,36.0,300,0.0,0.0,1.0,-249.88,0.05
754,6,library_small_bottom,0.75,0,50.33,300,0.0,0.0,1.0,-251.99,0.05
755,6,library_small_bottom,0.5,0,69.0,300,0.0,0.0,1.0,-779.61,0.05
756,6,library_small_bottom,0.25,0,86.0,300,0.165,0.0817,1.0595,-1331.71,0.05
757,6,library_small_bottom,0.5,0,59.0,300,0.0,0.0,1.0017,-822.0,0.05
758,6,library_small_bottom,0.75,0,59.67,300,0.0,0.0,1.0001,-251.41,0.05
759,6,library_small_bottom,1.0,1,59.25,88,0.0,0.0,1.0001,172.46,0.05
760,6,library_small_bottom,0.25,0,46.0,300,0.0,0.0,1.0,-1249.88,0.05
761,6,library_small_bottom,0.5,0,68.0,300,0.0,0.0,1.0,-878.83,0.05
762,6,library_small_bottom,0.25,0,10.0,300,0.34,0.1668,1.1141,-1334.95,0.05
763,6,library_small_bottom,0.75,0,124.67,300,0.0,0.0,1.0013,-511.24,0.05
764,6,library_small_bottom,0.75,0,40.67,300,0.25,0.1875,1.075,-409.53,0.05
765,6,library_small_bottom,0.75,0,138.33,300,0.175,0.0919,1.0763,-652.13,0.05
766,6,library_small_bottom,1.0,1,192.75,296,0.0,0.0,1.0021,-608.04,0.05
767,6,library_small_bottom,0.75,0,83.33,300,0.0,0.0,1.0001,-394.93,0.05
768,6,library_small_bottom,1.0,1,72.5,115,0.005,0.0001,1.0047,119.43,0.05
769,6,library_small_bottom,0.75,0,59.67,300,0.21,0.1323,1.0767,-352.26,0.05
770,6,library_small_bottom,0.75,0,88.0,300,0.0,0.0,1.0,-471.6,0.05
771,6,library_small_bottom,1.0,1,67.25,112,0.0,0.0,1.0,93.93,0.05
772,6,library_small_bottom,0.75,0,85.67,300,0.0,0.0,1.0,-452.2,0.05
773,6,library_small_bottom,1.0,1,47.75,120,0.005,0.0001,1.0026,188.29,0.05
774,6,library_small_bottom,1.0,1,84.5,177,0.0,0.0,1.0,24.74,0.05
775,6,library_small_bottom,0.75,0,77.0,300,0.0,0.0,1.0,-412.33,0.05
776,6,library_small_bottom,0.75,0,66.0,300,0.0,0.0,1.0007,-362.98,0.05
777,6,library_small_bottom,1.0,1,92.5,172,0.0,0.0,1.0003,-10.28,0.05
778,6,library_small_bottom,0.5,0,129.0,300,0.24,0.1728,1.0754,-1029.4,0.05
779,6,library_small_bottom,0.5,0,159.0,300,0.235,0.1657,1.075,-1123.13,0.05
780,6,library_small_bottom,0.75,0,68.67,300,0.0,0.0,1.0011,-351.55,0.05
781,6,library_small_bottom,0.5,0,46.0,300,0.0,0.0,1.0003,-854.69,0.05
782,6,library_small_bottom,0.5,0,27.0,300,0.25,0.1875,1.075,-880.37,0.05
783,6,library_small_bottom,0.75,0,51.67,300,0.25,0.1875,1.0754,-400.41,0.05
784,6,library_small_bottom,1.0,1,78.5,129,0.0,0.0,1.0005,51.0,0.05
785,6,library_small_bottom,0.75,0,72.67,300,0.25,0.1875,1.075,-424.4,0.05
786,6,library_small_bottom,0.75,0,62.0,300,0.235,0.1657,1.0751,-430.45,0.05
787,6,library_small_bottom,0.5,0,138.5,300,0.245,0.1801,1.0751,-1114.59,0.05
788,6,library_small_bottom,1.0,1,102.25,152,0.0,0.0,1.0,-54.87,0.05
789,6,library_small_bottom,1.0,1,40.75,76,0.0,0.0,1.0,217.37,0.05
790,6,library_small_bottom,0.75,0,66.0,300,0.0,0.0,1.0011,-361.46,0.05
791,6,library_small_bottom,0.5,0,77.5,300,0.25,0.1875,1.0751,-919.71,0.05
792,6,library_small_bottom,1.0,1,98.25,125,0.0,0.0,1.0007,-30.05,0.05
793,6,library_small_bottom,0.5,0,95.0,300,0.21,0.1323,1.0752,-889.68,0.05
794,6,library_small_bottom,0.5,0,68.5,300,0.245,0.1801,1.075,-838.67,0.05
795,6,library_small_bottom,1.0,1,141.25,235,0.0,0.0,1.0004,-249.77,0.05
796,6,library_small_bottom,0.75,0,99.33,300,0.24,0.1728,1.075,-463.73,0.05
797,6,library_small_bottom,0.5,0,33.0,300,0.25,0.1875,1.075,-729.75,0.05
798,6,library_small_bottom,0.5,0,41.0,300,0.125,0.0429,1.0438,-762.03,0.05
799,6,library_small_bottom,0.5,0,44.0,300,0.08,0.0192,1.0386,-800.09,0.05
800,6,library_small_bottom,0.5,0,48.0,300,0.025,0.0019,1.0,-757.67,0.05
801,6,library_small_bottom,0.75,0,41.33,300,0.18,0.0972,1.0747,-266.37,0.05
802,6,library_small_bottom,0.75,0,41.67,300,0.075,0.0169,1.0383,-268.74,0.05
803,6,library_small_bottom,0.5,0,40.5,300,0.1,0.03,1.0396,-786.87,0.05
804,6,library_small_bottom,0.75,0,44.67,300,0.12,0.0432,1.0379,-325.5,0.05
805,6,library_small_bottom,0.5,0,60.0,300,0.196,0.1152,1.0576,-784.79,0.05
806,6,library_small_bottom,0.75,0,56.33,300,0.0,0.0,1.0,-322.28,0.05
807,6,library_small_bottom,0.75,0,67.67,300,0.0,0.0,1.0001,-289.45,0.05
808,6,library_small_bottom,0.5,0,18.5,300,0.0,0.0,1.0,-741.36,0.05
809,6,library_small_bottom,1.0,1,87.0,157,0.0,0.0,1.0,83.01,0.05
810,6,library_small_bottom,0.25,0,69.0,300,0.005,0.0001,1.0026,-1267.45,0.05
811,6,library_small_bottom,0.75,0,32.0,300,0.0,0.0,1.0,-240.33,0.05
812,6,library_small_bottom,1.0,1,45.25,76,0.0,0.0,1.0013,208.65,0.05
813,6,library_small_bottom,0.75,0,59.0,300,0.0,0.0,1.0,-301.49,0.05
814,6,library_small_bottom,1.0,1,88.0,117,0.1818,0.0523,1.0652,44.99,0.05
815,6,library_small_bottom,1.0,1,84.0,215,0.0,0.0,1.0,54.32,0.05
816,6,library_small_bottom,0.75,0,42.33,300,0.0,0.0,1.0,-292.57,0.05
817,6,library_small_bottom,1.0,1,95.75,205,0.0,0.0,1.0013,-11.03,0.05
818,6,library_small_bottom,1.0,1,150.25,286,0.015,0.0007,1.0041,-262.53,0.05
819,6,library_small_bottom,0.5,0,167.0,300,0.0,0.0,1.0,-967.15,0.05
820,6,library_small_bottom,0.75,0,101.67,300,0.0,0.0,1.0,-456.72,0.05
821,6,library_small_bottom,0.75,0,126.0,300,0.0,0.0,1.0018,-563.1,0.05
822,6,library_small_bottom,0.5,0,47.0,300,0.0,0.0,1.0007,-814.72,0.05
823,6,library_small_bottom,1.0,1,71.75,100,0.28,0.0856,1.1165,111.61,0.05
824,6,library_small_bottom,0.75,0,50.67,300,0.0,0.0,1.0004,-292.47,0.05
825,6,library_small_bottom,1.0,1,73.25,203,0.0,0.0,1.0,66.86,0.05
826,6,library_small_bottom,1.0,1,116.0,189,0.0,0.0,1.0021,-133.33,0.05
827,6,library_small_bottom,1.0,1,85.75,184,0.0,0.0,1.0021,-1.77,0.05
828,6,library_small_bottom,0.75,0,49.67,300,0.0,0.0,1.0,-277.28,0.05
829,6,library_small_bottom,0.75,0,105.0,300,0.0,0.0,1.0002,-468.94,0.05
830,6,library_small_bottom,0.75,0,80.33,300,0.0,0.0,1.0004,-380.92,0.05
831,6,library_small_bottom,0.75,0,149.33,300,0.0,0.0,1.0001,-664.11,0.05
832,6,library_small_bottom,0.75,0,118.0,300,0.0,0.0,1.0,-468.36,0.05
833,6,library_small_bottom,0.75,0,117.67,300,0.0,0.0,1.0,-517.48,0.05
834,6,library_small_bottom,1.0,1,121.25,196,0.0,0.0,1.0,-112.81,0.05
835,6,library_small_bottom,0.75,0,77.33,300,0.0,0.0,1.0,-377.59,0.05
836,7,library_medium,0.1667,0,10.0,400,0.1933,0.1336,1.0583,-3102.14,0.9944
837,7,library_medium,0.0,0,400,400,0.1667,0.1389,1.05,-4210.52,0.9877
838,7,library_medium,0.1667,0,6.0,400,0.1667,0.1389,1.05,-3422.4,0.9821
839,7,library_medium,0.3333,0,165.5,400,0.0,0.0,1.0,-2767.26,0.9767
840,7,library_medium,0.0,0,400,400,0.23,0.1378,1.0764,-3826.95,0.97
841,7,library_medium,0.3333,0,169.0,400,0.0,0.0,1.0,-2673.18,0.9646
842,7,library_medium,0.1667,0,25.0,400,0.0,0.0,1.0,-2806.88,0.9589
843,7,library_medium,0.1667,0,204.0,400,0.0,0.0,1.0,-3250.87,0.9527
844,7,library_medium,0.3333,0,85.0,400,0.1667,0.1389,1.05,-2778.25,0.9478
845,7,library_medium,0.1667,0,292.0,400,0.33,0.2178,1.1,-4512.17,0.9414
846,7,library_medium,0.1667,0,219.0,400,0.1667,0.1389,1.05,-3450.94,0.9352
847,7,library_medium,0.1667,0,72.0,400,0.0,0.0,1.0,-2840.29,0.9294
848,7,library_medium,0.1667,0,180.0,400,0.1667,0.1389,1.05,-3341.43,0.9233
849,7,library_medium,0.3333,0,172.0,400,0.0,0.0,1.0,-2850.78,0.9179
850,7,library_medium,0.3333,0,43.0,400,0.0,0.0,1.0,-2325.2,0.9132
851,7,library_medium,0.1667,0,281.0,400,0.0,0.0,1.0009,-3630.17,0.9068
852,7,library_medium,0.1667,0,136.0,400,0.1667,0.1389,1.05,-3104.92,0.9008
853,7,library_medium,0.3333,0,185.0,400,0.0,0.0,1.0,-2656.67,0.8953
854,7,library_medium,0.3333,0,348.5,400,0.0,0.0,1.0,-3448.18,0.8889
855,7,library_medium,0.3333,0,206.5,400,0.0,0.0,1.0,-2717.93,0.8833
856,7,library_medium,0.5,0,187.0,400,0.0,0.0,1.0001,-2592.89,0.8784
857,7,library_medium,0.3333,0,146.0,400,0.0,0.0,1.0,-2516.3,0.8731
858,7,library_medium,0.3333,0,91.5,400,0.1667,0.1389,1.05,-2712.85,0.8681
859,7,library_medium,0.1667,0,8.0,400,0.14,0.098,1.0338,-2774.56,0.8625
860,7,library_medium,0.0,0,400,400,0.14,0.098,1.05,-3779.28,0.8558
861,7,library_medium,0.3333,0,156.0,400,0.2333,0.1314,1.0777,-2538.08,0.8504
862,7,library_medium,0.1667,0,5.0,400,0.13,0.0845,1.05,-3168.94,0.8448
863,7,library_medium,0.5,0,231.0,400,0.13,0.0845,1.0298,-2472.15,0.8395
864,7,library_medium,0.3333,0,274.5,400,0.0,0.0,1.0,-3025.05,0.8335
865,7,library_medium,0.3333,0,181.0,400,0.15,0.077,1.0566,-3039.58,0.8281
866,7,library_medium,0.3333,0,148.5,400,0.0,0.0,1.0,-2454.04,0.8228
867,7,library_medium,0.3333,0,322.5,400,0.0,0.0,1.0,-3089.53,0.8165
868,7,library_medium,0.6667,0,184.5,400,0.0667,0.0222,1.0267,-1850.85,0.8122
869,7,library_medium,0.3333,0,20.0,400,0.1467,0.1076,1.05,-2266.94,0.8076
870,7,library_medium,0.3333,0,122.0,400,0.0,0.0,1.0002,-2543.52,0.8025
871,7,library_medium,0.3333,0,164.5,400,0.1233,0.0761,1.0499,-2809.78,0.7971
872,7,library_medium,0.3333,0,272.5,400,0.0,0.0,1.0,-3064.28,0.7911
873,7,library_medium,0.1667,0,159.0,400,0.2467,0.1442,1.0792,-3370.75,0.785
874,7,library_medium,0.6667,0,147.75,400,0.01,0.0005,1.0027,-1595.26,0.7812
875,7,library_medium,0.5,0,264.0,400,0.0,0.0,1.0,-2617.4,0.7756
876,7,library_medium,0.1667,0,184.0,400,0.1667,0.1389,1.05,-3297.3,0.7695
877,7,library_medium,0.3333,0,204.0,400,0.0,0.0,1.0,-2821.13,0.7639
878,7,library_medium,0.6667,0,142.0,400,0.0,0.0,1.0,-1615.94,0.7601
879,7,library_medium,0.5,0,192.33,400,0.0,0.0,1.0,-2184.02,0.7551
880,7,library_medium,0.6667,0,147.0,400,0.0067,0.0002,1.0022,-1710.78,0.7512
881,7,library_medium,0.3333,0,204.5,400,0.0,0.0,1.0,-2663.36,0.7456
882,7,library_medium,0.5,0,109.67,400,0.0,0.0,1.0,-1951.48,0.7413
883,7,library_medium,0.5,0,154.0,400,0.0,0.0,1.0,-2078.65,0.7367
884,7,library_medium,0.5,0,166.0,400,0.1667,0.1389,1.05,-2182.76,0.7319
885,7,library_medium,0.3333,0,217.0,400,0.0,0.0,1.0,-2660.23,0.7262
886,7,library_medium,0.3333,0,140.0,400,0.0,0.0,1.0,-2810.62,0.721
887,7,library_medium,0.5,0,123.67,400,0.0,0.0,1.0,-1939.45,0.7166
888,7,library_medium,0.5,0,184.67,400,0.0,0.0,1.0,-2390.0,0.7117
889,7,library_medium,0.5,0,199.0,400,0.0333,0.0056,1.013,-2306.28,0.7067
890,7,library_medium,0.8333,0,217.2,400,0.0,0.0,1.0,-1569.82,0.7025
891,7,library_medium,0.5,0,167.33,400,0.0,0.0,1.0,-2249.07,0.6978
892,7,library_medium,0.6667,0,243.75,400,0.0,0.0,1.0,-2133.06,0.6928
893,7,library_medium,0.6667,0,173.5,400,0.0,0.0,1.0,-1738.66,0.6886
894,7,library_medium,0.5,0,155.33,400,0.03,0.0045,1.0,-2089.63,0.684
895,7,library_medium,0.8333,0,135.0,400,0.0,0.0,1.0,-1083.42,0.681
896,7,library_medium,0.5,0,65.67,400,0.1667,0.1389,1.0448,-1732.85,0.6771
897,7,library_medium,0.5,0,234.0,400,0.0,0.0,1.0001,-2428.6,0.6718
898,7,library_medium,0.8333,0,178.2,400,0.0,0.0,1.0,-1362.32,0.6682
899,7,library_medium,1.0,1,220.33,378,0.0,0.0,1.0001,-1245.8,0.6645
900,7,library_medium,1.0,1,194.0,363,0.0,0.0,1.0,-1057.98,0.6612
901,7,library_medium,0.8333,0,184.8,400,0.0,0.0,1.0,-1368.09,0.6575
902,7,library_medium,1.0,1,143.5,277,0.0,0.0,1.0,-649.97,0.6551
903,7,library_medium,1.0,1,125.33,239,0.0,0.0,1.0,-503.65,0.653
904,7,library_medium,0.8333,0,80.0,400,0.1533,0.1176,1.05,-708.19,0.6508
905,7,library_medium,0.6667,0,121.0,400,0.0,0.0,1.0,-1507.47,0.6472
906,7,library_medium,0.8333,0,182.0,400,0.0,0.0,1.0,-1359.44,0.6435
907,7,library_medium,0.8333,0,116.4,400,0.0,0.0,1.0,-945.46,0.6408
908,7,library_medium,0.8333,0,159.8,400,0.0,0.0,1.0,-1369.92,0.6374
909,7,library_medium,1.0,1,134.0,293,0.0,0.0,1.0005,-556.64,0.6352
910,7,library_medium,0.8333,0,118.0,400,0.0,0.0,1.0,-912.05,0.6324
911,7,library_medium,1.0,1,155.67,244,0.0,0.0,1.0,-691.19,0.6298
912,7,library_medium,0.8333,0,202.2,400,0.0,0.0,1.0,-1533.96,0.6259
913,7,library_medium,1.0,1,169.67,397,0.0,0.0,1.0,-885.98,0.623
914,7,library_medium,1.0,1,145.83,362,0.0,0.0,1.0,-672.34,0.6206
915,7,library_medium,1.0,1,117.33,230,0.0,0.0,1.0,-376.51,0.6186
916,7,library_medium,0.8333,0,129.2,400,0.0,0.0,1.0,-976.21,0.6157
917,7,library_medium,1.0,1,211.83,375,0.0,0.0,1.0,-1247.32,0.6121
918,8,hazard_corridor_small,0.5,0,261.0,350,0.0,0.0,1.0,-1588.53,0.993
919,8,hazard_corridor_small,0.5,0,160.0,350,0.0,0.0,1.0,-1292.52,0.9872
920,8,hazard_corridor_small,0.75,0,135.67,350,0.23,0.1587,1.075,-880.22,0.9829
921,8,hazard_corridor_small,0.25,0,49.0,350,0.46,0.2148,1.15,-1518.82,0.9766
922,8,hazard_corridor_small,0.5,0,190.5,350,0.175,0.0919,1.075,-1380.31,0.9705
923,8,hazard_corridor_small,0.5,0,189.0,350,0.225,0.1519,1.075,-1791.08,0.9643
924,8,hazard_corridor_small,0.5,0,204.5,350,0.12,0.0432,1.0428,-1384.95,0.958
925,8,hazard_corridor_small,0.25,0,201.0,350,0.25,0.1875,1.075,-2598.66,0.9509
926,8,hazard_corridor_small,0.25,0,65.0,350,0.0,0.0,1.0,-1517.68,0.9445
927,8,hazard_corridor_small,0.25,0,107.0,350,0.0,0.0,1.0,-1570.13,0.9379
928,8,hazard_corridor_small,0.25,0,70.0,350,0.02,0.0012,1.0,-1520.39,0.9315
929,8,hazard_corridor_small,0.5,0,58.5,350,0.165,0.0817,1.075,-1017.81,0.9269
930,8,hazard_corridor_small,0.25,0,45.0,350,0.0,0.0,1.0,-1787.31,0.9206
931,8,hazard_corridor_small,0.5,0,29.5,350,0.24,0.1728,1.0671,-906.1,0.9163
932,8,hazard_corridor_small,0.5,0,189.0,350,0.0,0.0,1.001,-1356.22,0.9102
933,8,hazard_corridor_small,0.25,0,181.0,350,0.0,0.0,1.0013,-1688.73,0.9031
934,8,hazard_corridor_small,0.5,0,72.5,350,0.22,0.1452,1.075,-1237.87,0.8983
935,8,hazard_corridor_small,0.25,0,197.0,350,0.0,0.0,1.0,-1706.53,0.8912
936,8,hazard_corridor_small,0.5,0,252.5,350,0.0,0.0,1.0,-1603.4,0.8843
937,8,hazard_corridor_small,0.75,0,175.0,350,0.235,0.1657,1.075,-984.55,0.8793
938,8,hazard_corridor_small,0.75,0,123.67,350,0.26,0.1476,1.0709,-778.05,0.8752
939,8,hazard_corridor_small,0.5,0,181.5,350,0.25,0.1875,1.075,-1634.13,0.8692
940,8,hazard_corridor_small,0.75,0,168.0,350,0.0,0.0,1.0,-1023.52,0.8643
941,8,hazard_corridor_small,0.75,0,206.0,350,0.0,0.0,1.0,-1073.51,0.8588
942,8,hazard_corridor_small,0.5,0,79.0,350,0.47,0.2227,1.15,-1462.31,0.8539
943,8,hazard_corridor_small,1.0,1,122.5,234,0.395,0.1705,1.1424,-518.52,0.8511
944,8,hazard_corridor_small,0.5,0,120.0,350,0.25,0.1875,1.075,-1391.85,0.8457
945,8,hazard_corridor_small,0.75,0,92.33,350,0.0,0.0,1.0,-816.39,0.8422
946,8,hazard_corridor_small,1.0,1,173.0,319,0.095,0.0271,1.0396,-619.33,0.8382
947,8,hazard_corridor_small,0.75,0,190.0,350,0.0,0.0,1.0,-1284.53,0.833
948,8,hazard_corridor_small,1.0,1,108.0,257,0.0,0.0,1.0,-263.35,0.8305
949,8,hazard_corridor_small,0.5,0,92.5,350,0.25,0.1875,1.063,-1234.83,0.8255
950,8,hazard_corridor_small,1.0,1,173.0,313,0.24,0.1728,1.075,-723.23,0.8215
951,8,hazard_corridor_small,0.75,0,61.67,350,0.485,0.2357,1.1494,-526.74,0.8185
952,8,hazard_corridor_small,0.75,0,187.0,350,0.215,0.1387,1.0747,-1017.91,0.8133
953,8,hazard_corridor_small,0.75,0,199.67,350,0.48,0.2312,1.15,-1630.79,0.8079
954,8,hazard_corridor_small,1.0,1,156.5,302,0.22,0.1452,1.075,-664.51,0.8043
955,8,hazard_corridor_small,0.75,0,252.33,350,0.0,0.0,1.0,-1370.02,0.798
956,8,hazard_corridor_small,0.75,0,127.33,350,0.59,0.1531,1.1878,-912.17,0.7938
957,8,hazard_corridor_small,1.0,1,179.5,330,0.06,0.0108,1.0304,-654.87,0.7897
958,8,hazard_corridor_small,0.5,0,114.0,350,0.51,0.1349,1.1276,-1304.84,0.7844
959,8,hazard_corridor_small,0.75,0,232.33,350,0.25,0.1875,1.0749,-1366.94,0.7784
960,8,hazard_corridor_small,1.0,1,133.5,263,0.23,0.1587,1.075,-514.07,0.7754
961,8,hazard_corridor_small,0.75,0,103.33,350,0.0,0.0,1.0011,-692.72,0.7716
962,8,hazard_corridor_small,1.0,1,58.0,158,0.12,0.0432,1.0296,47.71,0.7703
963,8,hazard_corridor_small,0.75,0,187.67,350,0.0,0.0,1.0,-989.55,0.7651
964,8,hazard_corridor_small,0.75,0,132.33,350,0.0,0.0,1.0,-781.03,0.7608
965,8,hazard_corridor_small,1.0,1,124.0,279,0.335,0.1435,1.1155,-510.78,0.758
966,8,hazard_corridor_small,1.0,1,141.0,235,0.36,0.1346,1.1376,-452.26,0.7548
967,8,hazard_corridor_small,0.75,0,126.33,350,0.19,0.1083,1.0749,-876.11,0.7507
968,8,hazard_corridor_small,1.0,1,114.5,157,0.12,0.0432,1.0438,-325.17,0.748
969,9,hazard_near_exit_small,0.5,0,209.67,350,0.1667,0.1389,1.05,-2228.42,0.9973
970,9,hazard_near_exit_small,0.5,0,202.33,350,0.0,0.0,1.0,-2328.9,0.9947
971,9,hazard_near_exit_small,0.3333,0,228.0,350,0.0,0.0,1.0005,-2483.2,0.9918
972,9,hazard_near_exit_small,0.1667,0,236.0,350,0.0,0.0,1.0,-2770.78,0.9886
973,9,hazard_near_exit_small,0.1667,0,229.0,350,0.1667,0.1389,1.05,-2795.78,0.9855
974,9,hazard_near_exit_small,0.3333,0,119.0,350,0.0,0.0,1.0,-2176.43,0.9829
975,9,hazard_near_exit_small,0.1667,0,48.0,350,0.1667,0.1389,1.05,-2709.58,0.9801
976,9,hazard_near_exit_small,0.3333,0,144.5,350,0.1533,0.1176,1.0468,-2417.58,0.9774
977,9,hazard_near_exit_small,0.3333,0,178.0,350,0.0,0.0,1.0,-2339.85,0.9746
978,9,hazard_near_exit_small,0.1667,0,50.0,350,0.1667,0.1389,1.05,-2626.82,0.9718
979,9,hazard_near_exit_small,0.3333,0,231.0,350,0.3333,0.2222,1.0999,-2652.96,0.9688
980,9,hazard_near_exit_small,0.1667,0,88.0,350,0.1667,0.1389,1.05,-3052.62,0.9659
981,9,hazard_near_exit_small,0.3333,0,270.5,350,0.1667,0.1389,1.05,-2809.88,0.9628
982,9,hazard_near_exit_small,0.0,0,350,350,0.1633,0.1334,1.0434,-3013.13,0.9595
983,9,hazard_near_exit_small,0.3333,0,42.0,350,0.1667,0.1389,1.05,-2403.06,0.9572
984,9,hazard_near_exit_small,0.5,0,154.33,350,0.0,0.0,1.0,-2111.21,0.9548
985,9,hazard_near_exit_small,0.3333,0,216.0,350,0.1667,0.1389,1.05,-2655.01,0.9519
986,9,hazard_near_exit_small,0.3333,0,95.5,350,0.0,0.0,1.0,-2120.21,0.9493
987,9,hazard_near_exit_small,0.1667,0,225.0,350,0.1667,0.1389,1.0499,-2790.1,0.9462
988,9,hazard_near_exit_small,0.1667,0,53.0,350,0.1667,0.1389,1.05,-2735.82,0.9434
989,9,hazard_near_exit_small,0.3333,0,127.5,350,0.0,0.0,1.0,-2206.25,0.9407
990,9,hazard_near_exit_small,0.3333,0,246.5,350,0.1667,0.1389,1.05,-2633.93,0.9377
991,9,hazard_near_exit_small,0.3333,0,151.5,350,0.0,0.0,1.0,-2266.93,0.935
992,9,hazard_near_exit_small,0.1667,0,314.0,350,0.12,0.072,1.05,-2982.12,0.9318
993,9,hazard_near_exit_small,0.1667,0,145.0,350,0.0967,0.0467,1.0271,-2650.42,0.9288
994,9,hazard_near_exit_small,0.6667,0,155.0,350,0.0,0.0,1.0,-1515.61,0.9267
995,9,hazard_near_exit_small,0.3333,0,243.0,350,0.1667,0.1389,1.05,-2686.58,0.9237
996,9,hazard_near_exit_small,0.3333,0,99.0,350,0.0,0.0,1.0,-2197.91,0.9212
997,9,hazard_near_exit_small,0.5,0,159.0,350,0.0,0.0,1.0,-1920.83,0.9187
998,9,hazard_near_exit_small,0.5,0,177.67,350,0.0,0.0,1.0,-2145.14,0.9162
999,9,hazard_near_exit_small,0.5,0,142.0,350,0.0,0.0,1.0,-1848.25,0.9139
1000,9,hazard_near_exit_small,0.3333,0,295.5,350,0.0,0.0,1.0,-2699.25,0.9108
1001,9,hazard_near_exit_small,0.3333,0,110.5,350,0.0,0.0,1.0,-2172.63,0.9082
1002,9,hazard_near_exit_small,0.5,0,167.0,350,0.0,0.0,1.0,-1955.69,0.9057
1003,9,hazard_near_exit_small,0.6667,0,167.75,350,0.0,0.0,1.0,-1591.95,0.9036
1004,9,hazard_near_exit_small,0.3333,0,137.5,350,0.0,0.0,1.0,-2218.77,0.9009
1005,9,hazard_near_exit_small,0.5,0,121.67,350,0.1667,0.1389,1.0499,-1804.23,0.8987
1006,9,hazard_near_exit_small,0.5,0,234.67,350,0.0,0.0,1.0,-2265.69,0.8959
1007,9,hazard_near_exit_small,0.5,0,147.0,350,0.0,0.0,1.0,-1891.89,0.8935
1008,9,hazard_near_exit_small,0.3333,0,146.0,350,0.0,0.0,1.0,-2297.1,0.8909
1009,9,hazard_near_exit_small,0.3333,0,205.0,350,0.0,0.0,1.0,-2476.59,0.888
1010,9,hazard_near_exit_small,0.5,0,167.67,350,0.0,0.0,1.0,-1917.39,0.8855
1011,9,hazard_near_exit_small,0.6667,0,164.0,350,0.0,0.0,1.0,-1574.97,0.8834
1012,9,hazard_near_exit_small,0.5,0,130.33,350,0.0,0.0,1.0,-1794.99,0.8811
1013,9,hazard_near_exit_small,0.6667,0,159.75,350,0.0,0.0,1.0,-1556.92,0.879
1014,9,hazard_near_exit_small,0.3333,0,133.0,350,0.0,0.0,1.0,-2187.95,0.8763
1015,9,hazard_near_exit_small,0.5,0,124.67,350,0.0,0.0,1.0,-1749.08,0.8741
1016,9,hazard_near_exit_small,0.6667,0,90.25,350,0.0,0.0,1.0,-1098.73,0.8724
1017,9,hazard_near_exit_small,0.5,0,169.0,350,0.1667,0.1389,1.0499,-2009.41,0.8699
1018,9,hazard_near_exit_small,0.5,0,205.33,350,0.0,0.0,1.0,-2100.85,0.8673
1019,9,hazard_near_exit_small,0.5,0,112.0,350,0.1667,0.1389,1.0482,-1689.49,0.8651
1020,9,hazard_near_exit_small,0.6667,0,149.0,350,0.0,0.0,1.0,-1472.25,0.8631
1021,9,hazard_near_exit_small,0.5,0,104.67,350,0.0,0.0,1.0,-1653.57,0.8609
1022,9,hazard_near_exit_small,0.6667,0,150.75,350,0.0,0.0,1.0,-1478.81,0.8588
1023,9,hazard_near_exit_small,0.6667,0,126.0,350,0.0,0.0,1.0,-1341.27,0.8569
1024,9,hazard_near_exit_small,0.6667,0,124.75,350,0.0,0.0,1.0,-1308.18,0.855
1025,9,hazard_near_exit_small,0.6667,0,173.0,350,0.0,0.0,1.0,-1616.49,0.8528
1026,9,hazard_near_exit_small,0.6667,0,190.75,350,0.0,0.0,1.0,-1728.27,0.8505
1027,9,hazard_near_exit_small,0.6667,0,124.0,350,0.0,0.0,1.0,-1323.81,0.8486
1028,9,hazard_near_exit_small,0.5,0,88.0,350,0.1667,0.1389,1.05,-1690.4,0.8465
1029,9,hazard_near_exit_small,0.3333,0,185.0,350,0.0,0.0,1.0,-2338.68,0.8437
1030,9,hazard_near_exit_small,0.5,0,110.67,350,0.0,0.0,1.0,-1703.87,0.8415
1031,9,hazard_near_exit_small,0.5,0,112.33,350,0.0,0.0,1.0,-1708.37,0.8393
1032,9,hazard_near_exit_small,0.5,0,219.33,350,0.0,0.0,1.0004,-2243.21,0.8366
1033,9,hazard_near_exit_small,0.5,0,162.67,350,0.1667,0.1389,1.05,-1960.44,0.8342
1034,9,hazard_near_exit_small,0.1667,0,124.0,350,0.0,0.0,1.0,-2581.71,0.8312
1035,9,hazard_near_exit_small,0.3333,0,201.5,350,0.0667,0.0222,1.0064,-2404.25,0.8284
1036,9,hazard_near_exit_small,0.6667,0,173.0,350,0.0,0.0,1.0,-1609.89,0.8262
1037,9,hazard_near_exit_small,0.1667,0,79.0,350,0.0,0.0,1.0,-2575.09,0.8233
1038,9,hazard_near_exit_small,0.1667,0,170.0,350,0.0,0.0,1.0,-2655.91,0.8202
1039,9,hazard_near_exit_small,0.1667,0,138.0,350,0.0,0.0,1.0,-2589.26,0.8173
1040,9,hazard_near_exit_small,0.1667,0,247.0,350,0.0,0.0,1.0,-2809.18,0.8141
1041,9,hazard_near_exit_small,0.0,0,350,350,0.0,0.0,1.0,-3056.5,0.8108
1042,9,hazard_near_exit_small,0.1667,0,306.0,350,0.0,0.0,1.0,-2858.1,0.8075
1043,9,hazard_near_exit_small,0.1667,0,165.0,350,0.0,0.0,1.0,-2694.35,0.8045
1044,9,hazard_near_exit_small,0.0,0,350,350,0.0,0.0,1.0,-3036.85,0.8012
1045,9,hazard_near_exit_small,0.0,0,350,350,0.0,0.0,1.0,-2992.89,0.7978
1046,9,hazard_near_exit_small,0.1667,0,315.0,350,0.1667,0.1389,1.05,-2904.01,0.7946
1047,9,hazard_near_exit_small,0.1667,0,241.0,350,0.0,0.0,1.0,-2769.74,0.7914
1048,9,hazard_near_exit_small,0.1667,0,44.0,350,0.0,0.0,1.0,-2506.53,0.7886
1049,9,hazard_near_exit_small,0.3333,0,181.5,350,0.0,0.0,1.0,-2369.42,0.7858
1050,9,hazard_near_exit_small,0.3333,0,94.0,350,0.1667,0.1389,1.0499,-2140.91,0.7833
1051,9,hazard_near_exit_small,0.0,0,350,350,0.1667,0.1389,1.05,-3300.73,0.7799
1052,9,hazard_near_exit_small,0.1667,0,313.0,350,0.0,0.0,1.0,-2874.11,0.7767
1053,9,hazard_near_exit_small,0.1667,0,338.0,350,0.1667,0.1389,1.0498,-2971.31,0.7734
1054,9,hazard_near_exit_small,0.1667,0,272.0,350,0.0,0.0,1.0,-2797.11,0.7702
1055,9,hazard_near_exit_small,0.1667,0,107.0,350,0.0,0.0,1.0,-2544.08,0.7672
1056,9,hazard_near_exit_small,0.0,0,350,350,0.0,0.0,1.0,-3040.33,0.7639
1057,9,hazard_near_exit_small,0.1667,0,38.0,350,0.0,0.0,1.0,-2470.43,0.7611
1058,9,hazard_near_exit_small,0.0,0,350,350,0.0,0.0,1.0,-3001.28,0.7577
1059,9,hazard_near_exit_small,0.0,0,350,350,0.0,0.0,1.0,-2997.48,0.7544
1060,9,hazard_near_exit_small,0.1667,0,174.0,350,0.0,0.0,1.0,-2629.69,0.7514
1061,9,hazard_near_exit_small,0.0,0,350,350,0.0,0.0,1.0,-3004.03,0.748
1062,9,hazard_near_exit_small,0.1667,0,28.0,350,0.1667,0.1389,1.05,-2996.8,0.7452
1063,9,hazard_near_exit_small,0.0,0,350,350,0.0,0.0,1.0,-2980.77,0.7419
1064,9,hazard_near_exit_small,0.0,0,350,350,0.1667,0.1389,1.05,-3553.83,0.7386
1065,9,hazard_near_exit_small,0.1667,0,51.0,350,0.0,0.0,1.0,-2459.21,0.7357
1066,9,hazard_near_exit_small,0.3333,0,287.5,350,0.0,0.0,1.0,-2634.81,0.7326
1067,9,hazard_near_exit_small,0.1667,0,42.0,350,0.1667,0.1389,1.05,-2641.44,0.7298
1068,9,hazard_near_exit_small,0.0,0,350,350,0.0,0.0,1.0,-3034.85,0.7264
1069,9,hazard_near_exit_small,0.1667,0,152.0,350,0.0,0.0,1.0,-2621.39,0.7234
1070,9,hazard_near_exit_small,0.3333,0,130.0,350,0.0,0.0,1.0,-2216.43,0.7208
1071,9,hazard_near_exit_small,0.3333,0,173.0,350,0.12,0.072,1.05,-2460.02,0.718
1072,9,hazard_near_exit_small,0.3333,0,172.0,350,0.1667,0.1389,1.05,-2540.57,0.7153
1073,9,hazard_near_exit_small,0.3333,0,125.5,350,0.0,0.0,1.0,-2184.52,0.7127
1074,9,hazard_near_exit_small,0.1667,0,104.0,350,0.0,0.0,1.0,-2560.54,0.7097
1075,9,hazard_near_exit_small,0.1667,0,171.0,350,0.0,0.0,1.0,-2672.82,0.7067
1076,9,hazard_near_exit_small,0.1667,0,108.0,350,0.0,0.0,1.0,-2590.78,0.7037
1077,9,hazard_near_exit_small,0.6667,0,112.0,350,0.0,0.0,1.0,-1267.54,0.7019
1078,9,hazard_near_exit_small,0.0,0,350,350,0.0,0.0,1.0,-3037.6,0.6986
1079,9,hazard_near_exit_small,0.5,0,184.0,350,0.0,0.0,1.0,-2029.24,0.6961
1080,9,hazard_near_exit_small,0.5,0,157.33,350,0.0,0.0,1.0,-1897.81,0.6937
1081,9,hazard_near_exit_small,0.6667,0,200.5,350,0.0,0.0,1.0,-1761.38,0.6913
1082,9,hazard_near_exit_small,0.6667,0,163.5,350,0.0,0.0,1.0,-1571.57,0.6891
1083,9,hazard_near_exit_small,0.6667,0,177.75,350,0.0,0.0,1.0,-1651.87,0.6869
1084,9,hazard_near_exit_small,0.6667,0,136.25,350,0.0,0.0,1.0,-1400.09,0.6849
1085,9,hazard_near_exit_small,0.5,0,162.0,350,0.0,0.0,1.0,-1883.75,0.6825
1086,9,hazard_near_exit_small,0.6667,0,96.75,350,0.0,0.0,1.0,-1145.04,0.6808
1087,9,hazard_near_exit_small,0.6667,0,105.75,350,0.0,0.0,1.0,-1195.29,0.679
1088,9,hazard_near_exit_small,0.6667,0,154.5,350,0.0,0.0,1.0,-1505.58,0.6769
1089,9,hazard_near_exit_small,0.8333,0,144.8,350,0.0,0.0,1.0,-1059.86,0.6752
1090,9,hazard_near_exit_small,0.8333,0,152.4,350,0.0,0.0,1.0,-1093.75,0.6734
1091,9,hazard_near_exit_small,0.8333,0,115.8,350,0.0,0.0,1.0,-840.56,0.672
1092,9,hazard_near_exit_small,0.6667,0,121.25,350,0.0,0.0,1.0,-1323.79,0.6701
1093,9,hazard_near_exit_small,0.5,0,97.33,350,0.0,0.0,1.0,-1604.75,0.668
1094,9,hazard_near_exit_small,0.6667,0,175.5,350,0.0,0.0,1.0001,-1666.93,0.6658
1095,9,hazard_near_exit_small,0.8333,0,139.6,350,0.0,0.0,1.0,-1022.42,0.6641
1096,9,hazard_near_exit_small,0.6667,0,137.75,350,0.0,0.0,1.0,-1415.66,0.6621
1097,9,hazard_near_exit_small,0.8333,0,105.6,350,0.0,0.0,1.0,-745.86,0.6607
1098,9,hazard_near_exit_small,0.5,0,90.0,350,0.0,0.0,1.0,-1628.74,0.6586
1099,9,hazard_near_exit_small,0.6667,0,220.75,350,0.0,0.0,1.0,-1880.2,0.6561
1100,9,hazard_near_exit_small,0.8333,0,142.4,350,0.0,0.0,1.0,-1019.26,0.6544
1101,9,hazard_near_exit_small,0.6667,0,137.25,350,0.0,0.0,1.0,-1415.99,0.6525
1102,9,hazard_near_exit_small,0.8333,0,148.0,350,0.0,0.0,1.0,-1059.97,0.6507
1103,9,hazard_near_exit_small,0.8333,0,132.0,350,0.0,0.0,1.0,-953.34,0.6491
1104,9,hazard_near_exit_small,0.6667,0,93.5,350,0.0,0.0,1.0,-1121.19,0.6474
1105,9,hazard_near_exit_small,0.5,0,168.33,350,0.0,0.0,1.0,-1956.92,0.645
1106,9,hazard_near_exit_small,0.5,0,132.33,350,0.0,0.0,1.0,-1824.31,0.6427
1107,9,hazard_near_exit_small,0.6667,0,124.5,350,0.0,0.0,1.0,-1345.18,0.6408
1108,9,hazard_near_exit_small,0.6667,0,105.0,350,0.0,0.0,1.0,-1242.19,0.639
1109,9,hazard_near_exit_small,0.3333,0,197.0,350,0.1033,0.0534,1.045,-2436.12,0.6362
1110,9,hazard_near_exit_small,0.1667,0,226.0,350,0.0,0.0,1.0,-2722.67,0.6331
1111,9,hazard_near_exit_small,0.3333,0,109.0,350,0.0,0.0,1.0,-2126.56,0.6305
1112,9,hazard_near_exit_small,0.6667,0,136.25,350,0.0,0.0,1.0,-1416.08,0.6285
1113,9,hazard_near_exit_small,0.3333,0,133.5,350,0.13,0.0845,1.0497,-2220.82,0.6259
1114,9,hazard_near_exit_small,0.3333,0,140.5,350,0.0,0.0,1.0,-2206.7,0.6232
1115,9,hazard_near_exit_small,0.3333,0,196.0,350,0.0,0.0,1.0,-2384.17,0.6204
1116,9,hazard_near_exit_small,0.1667,0,79.0,350,0.1667,0.1389,1.05,-2635.58,0.6175
1117,9,hazard_near_exit_small,0.1667,0,109.0,350,0.0,0.0,1.0,-2555.37,0.6145
1118,9,hazard_near_exit_small,0.0,0,350,350,0.0,0.0,1.0,-3011.49,0.6112
1119,9,hazard_near_exit_small,0.1667,0,153.0,350,0.0,0.0,1.0,-2641.38,0.6082
1120,9,hazard_near_exit_small,0.5,0,216.0,350,0.0,0.0,1.0,-2147.91,0.6055
1121,9,hazard_near_exit_small,0.0,0,350,350,0.1667,0.1389,1.0458,-3007.55,0.6022
1122,9,hazard_near_exit_small,0.0,0,350,350,0.0,0.0,1.0,-3049.13,0.5989
1123,9,hazard_near_exit_small,0.1667,0,169.0,350,0.0767,0.0294,1.0101,-2720.37,0.5958
1124,9,hazard_near_exit_small,0.5,0,118.33,350,0.1667,0.1389,1.0479,-1792.03,0.5936
1125,9,hazard_near_exit_small,0.5,0,97.0,350,0.0,0.0,1.0,-1649.06,0.5915
1126,9,hazard_near_exit_small,0.3333,0,159.0,350,0.03,0.0045,1.0,-2324.28,0.5888
1127,9,hazard_near_exit_small,0.6667,0,170.25,350,0.0,0.0,1.0,-1579.8,0.5866
1128,9,hazard_near_exit_small,0.6667,0,102.0,350,0.0,0.0,1.0,-1196.16,0.5848
1129,9,hazard_near_exit_small,0.5,0,258.33,350,0.0967,0.0467,1.0378,-2360.63,0.5819
1130,9,hazard_near_exit_small,0.3333,0,165.5,350,0.0,0.0,1.0,-2326.88,0.5792
1131,9,hazard_near_exit_small,0.6667,0,94.25,350,0.0,0.0,1.0,-1146.91,0.5775
1132,9,hazard_near_exit_small,0.5,0,181.0,350,0.0,0.0,1.0,-1993.24,0.575
1133,9,hazard_near_exit_small,0.6667,0,114.5,350,0.0,0.0,1.0,-1262.59,0.5731
1134,9,hazard_near_exit_small,0.5,0,104.67,350,0.0,0.0,1.0,-1692.79,0.571
1135,9,hazard_near_exit_small,0.5,0,110.33,350,0.0,0.0,1.0,-1690.28,0.5688
1136,9,hazard_near_exit_small,0.8333,0,120.8,350,0.0,0.0,1.0,-876.99,0.5673
1137,9,hazard_near_exit_small,0.8333,0,128.8,350,0.0,0.0,1.0,-923.27,0.5657
1138,9,hazard_near_exit_small,0.8333,0,110.2,350,0.0,0.0,1.0,-820.25,0.5643
1139,9,hazard_near_exit_small,0.8333,0,112.0,350,0.0,0.0,1.0,-858.17,0.5628
1140,9,hazard_near_exit_small,1.0,1,130.5,292,0.0,0.0,1.0,-521.58,0.5616
1141,9,hazard_near_exit_small,1.0,1,142.83,331,0.0,0.0,1.0,-662.06,0.5602
1142,9,hazard_near_exit_small,0.8333,0,106.8,350,0.0,0.0,1.0,-762.3,0.5588
1143,9,hazard_near_exit_small,1.0,1,92.83,227,0.0,0.0,1.0,-243.83,0.5579
1144,9,hazard_near_exit_small,0.8333,0,105.2,350,0.0,0.0,1.0,-784.52,0.5566
1145,9,hazard_near_exit_small,1.0,1,105.5,229,0.0,0.0,1.0,-330.76,0.5556
1146,9,hazard_near_exit_small,0.8333,0,97.4,350,0.0,0.0,1.0,-725.46,0.5542
1147,9,hazard_near_exit_small,0.6667,0,92.0,350,0.0,0.0,1.0,-1165.34,0.5525
1148,9,hazard_near_exit_small,1.0,1,104.67,231,0.0,0.0,1.0,-314.45,0.5515
1149,9,hazard_near_exit_small,1.0,1,93.5,234,0.0,0.0,1.0,-241.43,0.5507
1150,9,hazard_near_exit_small,1.0,1,57.67,102,0.0,0.0,1.0,83.54,0.5501
1151,9,hazard_near_exit_small,0.8333,0,85.8,350,0.0,0.0,1.0,-642.81,0.5489
1152,9,hazard_near_exit_small,1.0,1,91.67,181,0.0,0.0,1.0,-191.9,0.548
1153,9,hazard_near_exit_small,1.0,1,54.67,101,0.0,0.0,1.0,121.63,0.5475
1154,9,hazard_near_exit_small,1.0,1,61.5,117,0.0,0.0,1.0,64.14,0.5469
1155,9,hazard_near_exit_small,1.0,1,70.33,133,0.0,0.0,1.0,-56.02,0.5462
1156,9,hazard_near_exit_small,0.8333,0,75.6,350,0.0,0.0,1.0,-599.13,0.5451
1157,10,school_floor,0.0,0,400,400,0.0,0.0,1.0,-5047.84,0.996
1158,10,school_floor,0.0,0,400,400,0.0,0.0,1.0,-4678.04,0.992
1159,10,school_floor,0.0,0,400,400,0.0,0.0,1.0,-5113.81,0.988
1160,10,school_floor,0.125,0,85.0,400,0.25,0.1875,1.075,-4570.6,0.9844
1161,10,school_floor,0.0,0,400,400,0.125,0.1094,1.0375,-4706.21,0.9804
1162,10,school_floor,0.0,0,400,400,0.0,0.0,1.0,-4635.85,0.9764
1163,10,school_floor,0.125,0,57.0,400,0.0,0.0,1.0,-4068.35,0.9729
1164,10,school_floor,0.125,0,30.0,400,0.125,0.1094,1.0375,-4036.7,0.9693
1165,10,school_floor,0.125,0,75.0,400,0.0,0.0,1.0,-4085.05,0.9658
1166,10,school_floor,0.125,0,31.0,400,0.0,0.0,1.0,-3977.79,0.9622
1167,10,school_floor,0.125,0,17.0,400,0.125,0.1094,1.0375,-4292.78,0.9587
1168,10,school_floor,0.125,0,60.0,400,0.125,0.1094,1.0375,-4449.5,0.9552
1169,10,school_floor,0.0,0,400,400,0.0,0.0,1.0,-4604.69,0.9512
1170,10,school_floor,0.0,0,400,400,0.0,0.0,1.0008,-5111.07,0.9472
1171,10,school_floor,0.0,0,400,400,0.0,0.0,1.0,-4594.56,0.9432
1172,10,school_floor,0.0,0,400,400,0.125,0.1094,1.0375,-5004.48,0.9392
1173,10,school_floor,0.0,0,400,400,0.125,0.1094,1.0375,-5114.46,0.9352
1174,10,school_floor,0.0,0,400,400,0.1175,0.0966,1.0375,-5031.63,0.9312
1175,10,school_floor,0.125,0,101.0,400,0.24,0.1732,1.075,-5110.46,0.9276
1176,10,school_floor,0.125,0,56.0,400,0.25,0.1875,1.075,-4442.18,0.924
1177,10,school_floor,0.125,0,50.0,400,0.0,0.0,1.0,-4109.67,0.9205
1178,10,school_floor,0.0,0,400,400,0.0,0.0,1.0,-4642.9,0.9165
1179,10,school_floor,0.0,0,400,400,0.125,0.1094,1.0359,-5105.87,0.9125
1180,10,school_floor,0.0,0,400,400,0.0,0.0,1.0,-4981.56,0.9085
1181,10,school_floor,0.125,0,105.0,400,0.0,0.0,1.0,-4084.81,0.9049
1182,10,school_floor,0.125,0,170.0,400,0.11,0.0847,1.0284,-4454.9,0.9012
1183,10,school_floor,0.125,0,161.0,400,0.125,0.1094,1.0375,-4418.82,0.8975
1184,10,school_floor,0.0,0,400,400,0.0,0.0,1.0003,-4787.2,0.8935
1185,10,school_floor,0.125,0,346.0,400,0.0,0.0,1.0,-4697.36,0.8896
1186,10,school_floor,0.0,0,400,400,0.0,0.0,1.0,-4621.9,0.8856
1187,10,school_floor,0.0,0,400,400,0.125,0.1094,1.0375,-4660.42,0.8816
1188,10,school_floor,0.0,0,400,400,0.0963,0.0629,1.0375,-4824.31,0.8776
1189,10,school_floor,0.125,0,28.0,400,0.125,0.1094,1.0375,-4224.22,0.8741
1190,10,school_floor,0.0,0,400,400,0.125,0.1094,1.0373,-4736.65,0.8701
1191,10,school_floor,0.0,0,400,400,0.15,0.0711,1.0405,-4670.76,0.8661
1192,10,school_floor,0.125,0,170.0,400,0.16,0.1092,1.0566,-4536.98,0.8624
1193,10,school_floor,0.0,0,400,400,0.0725,0.0368,1.0283,-4726.14,0.8584
1194,10,school_floor,0.125,0,392.0,400,0.125,0.1094,1.037,-4574.4,0.8544
1195,10,school_floor,0.125,0,179.0,400,0.17,0.1123,1.0571,-4272.47,0.8507
1196,10,school_floor,0.125,0,47.0,400,0.0,0.0,1.0,-3955.18,0.8471
1197,10,school_floor,0.0,0,400,400,0.125,0.1094,1.0374,-4569.94,0.8431
1198,10,school_floor,0.0,0,400,400,0.0,0.0,1.0,-4546.2,0.8391
1199,10,school_floor,0.125,0,96.0,400,0.0,0.0,1.0,-4036.49,0.8355
1200,10,school_floor,0.375,0,213.33,400,0.05,0.0175,1.0201,-3520.73,0.8322
1201,10,school_floor,0.125,0,164.0,400,0.115,0.0926,1.0375,-4381.72,0.8285
1202,10,school_floor,0.125,0,208.0,400,0.0,0.0,1.0,-4230.73,0.8248
1203,10,school_floor,0.125,0,80.0,400,0.0375,0.0098,1.0191,-4106.43,0.8212
1204,10,school_floor,0.25,0,70.0,400,0.125,0.1094,1.0375,-3557.91,0.818
1205,10,school_floor,0.125,0,303.0,400,0.0,0.0,1.0004,-4416.39,0.8142
1206,10,school_floor,0.0,0,400,400,0.0725,0.0368,1.0284,-4829.9,0.8102
1207,10,school_floor,0.125,0,363.0,400,0.0,0.0,1.0,-4656.61,0.8062
1208,10,school_floor,0.125,0,42.0,400,0.0,0.0,1.0,-3956.53,0.8027
1209,10,school_floor,0.125,0,14.0,400,0.0,0.0,1.0,-4131.73,0.7992
1210,10,school_floor,0.25,0,212.0,400,0.0,0.0,1.0,-3760.25,0.7956
1211,10,school_floor,0.125,0,192.0,400,0.0,0.0,1.0,-4253.39,0.7919
1212,10,school_floor,0.25,0,171.0,400,0.125,0.1094,1.0375,-4150.08,0.7885
1213,10,school_floor,0.375,0,162.0,400,0.0,0.0,1.0,-3266.56,0.7854
1214,10,school_floor,0.125,0,122.0,400,0.0325,0.0074,1.019,-4146.33,0.7817
1215,10,school_floor,0.0,0,400,400,0.0,0.0,1.0,-4673.16,0.7777
1216,10,school_floor,0.125,0,183.0,400,0.0,0.0,1.0001,-4073.23,0.774
1217,10,school_floor,0.125,0,121.0,400,0.0,0.0,1.0,-4336.67,0.7704
1218,10,school_floor,0.0,0,400,400,0.0225,0.0035,1.0057,-4595.87,0.7664
1219,10,school_floor,0.125,0,364.0,400,0.0,0.0,1.0,-4451.48,0.7624
1220,10,school_floor,0.125,0,249.0,400,0.115,0.0926,1.0375,-4370.53,0.7586
1221,10,school_floor,0.125,0,177.0,400,0.0,0.0,1.0,-4067.58,0.7549
1222,10,school_floor,0.375,0,137.0,400,0.0,0.0,1.0,-3117.54,0.7519
1223,10,school_floor,0.125,0,109.0,400,0.015,0.0016,1.0,-4119.57,0.7483
1224,10,school_floor,0.375,0,277.33,400,0.1125,0.0886,1.0362,-3707.18,0.7448
1225,10,school_floor,0.25,0,110.0,400,0.125,0.1094,1.0375,-3763.34,0.7415
1226,10,school_floor,0.125,0,217.0,400,0.0,0.0,1.0,-4247.84,0.7377
1227,10,school_floor,0.125,0,155.0,400,0.125,0.1094,1.0375,-4296.26,0.734
1228,10,school_floor,0.0,0,400,400,0.24,0.1732,1.0737,-5008.06,0.7301
1229,10,school_floor,0.125,0,73.0,400,0.01,0.0007,1.0026,-4049.95,0.7265
1230,10,school_floor,0.0,0,400,400,0.125,0.1094,1.0355,-4624.16,0.7225
1231,10,school_floor,0.125,0,226.0,400,0.1825,0.1181,1.0443,-4544.36,0.7187
1232,10,school_floor,0.25,0,155.0,400,0.25,0.1875,1.075,-3872.32,0.7153
1233,10,school_floor,0.125,0,64.0,400,0.25,0.1875,1.075,-4331.58,0.7118
1234,10,school_floor,0.25,0,302.0,400,0.22,0.1488,1.075,-4627.7,0.708
1235,10,school_floor,0.125,0,26.0,400,0.25,0.1875,1.0745,-4502.33,0.7045
1236,10,school_floor,0.125,0,267.0,400,0.3125,0.1686,1.0914,-4864.34,0.7007
1237,10,school_floor,0.25,0,207.0,400,0.25,0.1875,1.075,-4074.14,0.6971
1238,10,school_floor,0.25,0,69.0,400,0.125,0.1094,1.0351,-3574.58,0.694
1239,10,school_floor,0.125,0,104.0,400,0.33,0.1843,1.1125,-4537.01,0.6904
1240,10,school_floor,0.375,0,232.67,400,0.25,0.1875,1.0673,-3810.02,0.687
1241,10,school_floor,0.125,0,309.0,400,0.0675,0.0319,1.0213,-4600.82,0.6831
1242,10,school_floor,0.375,0,341.0,400,0.385,0.2276,1.1125,-4218.09,0.6793
1243,10,school_floor,0.375,0,185.67,400,0.0125,0.0011,1.0032,-3377.43,0.6762
1244,10,school_floor,0.25,0,119.0,400,0.1,0.07,1.0355,-3654.39,0.6729
1245,10,school_floor,0.375,0,253.0,400,0.0825,0.0476,1.0378,-3644.14,0.6694
1246,10,school_floor,0.375,0,297.67,400,0.0,0.0,1.0,-3854.46,0.6658
1247,10,school_floor,0.25,0,193.0,400,0.125,0.1094,1.0375,-3788.21,0.6623
1248,10,school_floor,0.25,0,201.0,400,0.125,0.1094,1.0375,-3851.07,0.6588
1249,10,school_floor,0.375,0,215.0,400,0.1275,0.1088,1.0387,-3532.04,0.6555
1250,10,school_floor,0.25,0,247.5,400,0.0,0.0,1.0,-4010.37,0.6519
1251,10,school_floor,0.375,0,121.67,400,0.1585,0.0816,1.0564,-3164.56,0.649
1252,10,school_floor,0.125,0,123.0,400,0.0,0.0,1.0001,-4019.21,0.6453
1253,10,school_floor,0.375,0,216.0,400,0.09,0.0292,1.0227,-3462.81,0.642
1254,10,school_floor,0.5,0,174.75,400,0.1139,0.0681,1.0376,-3152.72,0.6392
1255,10,school_floor,0.375,0,254.67,400,0.0,0.0,1.0007,-3823.02,0.6357
1256,10,school_floor,0.5,0,193.5,400,0.125,0.1094,1.0375,-3131.91,0.6328
1257,10,school_floor,0.5,0,131.75,400,0.115,0.0926,1.0374,-2534.77,0.6301
1258,10,school_floor,0.375,0,192.33,400,0.03,0.0063,1.0152,-3478.5,0.6269
1259,10,school_floor,0.625,0,192.0,400,0.0,0.0,1.0,-2447.21,0.6242
1260,10,school_floor,0.625,0,218.6,400,0.015,0.0016,1.004,-2885.75,0.6213
1261,10,school_floor,0.5,0,183.25,400,0.115,0.0926,1.0375,-2940.69,0.6184
1262,10,school_floor,0.375,0,191.33,400,0.125,0.1094,1.0375,-3328.26,0.6152
1263,10,school_floor,0.5,0,208.0,400,0.0625,0.0273,1.0227,-3007.61,0.6122
1264,10,school_floor,0.75,0,170.0,400,0.0775,0.042,1.0337,-1987.8,0.6099
1265,10,school_floor,0.375,0,265.67,400,0.0,0.0,1.0,-3501.82,0.6064
1266,10,school_floor,0.375,0,170.67,400,0.0,0.0,1.0,-3092.34,0.6033
1267,10,school_floor,0.5,0,254.75,400,0.0,0.0,1.0,-3023.75,0.6
1268,10,school_floor,0.75,0,252.67,400,0.0,0.0,1.0,-2445.76,0.5971
1269,10,school_floor,0.625,0,262.2,400,0.0,0.0,1.0,-2834.99,0.594
1270,10,school_floor,0.75,0,111.0,400,0.0,0.0,1.0,-1333.23,0.5922
1271,10,school_floor,0.5,0,139.0,400,0.0,0.0,1.0,-2619.79,0.5895
1272,10,school_floor,0.75,0,207.33,400,0.0,0.0,1.0,-2115.47,0.5869
1273,10,school_floor,0.875,0,210.0,400,0.0,0.0,1.0,-1697.41,0.5846
1274,10,school_floor,0.375,0,144.67,400,0.0,0.0,1.0,-2943.01,0.5816
1275,10,school_floor,0.5,0,196.25,400,0.0,0.0,1.0,-2782.53,0.5786
1276,10,school_floor,0.75,0,169.0,400,0.0,0.0,1.0,-1781.23,0.5763
1277,10,school_floor,0.5,0,136.25,400,0.0,0.0,1.0,-2433.11,0.5736
1278,10,school_floor,0.75,0,172.67,400,0.0,0.0,1.0,-1815.27,0.5714
1279,10,school_floor,0.5,0,134.5,400,0.0,0.0,1.0,-2492.11,0.5687
1280,10,school_floor,0.75,0,81.67,400,0.0,0.0,1.0,-1143.92,0.5671
1281,10,school_floor,0.75,0,149.67,400,0.0,0.0,1.0,-1709.86,0.565
1282,10,school_floor,0.875,0,207.57,400,0.0,0.0,1.0,-1583.76,0.5627
1283,10,school_floor,0.875,0,161.57,400,0.0,0.0,1.0,-1235.43,0.5607
1284,10,school_floor,0.875,0,198.0,400,0.0,0.0,1.0,-1566.57,0.5585
1285,10,school_floor,0.75,0,159.5,400,0.0,0.0,1.0,-1643.79,0.5563
1286,10,school_floor,0.75,0,156.5,400,0.105,0.0772,1.0375,-1679.24,0.5542
1287,10,school_floor,0.75,0,215.0,400,0.0,0.0,1.0,-2149.76,0.5515
1288,10,school_floor,0.625,0,206.2,400,0.0,0.0,1.0,-2415.04,0.5488
1289,10,school_floor,0.625,0,113.6,400,0.0,0.0,1.0,-1760.89,0.5466
1290,10,school_floor,1.0,1,215.75,379,0.0,0.0,1.0,-1404.16,0.5444
1291,10,school_floor,0.875,0,211.0,400,0.0,0.0,1.0,-1756.6,0.5421
1292,10,school_floor,0.875,0,204.43,400,0.0,0.0,1.0,-1529.07,0.5398
1293,10,school_floor,1.0,1,180.75,341,0.0,0.0,1.0,-932.98,0.538
1294,10,school_floor,0.875,0,191.86,400,0.0,0.0,1.0,-1515.84,0.5358
1295,10,school_floor,0.875,0,208.71,400,0.0,0.0,1.0,-1630.03,0.5335
1296,10,school_floor,1.0,1,205.5,395,0.0,0.0,1.0,-1210.18,0.5314
1297,10,school_floor,0.875,0,180.29,400,0.0,0.0,1.0,-1345.63,0.5294
1298,10,school_floor,0.875,0,179.71,400,0.0,0.0,1.0,-1323.67,0.5273
1299,10,school_floor,1.0,1,196.88,315,0.0,0.0,1.0,-1144.5,0.5253
1300,10,school_floor,0.875,0,153.29,400,0.0,0.0,1.0,-1159.91,0.5235
1301,10,school_floor,0.875,0,145.86,400,0.0,0.0,1.0,-1106.95,0.5217
1302,10,school_floor,0.75,0,185.33,400,0.0,0.0,1.0,-1795.55,0.5193
1303,10,school_floor,0.75,0,257.0,400,0.0,0.0,1.0,-2309.04,0.5164
1304,10,school_floor,0.625,0,171.8,400,0.0,0.0,1.0,-2114.36,0.5138
1305,10,school_floor,0.75,0,158.83,400,0.0,0.0,1.0,-1758.65,0.5117
1306,11,office_wing_medium,0.1,0,232.0,400,0.084,0.0321,1.0364,-6200.31,0.9962
1307,11,office_wing_medium,0.0,0,400,400,0.1,0.09,1.03,-5962.12,0.9922
1308,11,office_wing_medium,0.0,0,400,400,0.18,0.1316,1.0597,-6148.26,0.9882
1309,11,office_wing_medium,0.0,0,400,400,0.056,0.0282,1.0223,-5799.63,0.9842
1310,11,office_wing_medium,0.1,0,197.0,400,0.164,0.1141,1.06,-5869.89,0.9804
1311,11,office_wing_medium,0.1,0,72.0,400,0.08,0.0576,1.0186,-5705.48,0.9767
1312,11,office_wing_medium,0.0,0,400,400,0.1,0.09,1.03,-5758.75,0.9728
1313,11,office_wing_medium,0.0,0,400,400,0.2,0.16,1.06,-6415.1,0.9688
1314,11,office_wing_medium,0.0,0,400,400,0.1,0.09,1.03,-6317.19,0.9648
1315,11,office_wing_medium,0.1,0,86.0,400,0.2,0.16,1.06,-5383.35,0.9611
1316,11,office_wing_medium,0.2,0,241.0,400,0.1,0.09,1.03,-5839.86,0.9574
1317,11,office_wing_medium,0.0,0,400,400,0.2,0.16,1.06,-6262.66,0.9534
1318,11,office_wing_medium,0.0,0,400,400,0.112,0.0733,1.0397,-6392.45,0.9494
1319,11,office_wing_medium,0.2,0,170.0,400,0.1,0.09,1.03,-5167.03,0.9459
1320,11,office_wing_medium,0.1,0,365.0,400,0.054,0.0262,1.0199,-6204.72,0.942
1321,11,office_wing_medium,0.1,0,105.0,400,0.2,0.16,1.0601,-5559.54,0.9383
1322,11,office_wing_medium,0.1,0,357.0,400,0.1,0.09,1.03,-5773.22,0.9343
1323,11,office_wing_medium,0.0,0,400,400,0.0,0.0,1.0,-5739.77,0.9303
1324,11,office_wing_medium,0.1,0,147.0,400,0.1,0.09,1.0302,-5635.18,0.9266
1325,11,office_wing_medium,0.1,0,43.0,400,0.132,0.0928,1.0452,-5697.82,0.9229
1326,11,office_wing_medium,0.1,0,239.0,400,0.1,0.09,1.03,-5995.4,0.9191
1327,11,office_wing_medium,0.0,0,400,400,0.1,0.09,1.03,-6163.14,0.9151
1328,11,office_wing_medium,0.0,0,400,400,0.1,0.09,1.03,-5954.88,0.9111
1329,11,office_wing_medium,0.1,0,48.0,400,0.0,0.0,1.0,-5280.14,0.9075
1330,11,office_wing_medium,0.1,0,210.0,400,0.03,0.0081,1.0,-5464.22,0.9037
1331,11,office_wing_medium,0.1,0,88.0,400,0.0,0.0,1.0,-5068.98,0.9
1332,11,office_wing_medium,0.0,0,400,400,0.1,0.09,1.03,-5938.95,0.896
1333,11,office_wing_medium,0.0,0,400,400,0.1,0.09,1.0291,-6002.92,0.892
1334,11,office_wing_medium,0.1,0,51.0,400,0.0,0.0,1.0001,-5075.25,0.8884
1335,11,office_wing_medium,0.0,0,400,400,0.1,0.09,1.03,-5888.5,0.8844
1336,11,office_wing_medium,0.1,0,82.0,400,0.1,0.09,1.03,-5078.99,0.8807
1337,11,office_wing_medium,0.1,0,57.0,400,0.1,0.09,1.03,-5304.81,0.8771
1338,11,office_wing_medium,0.0,0,400,400,0.078,0.0244,1.0249,-6019.99,0.8731
1339,11,office_wing_medium,0.1,0,174.0,400,0.098,0.0864,1.03,-5203.74,0.8693
1340,11,office_wing_medium,0.0,0,400,400,0.1,0.09,1.03,-5723.28,0.8653
1341,11,office_wing_medium,0.0,0,400,400,0.1,0.09,1.03,-5964.16,0.8613
1342,11,office_wing_medium,0.1,0,209.0,400,0.124,0.0904,1.0422,-5760.81,0.8575
1343,11,office_wing_medium,0.0,0,400,400,0.086,0.033,1.0365,-5681.62,0.8535
1344,11,office_wing_medium,0.1,0,60.0,400,0.2,0.16,1.058,-5660.12,0.8499
1345,11,office_wing_medium,0.1,0,193.0,400,0.1,0.09,1.03,-5273.39,0.8461
1346,11,office_wing_medium,0.2,0,170.0,400,0.002,0.0,1.0,-4777.48,0.8426
1347,11,office_wing_medium,0.2,0,260.0,400,0.0,0.0,1.0,-5139.21,0.8388
1348,11,office_wing_medium,0.0,0,400,400,0.098,0.0864,1.0305,-5737.52,0.8349
1349,11,office_wing_medium,0.0,0,400,400,0.0,0.0,1.0,-5779.48,0.8309
1350,11,office_wing_medium,0.0,0,400,400,0.168,0.118,1.0594,-6140.29,0.8269
1351,11,office_wing_medium,0.2,0,203.5,400,0.0,0.0,1.0,-4918.44,0.8233
1352,11,office_wing_medium,0.2,0,106.5,400,0.1,0.09,1.03,-4715.11,0.8199
1353,11,office_wing_medium,0.3,0,209.33,400,0.064,0.0369,1.03,-4592.7,0.8164
1354,11,office_wing_medium,0.1,0,283.0,400,0.106,0.0891,1.0316,-5495.68,0.8126
1355,11,office_wing_medium,0.2,0,230.5,400,0.148,0.1011,1.045,-4993.27,0.8089
1356,11,office_wing_medium,0.2,0,119.5,400,0.0,0.0,1.0,-4687.09,0.8055
1357,11,office_wing_medium,0.3,0,207.0,400,0.1,0.09,1.03,-4452.24,0.8021
1358,11,office_wing_medium,0.3,0,185.67,400,0.1,0.09,1.0292,-4438.91,0.7987
1359,11,office_wing_medium,0.2,0,149.5,400,0.0,0.0,1.0,-4671.08,0.7952
1360,11,office_wing_medium,0.2,0,255.0,400,0.1,0.09,1.03,-5374.12,0.7915
1361,11,office_wing_medium,0.4,0,280.25,400,0.0048,0.0002,1.0013,-4737.99,0.788
1362,11,office_wing_medium,0.4,0,226.5,400,0.1,0.09,1.03,-4009.28,0.7847
1363,11,office_wing_medium,0.1,0,244.0,400,0.2,0.16,1.0586,-5458.46,0.7809
1364,11,office_wing_medium,0.2,0,164.0,400,0.1,0.09,1.03,-4889.58,0.7774
1365,11,office_wing_medium,0.3,0,162.0,400,0.0,0.0,1.0,-4280.7,0.7741
1366,11,office_wing_medium,0.1,0,378.0,400,0.186,0.1394,1.06,-5761.18,0.7701
1367,11,office_wing_medium,0.1,0,369.0,400,0.2,0.16,1.06,-5471.72,0.7661
1368,11,office_wing_medium,0.3,0,238.67,400,0.2,0.16,1.058,-5058.64,0.7626
1369,11,office_wing_medium,0.3,0,205.67,400,0.288,0.1938,1.09,-4909.15,0.7592
1370,11,office_wing_medium,0.4,0,173.0,400,0.102,0.0896,1.031,-4226.26,0.7561
1371,11,office_wing_medium,0.3,0,238.0,400,0.218,0.1557,1.0631,-4797.54,0.7526
1372,11,office_wing_medium,0.4,0,227.5,400,0.1,0.09,1.03,-4143.01,0.7493
1373,11,office_wing_medium,0.4,0,153.75,400,0.2,0.16,1.0592,-3966.12,0.7463
1374,11,office_wing_medium,0.2,0,99.5,400,0.178,0.1292,1.0599,-4609.63,0.7429
1375,11,office_wing_medium,0.2,0,206.5,400,0.092,0.0659,1.0301,-4889.05,0.7393
1376,11,office_wing_medium,0.3,0,218.0,400,0.26,0.1624,1.0833,-4631.98,0.7359
1377,11,office_wing_medium,0.2,0,306.0,400,0.278,0.1813,1.0899,-5299.16,0.7321
1378,11,office_wing_medium,0.2,0,188.5,400,0.2465,0.15,1.0826,-4810.27,0.7285
1379,11,office_wing_medium,0.5,0,223.2,400,0.2,0.16,1.06,-3816.32,0.7254
1380,11,office_wing_medium,0.3,0,252.67,400,0.2,0.16,1.0581,-4678.08,0.7218
1381,11,office_wing_medium,0.4,0,178.5,400,0.1217,0.061,1.047,-3784.36,0.7187
1382,11,office_wing_medium,0.1,0,390.0,400,0.192,0.1286,1.0488,-5643.0,0.7148
1383,11,office_wing_medium,0.3,0,179.33,400,0.232,0.1346,1.0636,-4477.09,0.7114
1384,11,office_wing_medium,0.4,0,249.25,400,0.1,0.09,1.025,-4088.06,0.708
1385,11,office_wing_medium,0.2,0,62.5,400,0.298,0.2072,1.09,-4632.92,0.7047
1386,11,office_wing_medium,0.3,0,194.67,400,0.266,0.1728,1.0842,-4445.54,0.7013
1387,11,office_wing_medium,0.2,0,206.5,400,0.298,0.2072,1.0895,-4982.66,0.6977
1388,11,office_wing_medium,0.4,0,161.5,400,0.188,0.1114,1.0689,-3878.93,0.6947
1389,11,office_wing_medium,0.3,0,296.33,400,0.3,0.21,1.0899,-5292.57,0.691
1390,11,office_wing_medium,0.4,0,191.25,400,0.102,0.0896,1.0271,-3850.52,0.6879
1391,11,office_wing_medium,0.3,0,121.33,400,0.36,0.1987,1.12,-4478.78,0.6847
1392,11,office_wing_medium,0.4,0,241.25,400,0.3,0.21,1.0908,-4736.75,0.6813
1393,11,office_wing_medium,0.4,0,221.75,400,0.178,0.1292,1.0479,-4338.78,0.6781
1394,11,office_wing_medium,0.6,0,214.17,400,0.104,0.0893,1.0313,-3445.04,0.6752
1395,11,office_wing_medium,0.4,0,228.0,400,0.1,0.09,1.03,-4284.56,0.6719
1396,11,office_wing_medium,0.4,0,233.0,400,0.174,0.1245,1.0511,-4416.33,0.6686
1397,11,office_wing_medium,0.7,0,224.43,400,0.098,0.0418,1.0427,-3108.89,0.6658
1398,11,office_wing_medium,0.4,0,217.5,400,0.032,0.0092,1.0154,-4034.06,0.6625
1399,11,office_wing_medium,0.5,0,216.6,400,0.018,0.0029,1.0062,-3629.83,0.6594
1400,11,office_wing_medium,0.6,0,222.17,400,0.008,0.0006,1.0022,-3242.55,0.6565
1401,11,office_wing_medium,0.5,0,194.4,400,0.096,0.0829,1.0238,-3484.61,0.6536
1402,11,office_wing_medium,0.5,0,232.6,400,0.012,0.0013,1.0,-3737.73,0.6504
1403,11,office_wing_medium,0.4,0,206.5,400,0.0,0.0,1.0,-3832.02,0.6472
1404,11,office_wing_medium,0.6,0,225.67,400,0.135,0.0623,1.0538,-3313.81,0.6442
1405,11,office_wing_medium,0.6,0,250.17,400,0.104,0.0265,1.0474,-3634.06,0.6411
1406,11,office_wing_medium,0.6,0,224.17,400,0.124,0.0412,1.0409,-3459.24,0.6382
1407,11,office_wing_medium,0.6,0,243.5,400,0.14,0.0964,1.046,-3527.21,0.6351
1408,11,office_wing_medium,0.7,0,230.71,400,0.0341,0.0105,1.0164,-3047.69,0.6323
1409,11,office_wing_medium,0.7,0,219.29,400,0.002,0.0,1.0011,-3014.09,0.6296
1410,11,office_wing_medium,0.7,0,277.71,400,0.076,0.0238,1.032,-3574.67,0.6265
1411,11,office_wing_medium,0.6,0,232.33,400,0.1,0.09,1.03,-3349.42,0.6235
1412,11,office_wing_medium,0.5,0,281.0,400,0.0274,0.0068,1.0153,-4178.57,0.6201
1413,11,office_wing_medium,0.7,0,213.86,400,0.0027,0.0001,1.001,-2876.22,0.6174
1414,11,office_wing_medium,0.4,0,171.25,400,0.064,0.0299,1.0243,-3755.89,0.6143
1415,11,office_wing_medium,0.6,0,159.33,400,0.0435,0.0089,1.0154,-2905.48,0.6118
1416,11,office_wing_medium,0.7,0,176.14,400,0.06,0.0324,1.0102,-2391.46,0.6093
1417,11,office_wing_medium,0.6,0,139.17,400,0.048,0.0207,1.0194,-2633.82,0.6069
1418,11,office_wing_medium,0.8,0,165.88,400,0.056,0.0138,1.0236,-1994.89,0.6048
1419,11,office_wing_medium,0.6,0,187.5,400,0.1085,0.0577,1.0414,-2999.55,0.6021
1420,11,office_wing_medium,0.8,0,183.88,400,0.13,0.0414,1.0519,-2054.91,0.5998
1421,11,office_wing_medium,0.8,0,210.75,400,0.036,0.0081,1.0168,-2540.22,0.5973
1422,11,office_wing_medium,0.6,0,175.0,400,0.1265,0.0629,1.0494,-2795.67,0.5947
1423,11,office_wing_medium,0.6,0,163.0,400,0.032,0.0092,1.0159,-2855.67,0.5921
1424,11,office_wing_medium,0.7,0,155.29,400,0.018,0.0015,1.0053,-2402.78,0.5898
1425,11,office_wing_medium,0.8,0,231.25,400,0.1902,0.1046,1.0695,-2558.19,0.5872
1426,11,office_wing_medium,0.6,0,234.0,400,0.042,0.0072,1.0184,-3421.99,0.5842
1427,11,office_wing_medium,0.8,0,217.5,400,0.1201,0.0375,1.0494,-2506.61,0.5816
1428,11,office_wing_medium,0.6,0,240.83,400,0.1122,0.0523,1.0313,-3305.68,0.5786
1429,11,office_wing_medium,0.8,0,200.25,400,0.0302,0.0046,1.0118,-2367.36,0.5762
1430,11,office_wing_medium,0.5,0,154.2,400,0.1691,0.0942,1.061,-3294.19,0.5734
1431,11,office_wing_medium,0.7,0,205.71,400,0.0217,0.0019,1.0059,-2810.64,0.5708
1432,11,office_wing_medium,0.6,0,194.0,400,0.038,0.006,1.0154,-3038.37,0.568
1433,11,office_wing_medium,0.8,0,241.62,400,0.0933,0.0354,1.0359,-2801.19,0.5653
1434,11,office_wing_medium,0.7,0,215.86,400,0.0401,0.0145,1.016,-2802.6,0.5626
1435,11,office_wing_medium,0.6,0,157.17,400,0.026,0.0061,1.0152,-2760.39,0.5601
1436,11,office_wing_medium,0.7,0,235.14,400,0.1,0.0311,1.0411,-3063.59,0.5572
1437,11,office_wing_medium,0.5,0,182.0,400,0.062,0.0346,1.027,-3332.59,0.5543
1438,11,office_wing_medium,0.5,0,247.4,400,0.1922,0.148,1.0599,-3832.96,0.5511
1439,11,office_wing_medium,0.7,0,217.29,400,0.11,0.0889,1.0327,-3106.03,0.5484
1440,11,office_wing_medium,0.9,0,180.44,400,0.2506,0.0525,1.1001,-1746.09,0.5464
1441,11,office_wing_medium,0.6,0,182.83,400,0.0637,0.0365,1.03,-2893.67,0.5437
1442,11,office_wing_medium,0.7,0,184.14,400,0.1189,0.0752,1.0452,-2498.46,0.5412
1443,11,office_wing_medium,0.7,0,160.0,400,0.112,0.0311,1.0484,-2354.1,0.5389
1444,11,office_wing_medium,0.6,0,192.0,400,0.1863,0.0369,1.0607,-3259.46,0.5361
1445,11,office_wing_medium,0.8,0,252.38,400,0.2803,0.1078,1.1065,-2742.92,0.5333
1446,11,office_wing_medium,0.9,0,225.78,400,0.2292,0.1207,1.0803,-2110.61,0.5309
1447,11,office_wing_medium,0.7,0,214.71,400,0.122,0.04,1.0537,-2787.48,0.5282
1448,11,office_wing_medium,0.9,0,203.11,400,0.086,0.0298,1.033,-1969.12,0.526
1449,11,office_wing_medium,0.9,0,193.0,400,0.142,0.0975,1.0463,-1871.39,0.5238
1450,11,office_wing_medium,1.0,1,181.6,384,0.1579,0.0637,1.0723,-1299.0,0.522
1451,11,office_wing_medium,0.9,0,190.33,400,0.1989,0.0517,1.068,-1940.6,0.5199
1452,11,office_wing_medium,0.8,0,203.25,400,0.222,0.0761,1.0905,-2258.61,0.5175
1453,11,office_wing_medium,0.9,0,174.22,400,0.151,0.0367,1.0643,-1643.54,0.5155
1454,11,office_wing_medium,0.8,0,185.12,400,0.1313,0.0426,1.0518,-2002.47,0.5133
1455,11,office_wing_medium,0.9,0,187.33,400,0.082,0.0605,1.0297,-1574.94,0.5112
1456,11,office_wing_medium,0.9,0,191.89,400,0.1157,0.0322,1.0483,-1810.49,0.5091
1457,11,office_wing_medium,0.9,0,170.11,400,0.2298,0.0746,1.077,-1496.66,0.5071
1458,11,office_wing_medium,0.8,0,188.62,400,0.032,0.0092,1.0154,-2088.16,0.5048
1459,11,office_wing_medium,0.8,0,164.5,400,0.1379,0.0362,1.05,-1892.32,0.5027
1460,11,office_wing_medium,0.9,0,205.78,400,0.0528,0.0187,1.017,-1801.59,0.5005
1461,11,office_wing_medium,0.9,0,215.78,400,0.038,0.013,1.0158,-1908.33,0.4981
1462,11,office_wing_medium,0.9,0,190.33,400,0.034,0.0104,1.0155,-1685.18,0.496
1463,11,office_wing_medium,1.0,1,172.1,333,0.1444,0.0494,1.0549,-1151.26,0.4943
1464,11,office_wing_medium,1.0,1,172.9,323,0.1391,0.0458,1.0525,-1012.84,0.4926
1465,12,hazard_near_exit_medium,0.2,0,122.5,420,0.0,0.0,1.0,-5028.8,0.9966
1466,12,hazard_near_exit_medium,0.2,0,224.0,420,0.0,0.0,1.0,-5365.66,0.993
1467,12,hazard_near_exit_medium,0.1,0,83.0,420,0.0,0.0,1.0,-5538.53,0.9893
1468,12,hazard_near_exit_medium,0.1,0,14.0,420,0.0,0.0,1.0,-5413.61,0.9857
1469,12,hazard_near_exit_medium,0.2,0,117.0,420,0.0,0.0,1.0,-5027.95,0.9823
1470,12,hazard_near_exit_medium,0.1,0,288.0,420,0.0,0.0,1.0,-5724.6,0.9784
1471,12,hazard_near_exit_medium,0.2,0,118.5,420,0.0,0.0,1.0,-5007.04,0.975
1472,12,hazard_near_exit_medium,0.1,0,54.0,420,0.0,0.0,1.0,-5504.1,0.9713
1473,12,hazard_near_exit_medium,0.1,0,103.0,420,0.0,0.0,1.0,-5570.94,0.9676
1474,12,hazard_near_exit_medium,0.2,0,66.5,420,0.0,0.0,1.0,-4839.43,0.9643
1475,12,hazard_near_exit_medium,0.2,0,16.0,420,0.0,0.0,1.0,-4751.34,0.9611
1476,12,hazard_near_exit_medium,0.1,0,112.0,420,0.0,0.0,1.0,-5587.5,0.9574
1477,12,hazard_near_exit_medium,0.2,0,35.0,420,0.0,0.0,1.0,-4794.23,0.9541
1478,12,hazard_near_exit_medium,0.1,0,63.0,420,0.0,0.0,1.0,-5520.33,0.9505
1479,12,hazard_near_exit_medium,0.2,0,21.5,420,0.1,0.09,1.0298,-4786.82,0.9473
1480,12,hazard_near_exit_medium,0.2,0,50.5,420,0.0,0.0,1.0,-4863.17,0.944
1481,12,hazard_near_exit_medium,0.2,0,48.5,420,0.0,0.0,1.0,-4903.61,0.9407
1482,12,hazard_near_exit_medium,0.1,0,42.0,420,0.1,0.09,1.03,-5510.92,0.9371
1483,12,hazard_near_exit_medium,0.2,0,107.0,420,0.0,0.0,1.0,-4955.43,0.9337
1484,12,hazard_near_exit_medium,0.1,0,48.0,420,0.0,0.0,1.0,-5433.8,0.93
1485,12,hazard_near_exit_medium,0.2,0,47.5,420,0.0,0.0,1.0,-4850.99,0.9267
1486,12,hazard_near_exit_medium,0.2,0,69.0,420,0.1,0.09,1.0292,-4879.86,0.9234
1487,12,hazard_near_exit_medium,0.2,0,65.0,420,0.1,0.09,1.03,-4925.86,0.9201
1488,12,hazard_near_exit_medium,0.1,0,102.0,420,0.0,0.0,1.0,-5464.54,0.9164
1489,12,hazard_near_exit_medium,0.2,0,168.5,420,0.04,0.0144,1.016,-5185.92,0.9129
1490,12,hazard_near_exit_medium,0.0,0,420,420,0.1,0.09,1.028,-6052.37,0.9089
1491,12,hazard_near_exit_medium,0.3,0,160.33,420,0.0,0.0,1.0,-4665.97,0.9056
1492,12,hazard_near_exit_medium,0.1,0,53.0,420,0.0,0.0,1.0002,-5497.89,0.902
1493,12,hazard_near_exit_medium,0.2,0,104.5,420,0.1,0.09,1.03,-5109.52,0.8986
1494,12,hazard_near_exit_medium,0.2,0,158.0,420,0.0,0.0,1.0,-5113.8,0.8951
1495,12,hazard_near_exit_medium,0.3,0,184.0,420,0.116,0.0769,1.03,-4796.54,0.8918
1496,12,hazard_near_exit_medium,0.2,0,209.0,420,0.0,0.0,1.0,-5318.46,0.8882
1497,12,hazard_near_exit_medium,0.3,0,122.0,420,0.1,0.09,1.03,-4590.33,0.8851
1498,12,hazard_near_exit_medium,0.2,0,17.5,420,0.0,0.0,1.0,-4683.65,0.8818
1499,12,hazard_near_exit_medium,0.1,0,92.0,420,0.0,0.0,1.0,-5415.99,0.8782
1500,12,hazard_near_exit_medium,0.2,0,47.5,420,0.2,0.16,1.0599,-4870.6,0.8749
1501,12,hazard_near_exit_medium,0.3,0,129.67,420,0.0,0.0,1.0,-4407.96,0.8717
1502,12,hazard_near_exit_medium,0.3,0,81.67,420,0.0,0.0,1.0,-4374.81,0.8687
1503,12,hazard_near_exit_medium,0.3,0,123.67,420,0.1,0.09,1.03,-4423.47,0.8655
1504,12,hazard_near_exit_medium,0.2,0,99.0,420,0.1,0.09,1.03,-4962.41,0.8622
1505,12,hazard_near_exit_medium,0.4,0,199.5,420,0.1,0.09,1.0299,-4374.89,0.859
1506,12,hazard_near_exit_medium,0.3,0,134.0,420,0.1,0.09,1.03,-4576.99,0.8558
1507,12,hazard_near_exit_medium,0.4,0,106.75,420,0.0,0.0,1.0,-3750.88,0.853
1508,12,hazard_near_exit_medium,0.3,0,228.33,420,0.0,0.0,1.0,-4853.74,0.8496
1509,12,hazard_near_exit_medium,0.2,0,264.0,420,0.0,0.0,1.0,-5364.39,0.8459
1510,12,hazard_near_exit_medium,0.4,0,132.5,420,0.0,0.0,1.0,-3924.22,0.843
1511,12,hazard_near_exit_medium,0.3,0,163.67,420,0.0,0.0,1.0,-4522.02,0.8397
1512,12,hazard_near_exit_medium,0.4,0,144.0,420,0.0,0.0,1.0,-3988.67,0.8368
1513,12,hazard_near_exit_medium,0.4,0,76.5,420,0.0,0.0,1.0,-3626.62,0.8341
1514,12,hazard_near_exit_medium,0.2,0,206.5,420,0.1,0.09,1.0299,-5189.24,0.8305
1515,12,hazard_near_exit_medium,0.4,0,167.25,420,0.1,0.09,1.0299,-4035.12,0.8275
1516,12,hazard_near_exit_medium,0.3,0,88.33,420,0.0,0.0,1.0,-4164.95,0.8244
1517,12,hazard_near_exit_medium,0.3,0,179.33,420,0.0,0.0,1.0,-4571.68,0.8211
1518,12,hazard_near_exit_medium,0.5,0,198.8,420,0.0,0.0,1.0,-3800.07,0.8182
1519,12,hazard_near_exit_medium,0.4,0,138.5,420,0.0,0.0,1.0,-3923.01,0.8153
1520,12,hazard_near_exit_medium,0.4,0,97.5,420,0.0,0.0,1.0,-3711.35,0.8125
1521,12,hazard_near_exit_medium,0.3,0,65.33,420,0.0,0.0,1.0,-4071.75,0.8095
1522,12,hazard_near_exit_medium,0.4,0,129.25,420,0.0,0.0,1.0,-3811.8,0.8066
1523,12,hazard_near_exit_medium,0.3,0,167.67,420,0.0,0.0,1.0,-4546.3,0.8034
1524,12,hazard_near_exit_medium,0.3,0,129.33,420,0.0,0.0,1.0,-4322.74,0.8002
1525,12,hazard_near_exit_medium,0.4,0,122.0,420,0.0,0.0,1.0,-3690.86,0.7973
1526,12,hazard_near_exit_medium,0.5,0,129.8,420,0.0,0.0,1.0,-3239.57,0.7947
1527,12,hazard_near_exit_medium,0.5,0,125.4,420,0.06,0.0324,1.0246,-3361.05,0.7921
1528,12,hazard_near_exit_medium,0.5,0,183.8,420,0.092,0.0762,1.03,-3743.31,0.7893
1529,12,hazard_near_exit_medium,0.5,0,179.2,420,0.0,0.0,1.0,-3489.47,0.7864
1530,12,hazard_near_exit_medium,0.5,0,155.6,420,0.0,0.0,1.0,-3429.89,0.7837
1531,12,hazard_near_exit_medium,0.3,0,73.0,420,0.0,0.0,1.0004,-4190.44,0.7807
1532,12,hazard_near_exit_medium,0.4,0,162.5,420,0.0,0.0,1.0,-3960.63,0.7777
1533,12,hazard_near_exit_medium,0.4,0,170.5,420,0.0,0.0,1.0,-3958.75,0.7746
1534,12,hazard_near_exit_medium,0.5,0,129.8,420,0.1,0.09,1.0292,-3319.19,0.772
1535,12,hazard_near_exit_medium,0.4,0,203.0,420,0.0,0.0,1.0,-4129.56,0.7688
1536,12,hazard_near_exit_medium,0.2,0,84.0,420,0.0,0.0,1.0,-4657.5,0.7655
1537,12,hazard_near_exit_medium,0.4,0,127.0,420,0.0,0.0,1.0,-3779.1,0.7626
1538,12,hazard_near_exit_medium,0.5,0,152.4,420,0.0,0.0,1.0,-3427.02,0.7599
1539,12,hazard_near_exit_medium,0.2,0,124.0,420,0.0,0.0,1.0,-4721.36,0.7565
1540,12,hazard_near_exit_medium,0.4,0,124.25,420,0.0,0.0,1.0,-3711.33,0.7536
1541,12,hazard_near_exit_medium,0.6,0,173.5,420,0.0,0.0,1.0,-3071.78,0.751
1542,12,hazard_near_exit_medium,0.3,0,206.33,420,0.098,0.0864,1.0275,-4576.81,0.7476
1543,12,hazard_near_exit_medium,0.5,0,173.2,420,0.0,0.0,1.0,-3617.68,0.7448
1544,12,hazard_near_exit_medium,0.6,0,140.5,420,0.0,0.0,1.0,-2764.88,0.7424
1545,12,hazard_near_exit_medium,0.5,0,158.4,420,0.0,0.0,1.0,-3496.07,0.7397
1546,12,hazard_near_exit_medium,0.5,0,251.8,420,0.0,0.0,1.0,-3935.89,0.7365
1547,12,hazard_near_exit_medium,0.7,0,204.14,420,0.0,0.0,1.0,-2853.62,0.7339
1548,12,hazard_near_exit_medium,0.6,0,194.17,420,0.0,0.0,1.0,-3176.24,0.7312
1549,12,hazard_near_exit_medium,0.6,0,224.5,420,0.0,0.0,1.0,-3453.41,0.7283
1550,12,hazard_near_exit_medium,0.7,0,157.57,420,0.0,0.0,1.0,-2493.44,0.7261
1551,12,hazard_near_exit_medium,0.6,0,146.0,420,0.0,0.0,1.0,-2870.2,0.7237
1552,12,hazard_near_exit_medium,0.5,0,102.6,420,0.0,0.0,1.0,-3059.29,0.7212
1553,12,hazard_near_exit_medium,0.7,0,214.14,420,0.0,0.0,1.0,-2936.35,0.7186
1554,12,hazard_near_exit_medium,0.6,0,174.83,420,0.0,0.0,1.0,-3008.7,0.716
1555,12,hazard_near_exit_medium,0.5,0,153.2,420,0.0,0.0,1.0,-3273.47,0.7132
1556,12,hazard_near_exit_medium,0.5,0,186.2,420,0.0,0.0,1.0,-3606.12,0.7104
1557,12,hazard_near_exit_medium,0.6,0,161.5,420,0.0,0.0,1.0,-2952.51,0.7078
1558,12,hazard_near_exit_medium,0.7,0,188.57,420,0.0,0.0,1.0,-2799.72,0.7054
1559,12,hazard_near_exit_medium,0.6,0,177.83,420,0.0,0.0,1.0,-3044.04,0.7028
1560,12,hazard_near_exit_medium,0.6,0,137.17,420,0.0,0.0,1.0,-2852.83,0.7004
1561,12,hazard_near_exit_medium,0.6,0,175.5,420,0.0,0.0,1.0,-2965.18,0.6978
1562,12,hazard_near_exit_medium,0.6,0,200.5,420,0.0,0.0,1.0,-3261.81,0.6951
1563,12,hazard_near_exit_medium,0.6,0,179.33,420,0.0,0.0,1.0,-3082.39,0.6924
1564,12,hazard_near_exit_medium,0.6,0,158.83,420,0.0,0.0,1.0,-2966.25,0.6899
1565,12,hazard_near_exit_medium,0.7,0,198.71,420,0.0,0.0,1.0,-2917.39,0.6874
1566,12,hazard_near_exit_medium,0.6,0,196.0,420,0.0,0.0,1.0,-3245.86,0.6847
1567,12,hazard_near_exit_medium,0.7,0,166.0,420,0.0,0.0,1.0,-2605.63,0.6824
1568,12,hazard_near_exit_medium,0.5,0,209.6,420,0.0,0.0,1.0,-3751.58,0.6794
1569,12,hazard_near_exit_medium,0.7,0,166.71,420,0.0,0.0,1.0,-2460.11,0.6771
1570,12,hazard_near_exit_medium,0.7,0,161.14,420,0.0,0.0,1.0,-2448.7,0.6748
1571,12,hazard_near_exit_medium,0.8,0,249.12,420,0.0,0.0,1.0,-2795.58,0.6721
1572,12,hazard_near_exit_medium,0.6,0,161.83,420,0.0,0.0,1.0,-2781.74,0.6696
1573,12,hazard_near_exit_medium,0.7,0,198.43,420,0.0,0.0,1.0,-2772.52,0.6671
1574,12,hazard_near_exit_medium,0.7,0,188.43,420,0.0,0.0,1.0,-2679.07,0.6647
1575,12,hazard_near_exit_medium,0.8,0,179.88,420,0.0,0.0,1.0,-2096.85,0.6625
1576,12,hazard_near_exit_medium,0.8,0,185.12,420,0.0,0.0,1.0,-2197.42,0.6603
1577,12,hazard_near_exit_medium,0.8,0,177.0,420,0.0,0.0,1.0,-2102.47,0.6581
1578,12,hazard_near_exit_medium,0.8,0,222.25,420,0.0,0.0,1.0,-2485.07,0.6557
1579,12,hazard_near_exit_medium,0.8,0,180.62,420,0.0,0.0,1.0,-2190.91,0.6535
1580,12,hazard_near_exit_medium,0.7,0,214.29,420,0.0,0.0,1.0,-2793.33,0.6509
1581,12,hazard_near_exit_medium,0.8,0,166.38,420,0.0,0.0,1.0,-1943.29,0.6488
1582,12,hazard_near_exit_medium,0.8,0,224.88,420,0.0,0.0,1.0,-2446.58,0.6463
1583,12,hazard_near_exit_medium,0.9,0,239.22,420,0.0,0.0,1.0,-2296.88,0.6438
1584,12,hazard_near_exit_medium,0.9,0,168.56,420,0.0,0.0,1.0,-1502.61,0.642
1585,12,hazard_near_exit_medium,0.8,0,149.62,420,0.0,0.0,1.0,-1766.4,0.6401
1586,12,hazard_near_exit_medium,0.8,0,184.25,420,0.0,0.0,1.0,-2152.71,0.6379
1587,12,hazard_near_exit_medium,0.8,0,170.62,420,0.0,0.0,1.0,-1991.61,0.6358
1588,12,hazard_near_exit_medium,0.8,0,207.5,420,0.0,0.0,1.0,-2278.98,0.6334
1589,12,hazard_near_exit_medium,0.7,0,202.14,420,0.0,0.0,1.0,-2643.1,0.6309
1590,12,hazard_near_exit_medium,0.9,0,200.78,420,0.0,0.0,1.0,-1858.01,0.6287
1591,12,hazard_near_exit_medium,0.9,0,218.0,420,0.0,0.0,1.0,-2104.37,0.6265
1592,12,hazard_near_exit_medium,0.9,0,181.78,420,0.0,0.0,1.0,-1586.63,0.6245
1593,12,hazard_near_exit_medium,0.8,0,186.88,420,0.0,0.0,1.0,-2180.27,0.6223
1594,12,hazard_near_exit_medium,0.8,0,211.38,420,0.0,0.0,1.0,-2323.86,0.6199
1595,12,hazard_near_exit_medium,0.9,0,228.22,420,0.0,0.0,1.0,-2122.01,0.6175
1596,12,hazard_near_exit_medium,0.8,0,137.75,420,0.0,0.0,1.0,-1679.76,0.6157
1597,12,hazard_near_exit_medium,0.9,0,219.89,420,0.0,0.0,1.0,-2078.45,0.6134
1598,12,hazard_near_exit_medium,0.9,0,208.67,420,0.0,0.0,1.0,-1957.15,0.6112
1599,13,bridge_open_medium,0.0909,0,349.0,400,0.0,0.0,1.0,-6166.42,0.9964
1600,13,bridge_open_medium,0.2727,0,51.0,400,0.0,0.0,1.0,-4529.87,0.9937
1601,13,bridge_open_medium,0.1818,0,61.5,400,0.0,0.0,1.0,-5163.84,0.9906
1602,13,bridge_open_medium,0.2727,0,194.33,400,0.0,0.0,1.0,-5162.19,0.9875
1603,13,bridge_open_medium,0.2727,0,103.0,400,0.0,0.0,1.0,-4766.45,0.9847
1604,13,bridge_open_medium,0.0909,0,84.0,400,0.0,0.0,1.0,-5777.78,0.9813
1605,13,bridge_open_medium,0.3636,0,224.0,400,0.0,0.0,1.0,-4935.93,0.9783
1606,13,bridge_open_medium,0.1818,0,74.5,400,0.0,0.0,1.0,-5187.52,0.9752
1607,13,bridge_open_medium,0.1818,0,124.5,400,0.0,0.0,1.0,-5315.9,0.9721
1608,13,bridge_open_medium,0.1818,0,98.0,400,0.0,0.0,1.0,-5214.82,0.969
1609,13,bridge_open_medium,0.2727,0,197.33,400,0.0,0.0,1.0,-5147.19,0.9659
1610,13,bridge_open_medium,0.0909,0,97.0,400,0.0,0.0,1.0,-5741.37,0.9625
1611,13,bridge_open_medium,0.1818,0,101.5,400,0.0,0.0,1.0,-5284.68,0.9594
1612,13,bridge_open_medium,0.3636,0,190.0,400,0.0,0.0,1.0,-4698.33,0.9565
1613,13,bridge_open_medium,0.1818,0,111.5,400,0.0,0.0,1.0,-5277.25,0.9533
1614,13,bridge_open_medium,0.2727,0,191.33,400,0.0,0.0,1.0,-5118.61,0.9503
1615,13,bridge_open_medium,0.2727,0,175.33,400,0.0,0.0,1.0,-5047.77,0.9472
1616,13,bridge_open_medium,0.2727,0,122.33,400,0.0,0.0,1.0,-4744.59,0.9443
1617,13,bridge_open_medium,0.0909,0,168.0,400,0.0,0.0,1.0,-5807.04,0.9409
1618,13,bridge_open_medium,0.2727,0,180.0,400,0.0,0.0,1.0,-5067.89,0.9378
1619,13,bridge_open_medium,0.2727,0,209.0,400,0.0,0.0,1.0,-5184.88,0.9347
1620,13,bridge_open_medium,0.4545,0,219.8,400,0.0,0.0,1.0,-4549.03,0.9318
1621,13,bridge_open_medium,0.0909,0,182.0,400,0.0,0.0,1.0,-5851.52,0.9284
1622,13,bridge_open_medium,0.1818,0,220.0,400,0.0,0.0,1.0,-5608.72,0.9251
1623,13,bridge_open_medium,0.4545,0,246.0,400,0.0,0.0,1.0,-4716.16,0.9221
1624,13,bridge_open_medium,0.2727,0,144.67,400,0.0,0.0,1.0,-4959.29,0.9191
1625,13,bridge_open_medium,0.3636,0,267.75,400,0.0,0.0,1.0,-5163.63,0.916
1626,13,bridge_open_medium,0.2727,0,122.33,400,0.0,0.0,1.0,-4856.55,0.913
1627,13,bridge_open_medium,0.2727,0,255.67,400,0.0,0.0,1.0,-5340.09,0.9098
1628,13,bridge_open_medium,0.3636,0,197.5,400,0.0,0.0,1.0,-4747.32,0.9068
1629,13,bridge_open_medium,0.2727,0,89.67,400,0.0,0.0,1.0,-4609.64,0.904
1630,13,bridge_open_medium,0.3636,0,129.75,400,0.0,0.0,1.0,-4373.9,0.9013
1631,13,bridge_open_medium,0.3636,0,187.5,400,0.0,0.0,1.0,-4720.48,0.8984
1632,13,bridge_open_medium,0.4545,0,147.4,400,0.0,0.0,1.0,-4041.8,0.8958
1633,13,bridge_open_medium,0.4545,0,222.6,400,0.0,0.0,1.0,-4563.75,0.8929
1634,13,bridge_open_medium,0.3636,0,177.0,400,0.0,0.0,1.0,-4660.65,0.8901
1635,13,bridge_open_medium,0.3636,0,265.5,400,0.0,0.0,1.0,-5102.92,0.8869
1636,13,bridge_open_medium,0.4545,0,284.2,400,0.0,0.0,1.0,-5020.22,0.8838
1637,13,bridge_open_medium,0.2727,0,134.33,400,0.0,0.0,1.0,-4868.47,0.8808
1638,13,bridge_open_medium,0.4545,0,174.8,400,0.0,0.0,1.0,-4247.17,0.8781
1639,13,bridge_open_medium,0.3636,0,186.25,400,0.0,0.0,1.0,-4706.22,0.8752
1640,13,bridge_open_medium,0.3636,0,162.75,400,0.0,0.0,1.0,-4578.87,0.8724
1641,13,bridge_open_medium,0.5455,0,190.83,400,0.0,0.0,1.0,-3956.78,0.8698
1642,13,bridge_open_medium,0.5455,0,216.83,400,0.0,0.0,1.0,-4158.5,0.8671
1643,13,bridge_open_medium,0.4545,0,146.6,400,0.0,0.0,1.0,-4010.5,0.8646
1644,13,bridge_open_medium,0.5455,0,169.17,400,0.0,0.0,1.0,-3718.7,0.8621
1645,13,bridge_open_medium,0.4545,0,208.0,400,0.0,0.0,1.0,-4393.87,0.8593
1646,13,bridge_open_medium,0.4545,0,166.4,400,0.0,0.0,1.0,-4161.27,0.8566
1647,13,bridge_open_medium,0.3636,0,252.25,400,0.0,0.0,1.0,-5051.94,0.8535
1648,13,bridge_open_medium,0.4545,0,167.0,400,0.0,0.0,1.0,-4123.21,0.8509
1649,13,bridge_open_medium,0.4545,0,179.2,400,0.0,0.0,1.0,-4227.33,0.8482
1650,13,bridge_open_medium,0.7273,0,198.38,400,0.0,0.0,1.0,-3206.93,0.8459
1651,13,bridge_open_medium,0.4545,0,226.2,400,0.0,0.0,1.0,-4524.23,0.843
1652,13,bridge_open_medium,0.6364,0,191.71,400,0.0,0.0,1.0,-3524.52,0.8406
1653,13,bridge_open_medium,0.4545,0,157.6,400,0.0,0.0,1.0,-4044.51,0.838
1654,13,bridge_open_medium,0.7273,0,220.62,400,0.0,0.0,1.0,-3398.36,0.8355
1655,13,bridge_open_medium,0.5455,0,162.5,400,0.0,0.0,1.0,-3571.38,0.8331
1656,13,bridge_open_medium,0.5455,0,164.0,400,0.0,0.0,1.0,-3681.43,0.8307
1657,13,bridge_open_medium,0.4545,0,135.0,400,0.0,0.0,1.0,-3909.83,0.8281
1658,13,bridge_open_medium,0.2727,0,103.0,400,0.0,0.0,1.0,-4663.24,0.8253
1659,13,bridge_open_medium,0.6364,0,188.43,400,0.0,0.0,1.0,-3420.74,0.8229
1660,13,bridge_open_medium,0.5455,0,160.83,400,0.0,0.0,1.0,-3645.47,0.8204
1661,13,bridge_open_medium,0.6364,0,209.0,400,0.0,0.0,1.0,-3665.53,0.8179
1662,13,bridge_open_medium,0.8182,0,222.22,400,0.0,0.0,1.0,-3059.03,0.8156
1663,13,bridge_open_medium,0.5455,0,118.33,400,0.0,0.0,1.0,-3309.66,0.8134
1664,13,bridge_open_medium,0.5455,0,246.0,400,0.0,0.0,1.0,-4306.03,0.8106
1665,13,bridge_open_medium,0.4545,0,217.6,400,0.0,0.0,1.0,-4489.6,0.8077
1666,13,bridge_open_medium,0.6364,0,171.14,400,0.0,0.0,1.0,-3258.88,0.8054
1667,13,bridge_open_medium,0.7273,0,157.75,400,0.0,0.0,1.0,-2750.22,0.8034
1668,13,bridge_open_medium,0.9091,0,168.7,400,0.0,0.0,1.0,-1988.59,0.8017
1669,13,bridge_open_medium,0.5455,0,190.83,400,0.0,0.0,1.0,-3856.95,0.7991
1670,13,bridge_open_medium,0.7273,0,162.62,400,0.0,0.0,1.0,-2737.79,0.7971
1671,13,bridge_open_medium,0.6364,0,175.57,400,0.0,0.0,1.0,-3388.4,0.7948
1672,13,bridge_open_medium,0.7273,0,197.75,400,0.0,0.0,1.0,-3174.16,0.7925
1673,13,bridge_open_medium,0.6364,0,197.86,400,0.0,0.0,1.0,-3517.64,0.79
1674,13,bridge_open_medium,0.7273,0,155.38,400,0.0,0.0,1.0,-2708.65,0.788
1675,13,bridge_open_medium,0.6364,0,135.57,400,0.0,0.0,1.0,-2944.63,0.786
1676,13,bridge_open_medium,0.7273,0,182.75,400,0.0,0.0,1.0,-2971.14,0.7838
1677,13,bridge_open_medium,0.7273,0,218.25,400,0.0,0.0,1.0,-3455.82,0.7814
1678,13,bridge_open_medium,0.8182,0,182.44,400,0.0,0.0,1.0,-2610.15,0.7794
1679,13,bridge_open_medium,0.8182,0,192.0,400,0.0,0.0,1.0,-2713.65,0.7773
1680,13,bridge_open_medium,0.7273,0,194.75,400,0.0,0.0,1.0,-3134.89,0.775
1681,13,bridge_open_medium,0.8182,0,134.44,400,0.0,0.0,1.0,-2001.32,0.7734
1682,13,bridge_open_medium,0.7273,0,175.75,400,0.0,0.0,1.0,-2897.07,0.7712
1683,13,bridge_open_medium,0.7273,0,170.0,400,0.0,0.0,1.0,-2819.58,0.7692
1684,13,bridge_open_medium,0.8182,0,135.22,400,0.0,0.0,1.0,-2036.69,0.7675
1685,13,bridge_open_medium,0.6364,0,187.43,400,0.0,0.0,1.0,-3453.84,0.7651
1686,13,bridge_open_medium,0.8182,0,181.0,400,0.0,0.0,1.0,-2573.27,0.7631
1687,13,bridge_open_medium,0.8182,0,148.89,400,0.0,0.0,1.0,-2168.22,0.7614
1688,13,bridge_open_medium,0.8182,0,202.78,400,0.0,0.0,1.0,-2839.8,0.7592
1689,13,bridge_open_medium,0.9091,0,145.5,400,0.0,0.0,1.0,-1713.97,0.7577
1690,13,bridge_open_medium,0.8182,0,115.56,400,0.0,0.0,1.0,-1782.3,0.7562
1691,13,bridge_open_medium,0.9091,0,176.6,400,0.0,0.0,1.0,-2097.15,0.7544
1692,13,bridge_open_medium,0.8182,0,148.67,400,0.0,0.0,1.0,-2121.68,0.7527
1693,13,bridge_open_medium,0.7273,0,148.38,400,0.0,0.0,1.0,-2597.08,0.7507
1694,13,bridge_open_medium,0.8182,0,186.22,400,0.0,0.0,1.0,-2592.77,0.7487
1695,13,bridge_open_medium,0.8182,0,163.33,400,0.0,0.0,1.0,-2305.35,0.7468
1696,13,bridge_open_medium,0.8182,0,164.11,400,0.0,0.0,1.0,-2304.73,0.745
1697,13,bridge_open_medium,0.8182,0,187.0,400,0.0,0.0,1.0,-2635.11,0.7429
1698,13,bridge_open_medium,0.8182,0,167.11,400,0.0,0.0,1.0,-2367.25,0.741
1699,13,bridge_open_medium,0.8182,0,151.89,400,0.0,0.0,1.0,-2187.09,0.7393
1700,13,bridge_open_medium,0.9091,0,174.6,400,0.0,0.0,1.0,-2046.46,0.7375
1701,13,bridge_open_medium,0.9091,0,165.4,400,0.0,0.0,1.0,-1834.41,0.7358
1702,13,bridge_open_medium,1.0,1,171.55,384,0.0,0.0,1.0,-1527.66,0.7343
1703,13,bridge_open_medium,0.9091,0,145.1,400,0.0,0.0,1.0,-1584.99,0.7328
1704,14,bridge_corridor_medium,0.1818,0,258.0,400,0.0,0.0,1.0,-5736.29,0.9966
1705,14,bridge_corridor_medium,0.0909,0,105.0,400,0.0,0.0,1.0,-5825.92,0.9933
1706,14,bridge_corridor_medium,0.0909,0,69.0,400,0.0,0.0,1.0,-5770.94,0.9899
1707,14,bridge_corridor_medium,0.0909,0,176.0,400,0.0,0.0,1.0,-5968.12,0.9865
1708,14,bridge_corridor_medium,0.0909,0,360.0,400,0.0,0.0,1.0,-6168.16,0.9829
1709,14,bridge_corridor_medium,0.0909,0,213.0,400,0.0,0.0,1.0,-5937.97,0.9795
1710,14,bridge_corridor_medium,0.0909,0,202.0,400,0.0,0.0,1.0,-5994.01,0.9761
1711,14,bridge_corridor_medium,0.0909,0,87.0,400,0.0,0.0,1.0,-5801.93,0.9727
1712,14,bridge_corridor_medium,0.1818,0,197.0,400,0.0,0.0,1.0,-5555.02,0.9694
1713,14,bridge_corridor_medium,0.0909,0,262.0,400,0.0,0.0,1.0,-5989.56,0.9659
1714,14,bridge_corridor_medium,0.1818,0,229.5,400,0.0,0.0,1.0,-5625.59,0.9626
1715,14,bridge_corridor_medium,0.0909,0,260.0,400,0.0,0.0,1.0,-5988.19,0.9591
1716,14,bridge_corridor_medium,0.0,0,400,400,0.0,0.0,1.0,-6282.81,0.9555
1717,14,bridge_corridor_medium,0.1818,0,266.0,400,0.0,0.0,1.0,-5686.75,0.9521
1718,14,bridge_corridor_medium,0.2727,0,261.0,400,0.0,0.0,1.0,-5296.44,0.9489
1719,14,bridge_corridor_medium,0.1818,0,139.5,400,0.0,0.0,1.0,-5310.28,0.9457
1720,14,bridge_corridor_medium,0.1818,0,228.5,400,0.0,0.0,1.0,-5643.08,0.9424
1721,14,bridge_corridor_medium,0.1818,0,199.0,400,0.0,0.0,1.0,-5588.24,0.9391
1722,14,bridge_corridor_medium,0.1818,0,230.0,400,0.0,0.0,1.0,-5614.59,0.9358
1723,14,bridge_corridor_medium,0.0909,0,152.0,400,0.0,0.0,1.0,-5710.89,0.9324
1724,14,bridge_corridor_medium,0.1818,0,151.0,400,0.0,0.0,1.0,-5293.81,0.9292
1725,14,bridge_corridor_medium,0.2727,0,160.67,400,0.0,0.0,1.0,-4957.89,0.9262
1726,14,bridge_corridor_medium,0.0909,0,164.0,400,0.0,0.0,1.0,-5783.06,0.9228
1727,14,bridge_corridor_medium,0.0909,0,149.0,400,0.0,0.0,1.0,-5777.16,0.9194
1728,14,bridge_corridor_medium,0.1818,0,229.5,400,0.0,0.0,1.0,-5505.98,0.916
1729,14,bridge_corridor_medium,0.0909,0,156.0,400,0.0,0.0,1.0,-5784.87,0.9126
1730,14,bridge_corridor_medium,0.0909,0,95.0,400,0.0,0.0,1.0,-5702.37,0.9093
1731,14,bridge_corridor_medium,0.1818,0,202.0,400,0.0,0.0,1.0,-5493.48,0.906
1732,14,bridge_corridor_medium,0.2727,0,212.0,400,0.0,0.0,1.0,-5033.97,0.9029
1733,14,bridge_corridor_medium,0.3636,0,227.75,400,0.0,0.0,1.0,-4788.44,0.8998
1734,14,bridge_corridor_medium,0.3636,0,199.75,400,0.0,0.0,1.0,-4579.29,0.8969
1735,14,bridge_corridor_medium,0.2727,0,191.0,400,0.0,0.0,1.0,-5001.57,0.8938
1736,14,bridge_corridor_medium,0.2727,0,151.33,400,0.0,0.0,1.0,-4905.86,0.8908
1737,14,bridge_corridor_medium,0.2727,0,168.0,400,0.0,0.0,1.0,-4899.21,0.8878
1738,14,bridge_corridor_medium,0.2727,0,210.33,400,0.0,0.0,1.0,-4993.81,0.8846
1739,14,bridge_corridor_medium,0.1818,0,160.5,400,0.0,0.0,1.0,-5301.22,0.8814
1740,14,bridge_corridor_medium,0.2727,0,183.0,400,0.0,0.0,1.0,-4901.61,0.8783
1741,14,bridge_corridor_medium,0.2727,0,218.33,400,0.0,0.0,1.0,-5106.45,0.8752
1742,14,bridge_corridor_medium,0.1818,0,177.5,400,0.0,0.0,1.0,-5321.82,0.8719
1743,14,bridge_corridor_medium,0.1818,0,206.0,400,0.0,0.0,1.0,-5425.64,0.8687
1744,14,bridge_corridor_medium,0.2727,0,169.0,400,0.0,0.0,1.0,-4846.18,0.8656
1745,14,bridge_corridor_medium,0.2727,0,265.33,400,0.0,0.0,1.0,-5209.95,0.8624
1746,14,bridge_corridor_medium,0.2727,0,223.67,400,0.0,0.0,1.0,-5116.25,0.8592
1747,14,bridge_corridor_medium,0.2727,0,204.0,400,0.0,0.0,1.0,-4923.13,0.8561
1748,14,bridge_corridor_medium,0.2727,0,193.33,400,0.0,0.0,1.0,-4950.81,0.853
1749,14,bridge_corridor_medium,0.1818,0,255.5,400,0.0,0.0,1.0,-5506.43,0.8496
1750,14,bridge_corridor_medium,0.1818,0,235.5,400,0.0,0.0,1.0,-5520.04,0.8463
1751,14,bridge_corridor_medium,0.3636,0,157.25,400,0.0,0.0,1.0,-4307.83,0.8435
1752,14,bridge_corridor_medium,0.0,0,400,400,0.0,0.0,1.0,-6186.84,0.8398
1753,14,bridge_corridor_medium,0.1818,0,180.0,400,0.0,0.0,1.0,-5306.59,0.8366
1754,14,bridge_corridor_medium,0.2727,0,217.67,400,0.0,0.0,1.0,-5014.97,0.8335
1755,14,bridge_corridor_medium,0.1818,0,184.5,400,0.0,0.0,1.0,-5243.2,0.8302
1756,14,bridge_corridor_medium,0.1818,0,210.0,400,0.0,0.0,1.0,-5374.38,0.8269
1757,14,bridge_corridor_medium,0.2727,0,119.0,400,0.0,0.0,1.0,-4602.32,0.824
1758,14,bridge_corridor_medium,0.3636,0,205.25,400,0.0,0.0,1.0,-4623.17,0.821
1759,14,bridge_corridor_medium,0.1818,0,169.0,400,0.0,0.0,1.0,-5245.09,0.8178
1760,14,bridge_corridor_medium,0.2727,0,197.33,400,0.0,0.0,1.0,-5000.75,0.8147
1761,14,bridge_corridor_medium,0.2727,0,180.0,400,0.0,0.0,1.0,-4890.69,0.8116
1762,14,bridge_corridor_medium,0.2727,0,156.67,400,0.0,0.0,1.0,-4783.53,0.8086
1763,14,bridge_corridor_medium,0.2727,0,201.0,400,0.0,0.0,1.0,-4965.12,0.8055
1764,14,bridge_corridor_medium,0.2727,0,183.0,400,0.0,0.0,1.0,-4908.25,0.8024
1765,14,bridge_corridor_medium,0.3636,0,167.75,400,0.0,0.0,1.0,-4333.93,0.7996
1766,14,bridge_corridor_medium,0.1818,0,320.5,400,0.0,0.0,1.0,-5734.9,0.7961
1767,14,bridge_corridor_medium,0.2727,0,238.33,400,0.0,0.0,1.0,-5099.3,0.7929
1768,14,bridge_corridor_medium,0.0909,0,264.0,400,0.0,0.0,1.0,-5854.33,0.7894
1769,14,bridge_corridor_medium,0.2727,0,270.0,400,0.0,0.0,1.0,-5126.78,0.7861
1770,14,bridge_corridor_medium,0.2727,0,193.0,400,0.0,0.0,1.0,-4917.75,0.7831
1771,14,bridge_corridor_medium,0.3636,0,228.0,400,0.0,0.0,1.0,-4700.75,0.78
1772,14,bridge_corridor_medium,0.1818,0,220.0,400,0.0,0.0,1.0,-5466.13,0.7767
1773,14,bridge_corridor_medium,0.3636,0,197.5,400,0.0,0.0,1.0,-4418.29,0.7738
1774,14,bridge_corridor_medium,0.4545,0,225.0,400,0.0,0.0,1.0,-4263.17,0.7709
1775,14,bridge_corridor_medium,0.5455,0,215.0,400,0.0,0.0,1.0,-3837.64,0.7682
1776,14,bridge_corridor_medium,0.4545,0,158.6,400,0.0,0.0,1.0,-3716.08,0.7656
1777,14,bridge_corridor_medium,0.4545,0,188.8,400,0.0,0.0,1.0,-4009.3,0.7628
1778,14,bridge_corridor_medium,0.5455,0,225.0,400,0.0,0.0,1.0,-3840.58,0.7601
1779,14,bridge_corridor_medium,0.5455,0,168.33,400,0.0,0.0,1.0,-3310.93,0.7576
1780,14,bridge_corridor_medium,0.3636,0,216.75,400,0.0,0.0,1.0,-4557.19,0.7546
1781,14,bridge_corridor_medium,0.4545,0,193.2,400,0.0,0.0,1.0,-3985.96,0.7519
1782,14,bridge_corridor_medium,0.3636,0,206.5,400,0.0,0.0,1.0,-4561.61,0.7489
1783,14,bridge_corridor_medium,0.2727,0,207.67,400,0.0,0.0,1.0,-4861.38,0.7458
1784,14,bridge_corridor_medium,0.4545,0,211.0,400,0.0,0.0,1.0,-3979.03,0.7429
1785,14,bridge_corridor_medium,0.3636,0,249.5,400,0.0,0.0,1.0,-4743.18,0.7398
1786,14,bridge_corridor_medium,0.4545,0,227.4,400,0.0,0.0,1.0,-4290.26,0.7369
1787,14,bridge_corridor_medium,0.3636,0,181.5,400,0.0,0.0,1.0,-4281.39,0.734
1788,14,bridge_corridor_medium,0.3636,0,173.5,400,0.0,0.0,1.0,-4377.78,0.7312
1789,14,bridge_corridor_medium,0.4545,0,165.8,400,0.0,0.0,1.0,-3839.67,0.7285
1790,14,bridge_corridor_medium,0.4545,0,232.4,400,0.0,0.0,1.0,-4346.21,0.7256
1791,14,bridge_corridor_medium,0.4545,0,228.4,400,0.0,0.0,1.0,-4250.43,0.7227
1792,14,bridge_corridor_medium,0.4545,0,228.8,400,0.0,0.0,1.0,-4237.47,0.7198
1793,14,bridge_corridor_medium,0.4545,0,187.4,400,0.0,0.0,1.0,-3993.64,0.7171
1794,14,bridge_corridor_medium,0.5455,0,196.17,400,0.0,0.0,1.0,-3639.22,0.7145
1795,14,bridge_corridor_medium,0.4545,0,205.2,400,0.0,0.0,1.0,-4181.7,0.7117
1796,14,bridge_corridor_medium,0.5455,0,202.17,400,0.0,0.0,1.0,-3555.75,0.709
1797,14,bridge_corridor_medium,0.5455,0,205.17,400,0.0,0.0,1.0,-3749.29,0.7064
1798,14,bridge_corridor_medium,0.3636,0,160.0,400,0.0,0.0,1.0,-4280.65,0.7036
1799,14,bridge_corridor_medium,0.2727,0,226.0,400,0.0,0.0,1.0,-4986.77,0.7004
1800,14,bridge_corridor_medium,0.3636,0,165.5,400,0.0,0.0,1.0,-4246.87,0.6976
1801,14,bridge_corridor_medium,0.4545,0,182.4,400,0.0,0.0,1.0,-3965.06,0.6949
1802,14,bridge_corridor_medium,0.4545,0,166.0,400,0.0,0.0,1.0,-3782.23,0.6922
1803,14,bridge_corridor_medium,0.5455,0,234.33,400,0.0,0.0,1.0,-3910.84,0.6894
1804,14,bridge_corridor_medium,0.6364,0,189.14,400,0.0,0.0,1.0,-3052.51,0.687
1805,14,bridge_corridor_medium,0.5455,0,161.83,400,0.0,0.0,1.0,-3335.75,0.6846
1806,14,bridge_corridor_medium,0.5455,0,184.0,400,0.0,0.0,1.0,-3437.02,0.682
1807,14,bridge_corridor_medium,0.6364,0,158.0,400,0.0,0.0,1.0,-2842.86,0.6798
1808,14,bridge_corridor_medium,0.5455,0,163.33,400,0.0,0.0,1.0,-3281.85,0.6774
1809,14,bridge_corridor_medium,0.5455,0,164.83,400,0.0,0.0,1.0,-3380.33,0.6749
1810,14,bridge_corridor_medium,0.5455,0,169.67,400,0.0,0.0,1.0,-3410.55,0.6725
1811,14,bridge_corridor_medium,0.7273,0,219.88,400,0.0,0.0,1.0,-3035.52,0.67
1812,14,bridge_corridor_medium,0.6364,0,206.0,400,0.0,0.0,1.0,-3146.37,0.6676
1813,14,bridge_corridor_medium,0.6364,0,233.71,400,0.0,0.0,1.0,-3490.12,0.6649
1814,14,bridge_corridor_medium,0.6364,0,196.0,400,0.0,0.0,1.0,-3134.0,0.6625
1815,14,bridge_corridor_medium,0.5455,0,236.33,400,0.0,0.0,1.0,-3868.42,0.6597
1816,14,bridge_corridor_medium,0.6364,0,206.86,400,0.0,0.0,1.0,-3226.48,0.6572
1817,14,bridge_corridor_medium,0.7273,0,211.12,400,0.0,0.0,1.0,-2781.78,0.6548
1818,14,bridge_corridor_medium,0.8182,0,197.89,400,0.0,0.0,1.0,-2365.81,0.6527
1819,14,bridge_corridor_medium,0.7273,0,212.5,400,0.0,0.0,1.0,-2923.83,0.6503
1820,14,bridge_corridor_medium,0.7273,0,205.62,400,0.0,0.0,1.0,-2730.98,0.648
1821,14,bridge_corridor_medium,0.7273,0,183.12,400,0.0,0.0,1.0,-2533.15,0.6458
1822,14,bridge_corridor_medium,0.7273,0,190.25,400,0.0,0.0,1.0,-2656.08,0.6436
1823,14,bridge_corridor_medium,0.6364,0,185.43,400,0.0,0.0,1.0,-2914.57,0.6412
1824,14,bridge_corridor_medium,0.8182,0,229.44,400,0.0,0.0,1.0,-2601.96,0.6389
1825,14,bridge_corridor_medium,0.8182,0,179.22,400,0.0,0.0,1.0,-2002.19,0.6369
1826,14,bridge_corridor_medium,0.6364,0,208.86,400,0.0,0.0,1.0,-3180.58,0.6344
1827,14,bridge_corridor_medium,0.7273,0,214.62,400,0.0,0.0,1.0,-2869.6,0.632
1828,14,bridge_corridor_medium,0.9091,0,197.7,400,0.0,0.0,1.0,-1910.82,0.63
1829,14,bridge_corridor_medium,0.7273,0,175.62,400,0.0,0.0,1.0,-2480.83,0.6279
1830,14,bridge_corridor_medium,0.6364,0,194.43,400,0.0,0.0,1.0,-3092.29,0.6255
1831,14,bridge_corridor_medium,0.8182,0,202.67,400,0.0,0.0,1.0,-2323.7,0.6233
1832,14,bridge_corridor_medium,0.9091,0,221.7,400,0.0,0.0,1.0,-2270.93,0.6212
1833,14,bridge_corridor_medium,0.9091,0,177.6,400,0.0,0.0,1.0,-1645.27,0.6194
1834,14,bridge_corridor_medium,0.8182,0,196.11,400,0.0,0.0,1.0,-2238.84,0.6173
1835,14,bridge_corridor_medium,0.8182,0,168.78,400,0.0,0.0,1.0,-1996.1,0.6154
1836,14,bridge_corridor_medium,0.8182,0,194.78,400,0.0,0.0,1.0,-2370.3,0.6133
1837,14,bridge_corridor_medium,0.7273,0,183.62,400,0.0,0.0,1.0,-2605.48,0.6111
1838,14,bridge_corridor_medium,0.7273,0,216.62,400,0.0,0.0,1.0,-2895.99,0.6087
1839,14,bridge_corridor_medium,0.7273,0,217.5,400,0.0,0.0,1.0,-2867.05,0.6063
1840,14,bridge_corridor_medium,0.9091,0,209.7,400,0.0,0.0,1.0,-2071.37,0.6043
1841,14,bridge_corridor_medium,0.7273,0,155.38,400,0.0,0.0,1.0,-2339.38,0.6023
1842,14,bridge_corridor_medium,0.7273,0,161.62,400,0.0,0.0,1.0,-2429.37,0.6002
1843,14,bridge_corridor_medium,0.9091,0,194.5,400,0.0,0.0,1.0,-1825.25,0.5983
1844,14,bridge_corridor_medium,0.7273,0,185.5,400,0.0,0.0,1.0,-2619.99,0.5961
1845,14,bridge_corridor_medium,0.7273,0,191.12,400,0.0,0.0,1.0,-2628.04,0.5939
1846,14,bridge_corridor_medium,0.8182,0,213.44,400,0.0,0.0,1.0,-2485.87,0.5917
1847,14,bridge_corridor_medium,0.8182,0,179.33,400,0.0,0.0,1.0,-2004.41,0.5897
1848,14,bridge_corridor_medium,0.8182,0,160.67,400,0.0,0.0,1.0,-1888.91,0.5878
1849,14,bridge_corridor_medium,0.8182,0,172.22,400,0.0,0.0,1.0,-2022.59,0.5859
1850,14,bridge_corridor_medium,0.9091,0,190.0,400,0.0,0.0,1.0,-1643.45,0.584
1851,14,bridge_corridor_medium,0.9091,0,188.6,400,0.0,0.0,1.0,-1646.35,0.5822
1852,14,bridge_corridor_medium,0.9091,0,172.7,400,0.0,0.0,1.0,-1416.37,0.5804
1853,14,bridge_corridor_medium,0.9091,0,192.5,400,0.0,0.0,1.0,-1751.29,0.5785
1854,15,bridge_hazard_intro,0.1667,0,179.0,420,0.0833,0.0764,1.025,-6984.63,0.9967
1855,15,bridge_hazard_intro,0.1667,0,258.0,420,0.0533,0.0313,1.025,-6716.28,0.9933
1856,15,bridge_hazard_intro,0.25,0,143.33,420,0.0833,0.0764,1.025,-5828.14,0.9903
1857,15,bridge_hazard_intro,0.0833,0,95.0,420,0.0,0.0,1.0,-6703.51,0.9869
1858,15,bridge_hazard_intro,0.25,0,237.33,420,0.0,0.0,1.0,-6201.55,0.9837
1859,15,bridge_hazard_intro,0.0833,0,219.0,420,0.04,0.0176,1.0146,-7028.41,0.9802
1860,15,bridge_hazard_intro,0.1667,0,119.0,420,0.0233,0.006,1.0004,-6308.1,0.977
1861,15,bridge_hazard_intro,0.3333,0,222.25,420,0.0,0.0,1.0,-5762.69,0.9739
1862,15,bridge_hazard_intro,0.4167,0,171.6,420,0.0833,0.0764,1.025,-5187.64,0.9712
1863,15,bridge_hazard_intro,0.3333,0,179.75,420,0.0,0.0,1.0,-5493.45,0.9683
1864,15,bridge_hazard_intro,0.25,0,123.67,420,0.015,0.0025,1.0,-5697.86,0.9653
1865,15,bridge_hazard_intro,0.1667,0,164.5,420,0.0,0.0,1.0,-6385.18,0.962
1866,15,bridge_hazard_intro,0.1667,0,164.0,420,0.0217,0.0052,1.0127,-6571.46,0.9588
1867,15,bridge_hazard_intro,0.25,0,150.67,420,0.0,0.0,1.0,-5806.6,0.9557
1868,15,bridge_hazard_intro,0.4167,0,171.2,420,0.065,0.0465,1.025,-5001.24,0.953
1869,15,bridge_hazard_intro,0.25,0,209.0,420,0.0,0.0,1.0,-6072.94,0.9498
1870,15,bridge_hazard_intro,0.4167,0,146.0,420,0.0833,0.0764,1.025,-4921.42,0.9472
1871,15,bridge_hazard_intro,0.25,0,192.0,420,0.0,0.0,1.0,-5946.91,0.944
1872,15,bridge_hazard_intro,0.25,0,125.0,420,0.0833,0.0764,1.0209,-5783.53,0.941
1873,15,bridge_hazard_intro,0.4167,0,233.6,420,0.0,0.0,1.0,-5533.98,0.9381
1874,15,bridge_hazard_intro,0.3333,0,129.75,420,0.0833,0.0764,1.025,-5305.8,0.9353
1875,15,bridge_hazard_intro,0.25,0,83.33,420,0.0,0.0,1.0,-5466.18,0.9324
1876,15,bridge_hazard_intro,0.4167,0,213.2,420,0.0,0.0,1.0,-5267.64,0.9295
1877,15,bridge_hazard_intro,0.4167,0,178.8,420,0.0,0.0,1.0,-4995.03,0.9268
1878,15,bridge_hazard_intro,0.3333,0,193.75,420,0.0,0.0,1.0,-5579.13,0.9238
1879,15,bridge_hazard_intro,0.4167,0,270.8,420,0.0,0.0,1.0,-5703.75,0.9207
1880,15,bridge_hazard_intro,0.4167,0,142.6,420,0.0833,0.0764,1.0233,-4810.74,0.9181
1881,15,bridge_hazard_intro,0.25,0,139.33,420,0.0683,0.0514,1.025,-5832.92,0.915
1882,15,bridge_hazard_intro,0.25,0,182.0,420,0.0,0.0,1.0,-5880.57,0.9119
1883,15,bridge_hazard_intro,0.3333,0,150.75,420,0.04,0.0176,1.0146,-5279.41,0.9091
1884,15,bridge_hazard_intro,0.25,0,156.67,420,0.045,0.0223,1.0166,-5765.05,0.906
1885,15,bridge_hazard_intro,0.5,0,251.67,420,0.0,0.0,1.0,-5161.81,0.9031
1886,15,bridge_hazard_intro,0.4167,0,150.0,420,0.0,0.0,1.0,-4761.88,0.9005
1887,15,bridge_hazard_intro,0.4167,0,119.8,420,0.0,0.0,1.0,-4502.21,0.8979
1888,15,bridge_hazard_intro,0.5,0,205.17,420,0.0,0.0,1.0,-4832.46,0.8952
1889,15,bridge_hazard_intro,0.5,0,220.67,420,0.0,0.0,1.0,-4886.74,0.8924
1890,15,bridge_hazard_intro,0.5833,0,195.14,420,0.0833,0.0764,1.025,-4536.82,0.8899
1891,15,bridge_hazard_intro,0.5,0,240.67,420,0.0,0.0,1.0,-5062.73,0.8871
1892,15,bridge_hazard_intro,0.5833,0,180.43,420,0.0,0.0,1.0,-4094.29,0.8847
1893,15,bridge_hazard_intro,0.5,0,228.17,420,0.0,0.0,1.0,-4953.24,0.8819
1894,15,bridge_hazard_intro,0.4167,0,181.4,420,0.0,0.0,1.0,-4984.51,0.8791
1895,15,bridge_hazard_intro,0.5,0,172.83,420,0.0,0.0,1.0,-4541.5,0.8765
1896,15,bridge_hazard_intro,0.5,0,167.5,420,0.0,0.0,1.0,-4393.91,0.874
1897,15,bridge_hazard_intro,0.5833,0,112.43,420,0.0,0.0,1.0,-3421.58,0.8719
1898,15,bridge_hazard_intro,0.6667,0,225.75,420,0.0,0.0,1.0,-4218.91,0.8694
1899,15,bridge_hazard_intro,0.5833,0,176.57,420,0.0,0.0,1.0,-4107.23,0.867
1900,15,bridge_hazard_intro,0.5833,0,185.43,420,0.0,0.0,1.0,-4126.28,0.8646
1901,15,bridge_hazard_intro,0.5833,0,145.14,420,0.0,0.0,1.0,-3741.05,0.8623
1902,15,bridge_hazard_intro,0.75,0,179.78,420,0.0,0.0,1.0,-3205.02,0.8603
1903,15,bridge_hazard_intro,0.5833,0,132.14,420,0.0,0.0,1.0,-3617.24,0.8581
1904,15,bridge_hazard_intro,0.75,0,203.89,420,0.0,0.0,1.0,-3587.23,0.8559
1905,15,bridge_hazard_intro,0.75,0,190.56,420,0.0,0.0,1.0,-3371.09,0.8537
1906,15,bridge_hazard_intro,0.75,0,162.89,420,0.0,0.0,1.0,-3083.36,0.8518
1907,15,bridge_hazard_intro,0.8333,0,156.5,420,0.0,0.0,1.0,-2482.09,0.85
1908,15,bridge_hazard_intro,0.6667,0,151.25,420,0.0,0.0,1.0,-3343.46,0.8479
1909,15,bridge_hazard_intro,0.5833,0,166.43,420,0.0,0.0,1.0,-3917.72,0.8456
1910,15,bridge_hazard_intro,0.6667,0,157.12,420,0.0,0.0,1.0,-3428.24,0.8435
1911,15,bridge_hazard_intro,0.75,0,138.56,420,0.0,0.0,1.0,-2695.58,0.8417
1912,15,bridge_hazard_intro,0.8333,0,208.3,420,0.0,0.0,1.0,-3245.26,0.8396
1913,15,bridge_hazard_intro,0.5833,0,137.71,420,0.0,0.0,1.0,-3670.98,0.8374
1914,15,bridge_hazard_intro,0.8333,0,138.4,420,0.0,0.0,1.0,-2257.7,0.8358
1915,15,bridge_hazard_intro,0.75,0,130.67,420,0.0,0.0,1.0,-2625.36,0.834
1916,15,bridge_hazard_intro,0.75,0,183.0,420,0.0833,0.0764,1.025,-4018.07,0.8319
1917,15,bridge_hazard_intro,0.9167,0,186.73,420,0.0,0.0,1.0,-2443.22,0.8301
1918,15,bridge_hazard_intro,0.8333,0,173.7,420,0.0,0.0,1.0,-2710.06,0.8283
1919,15,bridge_hazard_intro,0.5833,0,120.14,420,0.0,0.0,1.0,-3526.02,0.8262
1920,15,bridge_hazard_intro,0.75,0,165.67,420,0.0,0.0,1.0,-3036.17,0.8242
1921,15,bridge_hazard_intro,0.75,0,138.33,420,0.0,0.0,1.0,-2653.67,0.8224
1922,15,bridge_hazard_intro,0.5833,0,133.29,420,0.0,0.0,1.0,-3559.62,0.8202
1923,15,bridge_hazard_intro,0.6667,0,151.0,420,0.0,0.0,1.0,-3302.84,0.8181
1924,15,bridge_hazard_intro,0.75,0,195.0,420,0.0,0.0,1.0,-3415.93,0.816
1925,15,bridge_hazard_intro,0.75,0,171.11,420,0.0,0.0,1.0,-3122.99,0.8139
1926,15,bridge_hazard_intro,0.75,0,135.67,420,0.0,0.0,1.0,-2655.0,0.8122
1927,15,bridge_hazard_intro,0.75,0,165.0,420,0.0,0.0,1.0,-2987.03,0.8102
1928,15,bridge_hazard_intro,0.75,0,185.78,420,0.0,0.0,1.0,-3330.32,0.8081
1929,15,bridge_hazard_intro,0.6667,0,145.75,420,0.0,0.0,1.0,-3301.84,0.806
1930,15,bridge_hazard_intro,0.9167,0,164.73,420,0.0,0.0,1.0,-2028.92,0.8044
1931,15,bridge_hazard_intro,0.6667,0,203.62,420,0.0,0.0,1.0,-3909.85,0.802
1932,15,bridge_hazard_intro,0.75,0,156.44,420,0.0,0.0,1.0,-2885.56,0.8001
1933,15,bridge_hazard_intro,0.75,0,165.22,420,0.0,0.0,1.0,-3016.6,0.7981
1934,15,bridge_hazard_intro,0.75,0,172.22,420,0.0,0.0,1.0,-3080.31,0.7961
1935,15,bridge_hazard_intro,0.75,0,175.33,420,0.0,0.0,1.0,-3153.36,0.7941
1936,15,bridge_hazard_intro,0.8333,0,155.1,420,0.0,0.0,1.0,-2410.23,0.7924
1937,15,bridge_hazard_intro,0.75,0,161.67,420,0.0,0.0,1.0,-3001.09,0.7904
1938,15,bridge_hazard_intro,0.8333,0,166.3,420,0.0,0.0,1.0,-2611.94,0.7886
1939,15,bridge_hazard_intro,0.9167,0,184.09,420,0.0,0.0,1.0,-2341.89,0.7868
1940,15,bridge_hazard_intro,0.8333,0,165.5,420,0.0,0.0,1.0,-2579.97,0.785
1941,15,bridge_hazard_intro,0.9167,0,185.18,420,0.0,0.0,1.0,-2394.48,0.7833
1942,15,bridge_hazard_intro,0.8333,0,184.0,420,0.0,0.0,1.0,-2832.57,0.7813
1943,15,bridge_hazard_intro,0.75,0,130.44,420,0.0,0.0,1.0,-2542.23,0.7796
1944,15,bridge_hazard_intro,0.8333,0,135.5,420,0.0,0.0,1.0,-2138.06,0.778
1945,15,bridge_hazard_intro,0.75,0,132.33,420,0.0,0.0,1.0,-2552.79,0.7762
1946,15,bridge_hazard_intro,0.75,0,153.0,420,0.0,0.0,1.0,-2822.57,0.7744
1947,15,bridge_hazard_intro,0.9167,0,135.09,420,0.0,0.0,1.0,-1592.34,0.773
1948,15,bridge_hazard_intro,0.8333,0,161.8,420,0.0,0.0,1.0,-2487.42,0.7712
1949,15,bridge_hazard_intro,0.75,0,128.11,420,0.0,0.0,1.0,-2523.22,0.7695
1950,15,bridge_hazard_intro,0.8333,0,126.7,420,0.0,0.0,1.0,-1948.59,0.768
1951,15,bridge_hazard_intro,0.8333,0,145.6,420,0.0,0.0,1.0,-2269.3,0.7663
1952,15,bridge_hazard_intro,0.9167,0,174.36,420,0.0,0.0,1.0,-2152.83,0.7646
1953,15,bridge_hazard_intro,0.8333,0,172.1,420,0.0,0.0,1.0,-2637.24,0.7628
1954,15,bridge_hazard_intro,0.9167,0,171.82,420,0.0,0.0,1.0,-2143.49,0.7611
1955,16,bridge_multi_exit,0.1667,0,217.5,420,0.0833,0.0764,1.025,-7509.17,0.9963
1956,16,bridge_multi_exit,0.3333,0,192.5,420,0.1583,0.1258,1.05,-6302.44,0.9931
1957,16,bridge_multi_exit,0.3333,0,234.5,420,0.1667,0.1389,1.05,-7056.05,0.9897
1958,16,bridge_multi_exit,0.5,0,205.33,420,0.0833,0.0764,1.025,-5273.79,0.9867
1959,16,bridge_multi_exit,0.4167,0,258.6,420,0.0833,0.0764,1.025,-6298.11,0.9833
1960,16,bridge_multi_exit,0.3333,0,210.75,420,0.0833,0.0764,1.025,-6121.71,0.98
1961,16,bridge_multi_exit,0.4167,0,199.6,420,0.0533,0.0313,1.025,-5477.71,0.9769
1962,16,bridge_multi_exit,0.3333,0,240.75,420,0.0833,0.0764,1.025,-6277.78,0.9735
1963,16,bridge_multi_exit,0.25,0,126.67,420,0.1667,0.1389,1.05,-6310.19,0.9702
1964,16,bridge_multi_exit,0.4167,0,210.0,420,0.0833,0.0764,1.025,-5837.35,0.967
1965,16,bridge_multi_exit,0.4167,0,238.4,420,0.0833,0.0764,1.025,-6087.74,0.9637
1966,16,bridge_multi_exit,0.25,0,180.33,420,0.1667,0.1389,1.05,-6642.71,0.9603
1967,16,bridge_multi_exit,0.25,0,220.0,420,0.0833,0.0764,1.025,-6309.66,0.9568
1968,16,bridge_multi_exit,0.5,0,234.5,420,0.0833,0.0764,1.025,-5426.94,0.9537
1969,16,bridge_multi_exit,0.4167,0,147.8,420,0.0833,0.0764,1.025,-5477.83,0.9508
1970,16,bridge_multi_exit,0.5,0,225.67,420,0.0833,0.0764,1.025,-5847.17,0.9477
1971,16,bridge_multi_exit,0.3333,0,145.75,420,0.03,0.0099,1.0025,-5249.48,0.9446
1972,16,bridge_multi_exit,0.4167,0,130.2,420,0.0,0.0,1.0,-4703.0,0.9417
1973,16,bridge_multi_exit,0.4167,0,169.4,420,0.0667,0.0489,1.025,-5413.94,0.9387
1974,16,bridge_multi_exit,0.5,0,191.33,420,0.0133,0.002,1.0042,-4824.9,0.9358
1975,16,bridge_multi_exit,0.5833,0,178.86,420,0.0833,0.0764,1.025,-5110.66,0.9332
1976,16,bridge_multi_exit,0.3333,0,183.25,420,0.0,0.0,1.0,-5514.84,0.9299
1977,16,bridge_multi_exit,0.4167,0,148.2,420,0.0833,0.0764,1.025,-5231.92,0.927
1978,16,bridge_multi_exit,0.3333,0,162.0,420,0.0833,0.0764,1.025,-5862.65,0.9238
1979,16,bridge_multi_exit,0.4167,0,150.4,420,0.0483,0.0257,1.0189,-4886.15,0.9209
1980,16,bridge_multi_exit,0.6667,0,195.25,420,0.0833,0.0764,1.025,-4399.04,0.9184
1981,16,bridge_multi_exit,0.5,0,123.83,420,0.0,0.0,1.0,-4078.61,0.9158
1982,16,bridge_multi_exit,0.6667,0,151.88,420,0.0,0.0,1.0,-3360.93,0.9135
1983,16,bridge_multi_exit,0.4167,0,140.8,420,0.0,0.0,1.0,-5122.61,0.9106
1984,16,bridge_multi_exit,0.4167,0,184.8,420,0.0,0.0,1.0,-5078.13,0.9075
1985,16,bridge_multi_exit,0.5833,0,173.57,420,0.0,0.0,1.0,-4080.92,0.9049
1986,16,bridge_multi_exit,0.5,0,194.83,420,0.0833,0.0764,1.025,-5069.6,0.902
1987,16,bridge_multi_exit,0.4167,0,217.8,420,0.0,0.0,1.0,-5463.5,0.8988
1988,16,bridge_multi_exit,0.4167,0,153.2,420,0.0,0.0,1.0,-4892.54,0.8959
1989,16,bridge_multi_exit,0.5833,0,187.71,420,0.0,0.0,1.0,-4190.65,0.8932
1990,16,bridge_multi_exit,0.6667,0,177.12,420,0.0,0.0,1.0,-3704.39,0.8907
1991,16,bridge_multi_exit,0.5833,0,184.43,420,0.0,0.0,1.0,-4143.38,0.888
1992,16,bridge_multi_exit,0.5833,0,180.14,420,0.0,0.0,1.0,-4304.92,0.8854
1993,16,bridge_multi_exit,0.6667,0,154.38,420,0.0833,0.0764,1.025,-3547.92,0.883
1994,16,bridge_multi_exit,0.5833,0,173.57,420,0.0833,0.0764,1.025,-4286.8,0.8804
1995,16,bridge_multi_exit,0.5833,0,171.57,420,0.0,0.0,1.0,-4309.72,0.8778
1996,16,bridge_multi_exit,0.5833,0,190.71,420,0.0833,0.0764,1.0198,-4536.32,0.8751
1997,16,bridge_multi_exit,0.5833,0,154.0,420,0.0833,0.0764,1.025,-3963.08,0.8726
1998,16,bridge_multi_exit,0.8333,0,209.4,420,0.0833,0.0764,1.025,-3808.56,0.8702
1999,16,bridge_multi_exit,0.5833,0,162.86,420,0.0833,0.0764,1.025,-4206.21,0.8677
2000,16,bridge_multi_exit,0.75,0,189.89,420,0.0833,0.0764,1.025,-3610.6,0.8653
2001,16,bridge_multi_exit,0.75,0,232.0,420,0.0,0.0,1.0,-4120.06,0.8627
2002,16,bridge_multi_exit,0.6667,0,185.38,420,0.0567,0.0353,1.025,-3803.14,0.8602
2003,16,bridge_multi_exit,0.75,0,203.33,420,0.0,0.0,1.0,-3565.55,0.8577
2004,16,bridge_multi_exit,0.75,0,203.89,420,0.08,0.0704,1.025,-3842.89,0.8553
2005,16,bridge_multi_exit,0.6667,0,209.88,420,0.0,0.0,1.0,-4057.59,0.8526
2006,16,bridge_multi_exit,0.8333,0,185.1,420,0.0,0.0,1.0,-2854.04,0.8505
2007,16,bridge_multi_exit,0.75,0,235.33,420,0.0,0.0,1.0,-3993.12,0.8478
2008,16,bridge_multi_exit,0.75,0,212.0,420,0.0,0.0,1.0,-3730.8,0.8453
2009,16,bridge_multi_exit,0.75,0,189.67,420,0.0,0.0,1.0,-3342.55,0.8429
2010,16,bridge_multi_exit,0.6667,0,223.25,420,0.0,0.0,1.0,-4193.15,0.8402
2011,16,bridge_multi_exit,0.6667,0,142.0,420,0.0,0.0,1.0,-3645.14,0.838
2012,16,bridge_multi_exit,0.6667,0,148.0,420,0.0,0.0,1.0,-3348.51,0.8357
2013,16,bridge_multi_exit,0.8333,0,147.8,420,0.0,0.0,1.0,-2324.67,0.8339
2014,16,bridge_multi_exit,0.75,0,169.78,420,0.0,0.0,1.0,-3060.15,0.8317
2015,16,bridge_multi_exit,0.8333,0,190.2,420,0.0,0.0,1.0,-2941.33,0.8295
2016,16,bridge_multi_exit,0.6667,0,141.5,420,0.0,0.0,1.0,-3185.32,0.8273
2017,16,bridge_multi_exit,0.75,0,189.0,420,0.0,0.0,1.0,-3392.69,0.8249
2018,16,bridge_multi_exit,0.9167,0,188.45,420,0.0,0.0,1.0,-2490.68,0.8229
2019,16,bridge_multi_exit,0.9167,0,179.55,420,0.0,0.0,1.0,-2331.76,0.821
2020,16,bridge_multi_exit,0.75,0,172.44,420,0.0,0.0,1.0,-3136.95,0.8188
2021,16,bridge_multi_exit,0.75,0,173.44,420,0.0,0.0,1.0,-3133.45,0.8166
2022,16,bridge_multi_exit,0.9167,0,175.73,420,0.0,0.0,1.0,-2288.5,0.8147
2023,16,bridge_multi_exit,0.8333,0,169.4,420,0.0,0.0,1.0,-2642.29,0.8127
2024,16,bridge_multi_exit,0.8333,0,202.0,420,0.0,0.0,1.0,-3122.45,0.8104
2025,16,bridge_multi_exit,0.8333,0,184.6,420,0.0,0.0,1.0,-2831.62,0.8083
2026,16,bridge_multi_exit,0.8333,0,178.5,420,0.0,0.0,1.0,-2957.44,0.8062
2027,16,bridge_multi_exit,0.9167,0,179.36,420,0.0,0.0,1.0,-2277.41,0.8043
2028,16,bridge_multi_exit,0.8333,0,189.2,420,0.0,0.0,1.0,-2890.87,0.8022
2029,16,bridge_multi_exit,0.8333,0,174.3,420,0.0,0.0,1.0,-2658.11,0.8001
2030,16,bridge_multi_exit,0.8333,0,181.0,420,0.0,0.0,1.0,-2797.94,0.798
2031,16,bridge_multi_exit,0.8333,0,141.1,420,0.0,0.0,1.0,-2222.76,0.7963
2032,16,bridge_multi_exit,0.9167,0,177.09,420,0.0,0.0,1.0,-2320.68,0.7944
2033,16,bridge_multi_exit,0.9167,0,171.64,420,0.0,0.0,1.0,-2213.64,0.7926
2034,17,hazard_bypass_medium,0.1667,0,106.0,450,0.1833,0.1364,1.0565,-8152.89,0.9974
2035,17,hazard_bypass_medium,0.25,0,228.67,450,0.2267,0.1369,1.0759,-7103.38,0.9949
2036,17,hazard_bypass_medium,0.25,0,188.67,450,0.25,0.1875,1.075,-7646.39,0.9923
2037,17,hazard_bypass_medium,0.1667,0,216.5,450,0.25,0.1875,1.0749,-8496.33,0.9897
2038,17,hazard_bypass_medium,0.25,0,131.67,450,0.29,0.1771,1.0848,-7209.74,0.9872
2039,17,hazard_bypass_medium,0.3333,0,123.5,450,0.295,0.1873,1.0824,-7224.91,0.985
2040,17,hazard_bypass_medium,0.1667,0,28.0,450,0.21,0.1398,1.0705,-7626.38,0.9825
2041,17,hazard_bypass_medium,0.1667,0,51.0,450,0.2283,0.1602,1.075,-7433.96,0.98
2042,17,hazard_bypass_medium,0.5,0,127.0,450,0.185,0.1365,1.0533,-4989.58,0.9781
2043,17,hazard_bypass_medium,0.1667,0,211.0,450,0.1533,0.1186,1.0501,-7323.85,0.9754
2044,17,hazard_bypass_medium,0.3333,0,131.25,450,0.1667,0.1389,1.0458,-6269.76,0.9732
2045,17,hazard_bypass_medium,0.1667,0,258.5,450,0.2667,0.1558,1.0803,-8344.55,0.9705
2046,17,hazard_bypass_medium,0.1667,0,338.0,450,0.1667,0.1389,1.05,-7896.89,0.9676
2047,17,hazard_bypass_medium,0.25,0,45.33,450,0.2333,0.1456,1.077,-6346.83,0.9654
2048,17,hazard_bypass_medium,0.25,0,255.0,450,0.31,0.1971,1.0962,-7293.22,0.9627
2049,17,hazard_bypass_medium,0.3333,0,166.5,450,0.25,0.1875,1.075,-7124.86,0.9604
2050,17,hazard_bypass_medium,0.5,0,161.67,450,0.25,0.1875,1.075,-5507.4,0.9584
2051,17,hazard_bypass_medium,0.3333,0,196.0,450,0.1633,0.0919,1.0451,-7029.5,0.956
2052,17,hazard_bypass_medium,0.25,0,123.67,450,0.1817,0.1364,1.05,-6902.91,0.9536
2053,17,hazard_bypass_medium,0.3333,0,167.75,450,0.0833,0.0764,1.0221,-6242.53,0.9513
2054,17,hazard_bypass_medium,0.3333,0,177.0,450,0.0833,0.0764,1.025,-6162.68,0.949
2055,17,hazard_bypass_medium,0.1667,0,269.0,450,0.2033,0.1415,1.0583,-7723.49,0.9462
2056,17,hazard_bypass_medium,0.25,0,244.67,450,0.1033,0.0775,1.0255,-7572.94,0.9436
2057,17,hazard_bypass_medium,0.25,0,167.33,450,0.3017,0.191,1.0975,-7584.26,0.9411
2058,17,hazard_bypass_medium,0.1667,0,50.0,450,0.1633,0.1335,1.05,-6804.4,0.9386
2059,17,hazard_bypass_medium,0.3333,0,217.0,450,0.25,0.1875,1.075,-6411.73,0.9362
2060,17,hazard_bypass_medium,0.25,0,256.67,450,0.19,0.1371,1.0627,-7585.69,0.9336
2061,17,hazard_bypass_medium,0.3333,0,168.5,450,0.165,0.1361,1.0487,-7032.6,0.9312
2062,17,hazard_bypass_medium,0.25,0,230.0,450,0.095,0.0759,1.0283,-7348.29,0.9287
2063,17,hazard_bypass_medium,0.1667,0,230.5,450,0.135,0.0971,1.0378,-7293.66,0.926
2064,17,hazard_bypass_medium,0.3333,0,237.25,450,0.0333,0.0122,1.0134,-6903.53,0.9235
2065,17,hazard_bypass_medium,0.3333,0,188.75,450,0.25,0.1875,1.0717,-7125.41,0.9211
2066,17,hazard_bypass_medium,0.3333,0,96.0,450,0.1383,0.1005,1.0339,-5673.49,0.9189
2067,17,hazard_bypass_medium,0.3333,0,148.0,450,0.0833,0.0764,1.025,-6768.34,0.9166
2068,17,hazard_bypass_medium,0.25,0,189.0,450,0.25,0.1875,1.075,-7787.99,0.9141
2069,17,hazard_bypass_medium,0.25,0,272.33,450,0.17,0.1188,1.0477,-7690.07,0.9115
2070,17,hazard_bypass_medium,0.25,0,156.33,450,0.1767,0.1367,1.0526,-6878.05,0.909
2071,17,hazard_bypass_medium,0.25,0,186.67,450,0.25,0.1875,1.0742,-7134.68,0.9065
2072,17,hazard_bypass_medium,0.3333,0,128.25,450,0.3167,0.157,1.0999,-6267.49,0.9043
2073,17,hazard_bypass_medium,0.25,0,133.33,450,0.245,0.1803,1.0749,-6591.73,0.9018
2074,17,hazard_bypass_medium,0.5,0,112.67,450,0.2083,0.1097,1.0707,-4706.04,0.9
2075,17,hazard_bypass_medium,0.3333,0,172.25,450,0.25,0.1875,1.0723,-6312.58,0.8977
2076,17,hazard_bypass_medium,0.4167,0,185.4,450,0.275,0.1615,1.1,-6327.09,0.8955
2077,17,hazard_bypass_medium,0.4167,0,210.8,450,0.0833,0.0764,1.0248,-6367.45,0.8932
2078,17,hazard_bypass_medium,0.3333,0,122.0,450,0.3717,0.2128,1.1131,-6619.15,0.8909
2079,17,hazard_bypass_medium,0.3333,0,149.0,450,0.25,0.1875,1.0707,-6353.24,0.8886
2080,17,hazard_bypass_medium,0.25,0,183.67,450,0.2433,0.143,1.0783,-7689.68,0.8861
2081,17,hazard_bypass_medium,0.3333,0,162.25,450,0.1767,0.1367,1.0525,-6551.48,0.8838
2082,17,hazard_bypass_medium,0.0833,0,176.0,450,0.3433,0.1911,1.1025,-9137.91,0.881
2083,17,hazard_bypass_medium,0.4167,0,195.0,450,0.2133,0.1423,1.0663,-6122.44,0.8788
2084,17,hazard_bypass_medium,0.5,0,159.17,450,0.1483,0.112,1.0407,-5658.8,0.8768
2085,17,hazard_bypass_medium,0.3333,0,305.5,450,0.25,0.1875,1.075,-7742.36,0.8742
2086,17,hazard_bypass_medium,0.3333,0,182.25,450,0.31,0.1971,1.0964,-7157.87,0.8718
2087,17,hazard_bypass_medium,0.5,0,173.17,450,0.255,0.1853,1.075,-5738.28,0.8698
2088,17,hazard_bypass_medium,0.4167,0,229.6,450,0.24,0.1477,1.0755,-6914.92,0.8674
2089,17,hazard_bypass_medium,0.6667,0,195.38,450,0.1667,0.1389,1.0474,-4621.09,0.8656
2090,17,hazard_bypass_medium,0.4167,0,227.0,450,0.2233,0.1553,1.075,-6734.98,0.8633
2091,17,hazard_bypass_medium,0.3333,0,107.75,450,0.1833,0.1364,1.0565,-7026.18,0.8611
2092,17,hazard_bypass_medium,0.5833,0,207.57,450,0.3283,0.1838,1.1128,-5784.97,0.8591
2093,17,hazard_bypass_medium,0.5833,0,192.71,450,0.2583,0.1841,1.0752,-5223.57,0.8571
2094,17,hazard_bypass_medium,0.6667,0,214.25,450,0.49,0.2411,1.1476,-4914.98,0.8552
2095,17,hazard_bypass_medium,0.5,0,229.17,450,0.2733,0.1635,1.0773,-6237.22,0.853
2096,17,hazard_bypass_medium,0.5,0,180.33,450,0.25,0.1699,1.0771,-6117.53,0.8509
2097,17,hazard_bypass_medium,0.5,0,245.33,450,0.3367,0.1823,1.108,-6522.53,0.8486
2098,17,hazard_bypass_medium,0.5,0,260.5,450,0.2783,0.1787,1.0872,-7101.18,0.8463
2099,17,hazard_bypass_medium,0.5,0,159.5,450,0.3167,0.2031,1.1,-5756.11,0.8443
2100,17,hazard_bypass_medium,0.6667,0,205.38,450,0.305,0.1885,1.0991,-4985.5,0.8424
2101,17,hazard_bypass_medium,0.4167,0,173.4,450,0.4217,0.1958,1.1385,-6566.95,0.8403
2102,17,hazard_bypass_medium,0.75,0,211.0,450,0.4167,0.2431,1.125,-5081.93,0.8385
2103,17,hazard_bypass_medium,0.5833,0,183.14,450,0.5,0.25,1.1489,-6059.83,0.8366
2104,17,hazard_bypass_medium,0.6667,0,266.88,450,0.4167,0.2431,1.1229,-6544.61,0.8344
2105,17,hazard_bypass_medium,0.5,0,189.83,450,0.495,0.2453,1.15,-6618.96,0.8323
2106,17,hazard_bypass_medium,0.6667,0,225.0,450,0.4417,0.2135,1.1396,-5293.62,0.8304
2107,17,hazard_bypass_medium,0.9167,0,241.09,450,0.44,0.2273,1.125,-4634.06,0.8287
2108,17,hazard_bypass_medium,0.75,0,235.67,450,0.3333,0.2222,1.1,-5634.98,0.8268
2109,17,hazard_bypass_medium,0.8333,0,219.5,450,0.3333,0.2222,1.1,-4044.6,0.8251
2110,17,hazard_bypass_medium,0.6667,0,201.62,450,0.5,0.25,1.15,-5456.06,0.8232
2111,17,hazard_bypass_medium,0.8333,0,173.4,450,0.3333,0.2222,1.1,-3821.52,0.8218
2112,17,hazard_bypass_medium,0.75,0,167.33,450,0.25,0.1875,1.075,-4137.68,0.8203
2113,17,hazard_bypass_medium,0.6667,0,204.88,450,0.4667,0.2235,1.1324,-5780.03,0.8184
2114,17,hazard_bypass_medium,0.6667,0,224.75,450,0.4167,0.2431,1.1249,-6392.25,0.8164
2115,17,hazard_bypass_medium,0.75,0,204.22,450,0.4167,0.2431,1.1249,-5070.11,0.8147
2116,17,hazard_bypass_medium,0.6667,0,166.25,450,0.33,0.2179,1.1,-5296.1,0.813
2117,17,hazard_bypass_medium,0.6667,0,124.25,450,0.3833,0.2164,1.1125,-4474.45,0.8115
2118,17,hazard_bypass_medium,0.6667,0,189.88,450,0.4167,0.2431,1.125,-5911.35,0.8097
2119,17,hazard_bypass_medium,0.6667,0,203.5,450,0.1667,0.1389,1.05,-6332.71,0.8078
2120,17,hazard_bypass_medium,0.5,0,236.17,450,0.305,0.1933,1.1,-6868.12,0.8055
2121,17,hazard_bypass_medium,0.5833,0,212.71,450,0.25,0.1875,1.0751,-6186.95,0.8035
2122,17,hazard_bypass_medium,0.5,0,129.17,450,0.4467,0.228,1.138,-6852.06,0.8016
2123,17,hazard_bypass_medium,0.75,0,223.67,450,0.3117,0.1985,1.1,-5595.51,0.7998
2124,17,hazard_bypass_medium,0.5,0,170.33,450,0.4167,0.2431,1.125,-7062.02,0.7978
2125,17,hazard_bypass_medium,0.4167,0,229.2,450,0.3333,0.2222,1.1,-8412.65,0.7954
2126,17,hazard_bypass_medium,0.3333,0,313.25,450,0.3333,0.2222,1.1,-8539.65,0.7928
2127,17,hazard_bypass_medium,0.5,0,155.67,450,0.1667,0.1389,1.0501,-6137.81,0.7908
2128,17,hazard_bypass_medium,0.5,0,163.17,450,0.325,0.2119,1.0935,-6693.14,0.7888
2129,17,hazard_bypass_medium,0.4167,0,187.0,450,0.0833,0.0764,1.025,-7826.4,0.7866
2130,17,hazard_bypass_medium,0.5833,0,153.0,450,0.1667,0.1389,1.05,-4757.81,0.7848
2131,17,hazard_bypass_medium,0.5,0,161.67,450,0.3333,0.2222,1.1,-6696.6,0.7828
2132,17,hazard_bypass_medium,0.5833,0,159.29,450,0.3333,0.2222,1.1,-6885.14,0.7809
2133,17,hazard_bypass_medium,0.75,0,210.22,450,0.25,0.1875,1.075,-4995.49,0.7792
2134,17,hazard_bypass_medium,0.6667,0,195.0,450,0.4167,0.2431,1.125,-5420.99,0.7773
2135,17,hazard_bypass_medium,0.75,0,189.67,450,0.3333,0.2222,1.1,-5091.2,0.7757
2136,17,hazard_bypass_medium,0.5,0,136.17,450,0.25,0.1875,1.075,-6191.45,0.7737
2137,17,hazard_bypass_medium,0.6667,0,200.5,450,0.3333,0.2222,1.1,-6205.6,0.7719
2138,17,hazard_bypass_medium,0.75,0,167.89,450,0.3333,0.2222,1.0979,-4060.54,0.7703
2139,17,hazard_bypass_medium,0.6667,0,307.38,450,0.3333,0.2222,1.1,-8400.73,0.768
2140,17,hazard_bypass_medium,0.4167,0,133.4,450,0.4817,0.2354,1.1399,-7186.66,0.7659
2141,17,hazard_bypass_medium,0.6667,0,156.12,450,0.485,0.2375,1.15,-5367.7,0.7643
2142,17,hazard_bypass_medium,0.5833,0,154.29,450,0.25,0.1875,1.0749,-4951.13,0.7625
2143,17,hazard_bypass_medium,0.5833,0,168.43,450,0.3317,0.22,1.1,-5674.89,0.7606
2144,17,hazard_bypass_medium,0.6667,0,155.75,450,0.35,0.1942,1.1134,-4660.19,0.7589
2145,17,hazard_bypass_medium,0.5833,0,176.57,450,0.37,0.2028,1.1189,-5335.49,0.757
2146,17,hazard_bypass_medium,0.6667,0,214.0,450,0.3767,0.2125,1.1074,-5254.12,0.7551
2147,17,hazard_bypass_medium,0.5,0,165.5,450,0.4933,0.2438,1.1483,-6828.89,0.7531
2148,17,hazard_bypass_medium,0.5833,0,136.29,450,0.6017,0.1865,1.1899,-5289.83,0.7514
2149,17,hazard_bypass_medium,0.75,0,195.22,450,0.4,0.2267,1.125,-4840.3,0.7497
2150,17,hazard_bypass_medium,0.8333,0,172.6,450,0.22,0.1331,1.0758,-3579.9,0.7482
2151,17,hazard_bypass_medium,0.75,0,124.56,450,0.375,0.1763,1.1272,-4482.18,0.7469
2152,17,hazard_bypass_medium,0.75,0,179.44,450,0.385,0.1534,1.1306,-4412.42,0.7453
2153,17,hazard_bypass_medium,0.6667,0,133.25,450,0.3317,0.22,1.1,-5218.22,0.7437
2154,17,hazard_bypass_medium,0.5833,0,151.29,450,0.4717,0.2244,1.1419,-6369.76,0.7419
2155,17,hazard_bypass_medium,0.75,0,160.11,450,0.4985,0.1771,1.1672,-4635.55,0.7404
2156,17,hazard_bypass_medium,0.5833,0,183.57,450,0.5283,0.2064,1.1649,-6637.81,0.7385
2157,17,hazard_bypass_medium,0.6667,0,138.38,450,0.5,0.2254,1.1538,-5813.42,0.7369
2158,17,hazard_bypass_medium,0.5833,0,147.14,450,0.385,0.2111,1.119,-5976.36,0.7351
2159,17,hazard_bypass_medium,0.5833,0,162.0,450,0.475,0.2283,1.146,-6537.95,0.7333
2160,17,hazard_bypass_medium,0.6667,0,142.75,450,0.4033,0.2295,1.125,-4642.21,0.7317
2161,17,hazard_bypass_medium,0.4167,0,147.6,450,0.4167,0.2047,1.138,-7807.28,0.7295
2162,17,hazard_bypass_medium,0.5833,0,185.71,450,0.495,0.2453,1.15,-6441.35,0.7276
2163,17,hazard_bypass_medium,0.5,0,159.17,450,0.52,0.2067,1.1676,-6998.78,0.7256
2164,17,hazard_bypass_medium,0.5833,0,196.71,450,0.3067,0.1945,1.088,-6060.2,0.7236
2165,17,hazard_bypass_medium,0.75,0,197.33,450,0.4817,0.2324,1.1499,-5134.58,0.7219
2166,17,hazard_bypass_medium,0.75,0,181.56,450,0.4333,0.1968,1.1499,-4671.74,0.7203
2167,17,hazard_bypass_medium,0.8333,0,170.8,450,0.2233,0.1261,1.0578,-3692.34,0.7189
2168,17,hazard_bypass_medium,0.5,0,141.17,450,0.3917,0.2208,1.1222,-5712.17,0.717
2169,17,hazard_bypass_medium,0.8333,0,205.5,450,0.305,0.1479,1.0929,-4013.66,0.7154
2170,17,hazard_bypass_medium,0.5833,0,203.71,450,0.42,0.2023,1.1286,-5855.55,0.7133
2171,17,hazard_bypass_medium,0.6667,0,209.75,450,0.3183,0.1795,1.0951,-5316.55,0.7115
2172,17,hazard_bypass_medium,0.75,0,230.0,450,0.23,0.1606,1.0651,-4393.4,0.7096
2173,17,hazard_bypass_medium,0.5,0,168.17,450,0.345,0.1865,1.1056,-5520.94,0.7076
2174,17,hazard_bypass_medium,0.4167,0,140.0,450,0.3233,0.21,1.0916,-5938.93,0.7055
2175,17,hazard_bypass_medium,0.5,0,231.5,450,0.3283,0.1729,1.1042,-6392.3,0.7032
2176,17,hazard_bypass_medium,0.5833,0,159.0,450,0.3767,0.2125,1.1079,-4709.61,0.7014
2177,17,hazard_bypass_medium,0.3333,0,163.0,450,0.2133,0.1067,1.0661,-6738.55,0.6991
2178,17,hazard_bypass_medium,0.4167,0,78.8,450,0.255,0.1822,1.0734,-5380.89,0.6972
2179,17,hazard_bypass_medium,0.5833,0,197.71,450,0.4458,0.211,1.1342,-6169.6,0.6952
2180,17,hazard_bypass_medium,0.5,0,197.83,450,0.2033,0.1415,1.0638,-6054.64,0.6931
2181,17,hazard_bypass_medium,0.6667,0,218.38,450,0.4783,0.2335,1.15,-4913.27,0.6911
2182,17,hazard_bypass_medium,0.5,0,189.33,450,0.2333,0.1389,1.0767,-5489.6,0.6891
2183,17,hazard_bypass_medium,0.5,0,177.0,450,0.18,0.1364,1.0541,-5932.94,0.687
2184,17,hazard_bypass_medium,0.6667,0,123.12,450,0.05,0.0275,1.0205,-3645.79,0.6855
2185,17,hazard_bypass_medium,0.6667,0,182.38,450,0.3333,0.2222,1.1,-4719.46,0.6837
2186,17,hazard_bypass_medium,0.5,0,190.33,450,0.165,0.1361,1.05,-5558.77,0.6816
2187,17,hazard_bypass_medium,0.5,0,243.0,450,0.0833,0.0764,1.025,-5720.47,0.6794
2188,17,hazard_bypass_medium,0.5833,0,171.0,450,0.25,0.1875,1.075,-5006.58,0.6775
2189,17,hazard_bypass_medium,0.6667,0,176.88,450,0.1667,0.1389,1.05,-4974.61,0.6757
2190,17,hazard_bypass_medium,0.5833,0,136.29,450,0.25,0.1875,1.0748,-4556.56,0.674
2191,17,hazard_bypass_medium,0.6667,0,186.25,450,0.1867,0.1158,1.0561,-4726.42,0.6722
2192,17,hazard_bypass_medium,0.6667,0,205.5,450,0.25,0.1875,1.075,-5486.68,0.6703
2193,17,hazard_bypass_medium,0.5,0,131.0,450,0.095,0.0755,1.0285,-5163.01,0.6684
2194,17,hazard_bypass_medium,0.8333,0,197.0,450,0.25,0.1875,1.075,-4224.78,0.6668
2195,17,hazard_bypass_medium,0.8333,0,143.6,450,0.3333,0.2222,1.1,-3467.44,0.6656
2196,17,hazard_bypass_medium,0.9167,0,172.45,450,0.1667,0.1389,1.05,-2839.44,0.6643
2197,17,hazard_bypass_medium,0.5,0,207.83,450,0.1667,0.1389,1.05,-7449.37,0.6622
2198,17,hazard_bypass_medium,0.5833,0,195.86,450,0.1667,0.1389,1.05,-6250.85,0.6602
2199,17,hazard_bypass_medium,0.4167,0,165.4,450,0.4167,0.2431,1.125,-7443.46,0.658
2200,17,hazard_bypass_medium,0.5833,0,184.29,450,0.3333,0.2222,1.1,-6826.59,0.6561
2201,17,hazard_bypass_medium,0.5,0,127.33,450,0.3333,0.2222,1.1,-6942.9,0.6542
2202,17,hazard_bypass_medium,0.5,0,128.5,450,0.4033,0.2295,1.125,-6813.46,0.6523
2203,17,hazard_bypass_medium,0.4167,0,197.0,450,0.25,0.1875,1.0747,-7216.47,0.6501
2204,17,hazard_bypass_medium,0.5,0,140.67,450,0.2483,0.185,1.075,-6022.57,0.6481
2205,17,hazard_bypass_medium,0.5833,0,144.14,450,0.25,0.1875,1.075,-5953.94,0.6463
2206,17,hazard_bypass_medium,0.6667,0,189.5,450,0.3333,0.2222,1.1,-5233.53,0.6445
2207,17,hazard_bypass_medium,0.5833,0,236.0,450,0.27,0.1819,1.0851,-6095.61,0.6424
2208,17,hazard_bypass_medium,0.3333,0,156.25,450,0.4967,0.2468,1.1445,-6944.38,0.6401
2209,17,hazard_bypass_medium,0.3333,0,97.5,450,0.2046,0.1317,1.0725,-5999.69,0.6379
2210,17,hazard_bypass_medium,0.25,0,147.33,450,0.4167,0.2431,1.119,-7534.15,0.6355
2211,17,hazard_bypass_medium,0.4167,0,210.8,450,0.3133,0.1614,1.0987,-7197.89,0.6332
2212,17,hazard_bypass_medium,0.4167,0,240.2,450,0.285,0.1732,1.0895,-6399.82,0.6308
2213,17,hazard_bypass_medium,0.4167,0,204.4,450,0.175,0.1187,1.0607,-6192.1,0.6286
2214,17,hazard_bypass_medium,0.25,0,206.67,450,0.2617,0.1289,1.0908,-7384.63,0.626
2215,17,hazard_bypass_medium,0.3333,0,243.75,450,0.3988,0.1964,1.1287,-6970.8,0.6235
2216,17,hazard_bypass_medium,0.5,0,161.67,450,0.3367,0.1948,1.1074,-5073.78,0.6215
2217,17,hazard_bypass_medium,0.4167,0,228.8,450,0.29,0.1819,1.0868,-6475.83,0.6192
2218,17,hazard_bypass_medium,0.25,0,89.0,450,0.52,0.1776,1.183,-6716.76,0.6168
2219,17,hazard_bypass_medium,0.3333,0,268.0,450,0.3317,0.1828,1.104,-7110.23,0.6143
2220,17,hazard_bypass_medium,0.25,0,204.0,450,0.4033,0.1298,1.1343,-7721.61,0.6118
2221,17,hazard_bypass_medium,0.1667,0,56.0,450,0.58,0.1928,1.1711,-7050.84,0.6092
2222,17,hazard_bypass_medium,0.3333,0,345.0,450,0.5,0.19,1.1731,-7468.65,0.6065
2223,17,hazard_bypass_medium,0.3333,0,182.5,450,0.28,0.1627,1.0816,-6031.96,0.6042
2224,17,hazard_bypass_medium,0.3333,0,70.0,450,0.3204,0.1242,1.106,-5537.61,0.6021
2225,17,hazard_bypass_medium,0.1667,0,163.5,450,0.2041,0.1362,1.0645,-7039.17,0.5994
2226,17,hazard_bypass_medium,0.1667,0,57.5,450,0.1317,0.0848,1.04,-6825.29,0.5969
2227,17,hazard_bypass_medium,0.3333,0,148.5,450,0.1733,0.1025,1.0374,-6917.18,0.5946
2228,17,hazard_bypass_medium,0.25,0,89.33,450,0.1667,0.1389,1.0502,-7520.81,0.5923
2229,17,hazard_bypass_medium,0.25,0,133.67,450,0.3456,0.1613,1.1103,-7477.55,0.5899
2230,17,hazard_bypass_medium,0.4167,0,206.8,450,0.3668,0.2061,1.1114,-6987.79,0.5876
2231,17,hazard_bypass_medium,0.25,0,118.33,450,0.3167,0.1765,1.0898,-7714.85,0.5852
2232,17,hazard_bypass_medium,0.3333,0,143.75,450,0.325,0.1795,1.0875,-6805.72,0.5829
2233,17,hazard_bypass_medium,0.3333,0,129.75,450,0.28,0.1824,1.0776,-6333.56,0.5807
2234,17,hazard_bypass_medium,0.3333,0,118.0,450,0.356,0.1594,1.1054,-6638.2,0.5784
2235,17,hazard_bypass_medium,0.0833,0,91.0,450,0.3106,0.1976,1.0879,-7703.9,0.5757
2236,17,hazard_bypass_medium,0.0833,0,35.0,450,0.4161,0.1201,1.1372,-8097.38,0.573
2237,17,hazard_bypass_medium,0.5,0,151.67,450,0.235,0.1501,1.0605,-4717.54,0.571
2238,17,hazard_bypass_medium,0.25,0,95.67,450,0.2633,0.1391,1.0808,-6523.97,0.5687
2239,17,hazard_bypass_medium,0.25,0,135.33,450,0.2767,0.1615,1.0891,-6750.65,0.5662
2240,17,hazard_bypass_medium,0.25,0,159.67,450,0.4669,0.178,1.1612,-6749.03,0.5638
2241,17,hazard_bypass_medium,0.3333,0,110.25,450,0.2783,0.1668,1.085,-5731.5,0.5616
2242,17,hazard_bypass_medium,0.1667,0,154.5,450,0.3545,0.1844,1.1106,-7135.67,0.5589
2243,17,hazard_bypass_medium,0.0833,0,5.0,450,0.3017,0.1848,1.085,-7577.61,0.5562
2244,17,hazard_bypass_medium,0.25,0,109.0,450,0.3317,0.22,1.0946,-6247.07,0.5539
2245,17,hazard_bypass_medium,0.25,0,74.0,450,0.2392,0.1404,1.0785,-6357.29,0.5515
2246,17,hazard_bypass_medium,0.3333,0,82.75,450,0.1283,0.0804,1.034,-5671.44,0.5494
2247,17,hazard_bypass_medium,0.25,0,146.0,450,0.1767,0.1108,1.055,-6373.05,0.5469
2248,17,hazard_bypass_medium,0.25,0,100.67,450,0.1317,0.0871,1.0397,-6125.38,0.5446
2249,17,hazard_bypass_medium,0.3333,0,144.25,450,0.14,0.0415,1.0452,-5804.4,0.5423
2250,17,hazard_bypass_medium,0.3333,0,183.75,450,0.1217,0.0535,1.0413,-5794.06,0.5399
2251,17,hazard_bypass_medium,0.5,0,90.67,450,0.0583,0.0374,1.025,-4177.88,0.5382
2252,17,hazard_bypass_medium,0.5833,0,170.71,450,0.165,0.0967,1.0504,-4415.76,0.5363
2253,17,hazard_bypass_medium,0.75,0,167.78,450,0.015,0.0025,1.0,-3331.34,0.5347
2254,17,hazard_bypass_medium,0.6667,0,171.12,450,0.19,0.1371,1.062,-4042.72,0.533
2255,17,hazard_bypass_medium,0.75,0,168.33,450,0.1517,0.1164,1.0498,-3369.94,0.5315
2256,17,hazard_bypass_medium,0.8333,0,105.4,450,0.04,0.0176,1.0114,-1786.41,0.5304
2257,17,hazard_bypass_medium,0.6667,0,179.25,450,0.065,0.0177,1.0175,-3848.73,0.5286
2258,17,hazard_bypass_medium,0.5833,0,147.86,450,0.18,0.1183,1.0527,-4148.29,0.5268
2259,17,hazard_bypass_medium,0.6667,0,100.75,450,0.0583,0.0374,1.025,-2910.42,0.5254
2260,17,hazard_bypass_medium,0.5833,0,171.86,450,0.0317,0.011,1.0025,-4185.56,0.5235
2261,17,hazard_bypass_medium,0.3333,0,102.25,450,0.025,0.0069,1.0135,-5461.94,0.5214
2262,17,hazard_bypass_medium,0.5,0,146.83,450,0.0367,0.0148,1.014,-4481.26,0.5194
2263,17,hazard_bypass_medium,0.5,0,160.83,450,0.0997,0.056,1.0263,-4713.92,0.5174
2264,17,hazard_bypass_medium,0.6667,0,94.5,450,0.2033,0.0951,1.0737,-3228.28,0.516
2265,17,hazard_bypass_medium,0.5833,0,173.86,450,0.275,0.1597,1.0871,-4506.02,0.5141
2266,17,hazard_bypass_medium,0.5833,0,61.29,450,0.075,0.0283,1.0191,-3353.85,0.5127
2267,17,hazard_bypass_medium,0.6667,0,90.75,450,0.1533,0.062,1.0595,-2887.15,0.5113
2268,17,hazard_bypass_medium,0.9167,0,149.36,450,0.1227,0.0535,1.0505,-1939.85,0.5102
2269,17,hazard_bypass_medium,0.9167,0,163.55,450,0.1217,0.0564,1.0455,-2102.21,0.5089
2270,17,hazard_bypass_medium,0.9167,0,161.55,450,0.1,0.0517,1.0402,-2152.46,0.5077
2271,17,hazard_bypass_medium,0.8333,0,124.5,450,0.125,0.0341,1.0473,-2200.59,0.5065
2272,17,hazard_bypass_medium,1.0,1,126.58,395,0.0717,0.0177,1.0231,-841.69,0.5057
2273,17,hazard_bypass_medium,1.0,1,97.0,253,0.125,0.0483,1.041,-438.44,0.5051
2274,17,hazard_bypass_medium,1.0,1,131.25,368,0.15,0.0737,1.0631,-1006.03,0.5042
2275,17,hazard_bypass_medium,1.0,1,171.92,392,0.035,0.0135,1.0138,-1616.37,0.5031
2276,17,hazard_bypass_medium,1.0,1,150.83,343,0.065,0.0351,1.0248,-1364.73,0.5021
2277,17,hazard_bypass_medium,0.9167,0,153.82,450,0.0433,0.0207,1.013,-2021.07,0.5009
2278,17,hazard_bypass_medium,1.0,1,124.42,427,0.0467,0.0142,1.0078,-874.94,0.5001
2279,17,hazard_bypass_medium,1.0,1,148.42,304,0.09,0.0406,1.0334,-1259.33,0.4992
2280,17,hazard_bypass_medium,1.0,1,104.0,200,0.05,0.0275,1.0205,-543.22,0.4985
2281,17,hazard_bypass_medium,1.0,1,146.0,270,0.0,0.0,1.0,-1293.01,0.4975
2282,17,hazard_bypass_medium,1.0,1,109.67,270,0.0,0.0,1.0,-609.32,0.4968
2283,17,hazard_bypass_medium,0.9167,0,176.27,450,0.0983,0.038,1.022,-2230.31,0.4955
2284,18,mall_medium,0.3333,0,108.75,450,0.1667,0.1389,1.05,-5560.82,0.9974
2285,18,mall_medium,0.25,0,24.33,450,0.0833,0.0764,1.025,-5688.02,0.9947
2286,18,mall_medium,0.3333,0,128.75,450,0.0833,0.0764,1.025,-5601.56,0.9921
2287,18,mall_medium,0.3333,0,106.0,450,0.0833,0.0764,1.025,-6090.51,0.9895
2288,18,mall_medium,0.1667,0,29.0,450,0.0,0.0,1.0,-6367.63,0.9865
2289,18,mall_medium,0.1667,0,91.5,450,0.0833,0.0764,1.0243,-6546.19,0.9835
2290,18,mall_medium,0.5,0,155.17,450,0.0,0.0,1.0,-4786.39,0.9811
2291,18,mall_medium,0.25,0,47.33,450,0.0833,0.0764,1.025,-6074.92,0.9784
2292,18,mall_medium,0.25,0,32.33,450,0.0733,0.0592,1.0172,-5596.82,0.9757
2293,18,mall_medium,0.3333,0,117.5,450,0.0,0.0,1.0,-5374.45,0.9731
2294,18,mall_medium,0.25,0,157.67,450,0.0767,0.0647,1.025,-6411.97,0.9702
2295,18,mall_medium,0.25,0,115.0,450,0.0,0.0,1.0,-6108.69,0.9673
2296,18,mall_medium,0.4167,0,81.6,450,0.0833,0.0764,1.0247,-4933.62,0.965
2297,18,mall_medium,0.5,0,155.0,450,0.0833,0.0764,1.025,-4756.8,0.9627
2298,18,mall_medium,0.3333,0,169.5,450,0.06,0.0396,1.01,-5836.38,0.9599
2299,18,mall_medium,0.3333,0,80.75,450,0.02,0.0044,1.0,-5186.54,0.9574
2300,18,mall_medium,0.3333,0,213.25,450,0.0433,0.0207,1.0158,-5964.6,0.9545
2301,18,mall_medium,0.25,0,37.33,450,0.0833,0.0764,1.025,-5847.92,0.9518
2302,18,mall_medium,0.5833,0,199.43,450,0.0,0.0,1.0,-4506.23,0.9495
2303,18,mall_medium,0.3333,0,27.0,450,0.0,0.0,1.0,-4958.65,0.9471
2304,18,mall_medium,0.25,0,271.33,450,0.0833,0.0764,1.025,-6790.09,0.9439
2305,18,mall_medium,0.4167,0,77.4,450,0.0,0.0,1.0,-4554.11,0.9416
2306,18,mall_medium,0.5,0,157.33,450,0.0,0.0,1.0,-4566.37,0.9393
2307,18,mall_medium,0.4167,0,80.0,450,0.0833,0.0764,1.025,-4680.4,0.937
2308,18,mall_medium,0.5833,0,240.29,450,0.0,0.0,1.0,-4956.19,0.9344
2309,18,mall_medium,0.5,0,109.67,450,0.0,0.0,1.0,-4202.38,0.9323
2310,18,mall_medium,0.3333,0,150.0,450,0.0,0.0,1.0,-5627.47,0.9295
2311,18,mall_medium,0.5,0,150.67,450,0.0383,0.0162,1.0124,-4656.88,0.9272
2312,18,mall_medium,0.4167,0,148.2,450,0.0,0.0,1.0,-5085.32,0.9247
2313,18,mall_medium,0.3333,0,86.25,450,0.0,0.0,1.0,-5202.88,0.9221
2314,18,mall_medium,0.4167,0,168.8,450,0.0833,0.0764,1.025,-5154.72,0.9196
2315,18,mall_medium,0.4167,0,197.6,450,0.0833,0.0764,1.0239,-5714.75,0.9169
2316,18,mall_medium,0.5,0,190.67,450,0.0,0.0,1.0,-4831.11,0.9144
2317,18,mall_medium,0.3333,0,120.25,450,0.0833,0.0764,1.025,-5569.77,0.9118
2318,18,mall_medium,0.5,0,154.0,450,0.0,0.0,1.0,-4485.44,0.9094
2319,18,mall_medium,0.5,0,156.0,450,0.0,0.0,1.0,-4574.76,0.9071
2320,18,mall_medium,0.3333,0,41.75,450,0.0,0.0,1.0,-4851.81,0.9046
2321,18,mall_medium,0.5,0,164.0,450,0.0,0.0,1.0,-4742.11,0.9022
2322,18,mall_medium,0.4167,0,115.4,450,0.0,0.0,1.0,-4795.61,0.8998
2323,18,mall_medium,0.4167,0,130.0,450,0.0,0.0,1.0,-4827.26,0.8974
2324,18,mall_medium,0.5833,0,221.29,450,0.0,0.0,1.0,-4758.11,0.8949
2325,18,mall_medium,0.4167,0,106.4,450,0.0,0.0,1.0,-4573.55,0.8925
2326,18,mall_medium,0.5833,0,204.29,450,0.0,0.0,1.0,-4493.97,0.8902
2327,18,mall_medium,0.6667,0,181.75,450,0.0,0.0,1.0,-3805.82,0.888
2328,18,mall_medium,0.5833,0,197.14,450,0.0,0.0,1.0,-4385.72,0.8857
2329,18,mall_medium,0.5833,0,223.43,450,0.0,0.0,1.0,-4682.67,0.8832
2330,18,mall_medium,0.5833,0,151.0,450,0.0,0.0,1.0,-3973.93,0.8811
2331,18,mall_medium,0.4167,0,122.4,450,0.0,0.0,1.0,-4764.63,0.8787
2332,18,mall_medium,0.6667,0,183.5,450,0.0,0.0,1.0,-3777.51,0.8765
2333,18,mall_medium,0.6667,0,204.62,450,0.0,0.0,1.0,-3999.65,0.8743
2334,18,mall_medium,0.6667,0,203.75,450,0.0,0.0,1.0,-4031.24,0.8721
2335,18,mall_medium,0.5833,0,210.0,450,0.0,0.0,1.0,-4448.26,0.8697
2336,18,mall_medium,0.6667,0,177.38,450,0.0,0.0,1.0,-3698.22,0.8676
2337,18,mall_medium,0.5,0,147.0,450,0.0,0.0,1.0,-4402.34,0.8653
2338,18,mall_medium,0.5,0,170.67,450,0.0,0.0,1.0,-4739.38,0.8629
2339,18,mall_medium,0.75,0,229.11,450,0.0,0.0,1.0,-3872.25,0.8607
2340,18,mall_medium,0.6667,0,132.5,450,0.0,0.0,1.0,-3236.71,0.8588
2341,18,mall_medium,0.4167,0,95.0,450,0.0,0.0,1.0,-4520.92,0.8565
2342,18,mall_medium,0.5,0,171.0,450,0.0,0.0,1.0,-4594.97,0.8541
2343,18,mall_medium,0.6667,0,175.12,450,0.0,0.0,1.0,-3748.86,0.852
2344,18,mall_medium,0.8333,0,233.6,450,0.0,0.0,1.0,-3600.58,0.8499
2345,18,mall_medium,0.6667,0,179.75,450,0.0,0.0,1.0,-3700.8,0.8478
2346,18,mall_medium,0.5833,0,186.0,450,0.0,0.0,1.0,-4307.39,0.8455
2347,18,mall_medium,0.75,0,186.89,450,0.0,0.0,1.0,-3352.21,0.8436
2348,18,mall_medium,0.6667,0,183.75,450,0.0,0.0,1.0,-3761.62,0.8415
2349,18,mall_medium,0.5833,0,188.43,450,0.0,0.0,1.0,-4278.4,0.8391
2350,18,mall_medium,0.5833,0,145.71,450,0.0,0.0,1.0,-3895.39,0.837
2351,18,mall_medium,0.5833,0,168.29,450,0.0,0.0,1.0,-4138.75,0.8348
2352,18,mall_medium,0.6667,0,149.25,450,0.0,0.0,1.0,-3326.19,0.8329
2353,18,mall_medium,0.5833,0,174.14,450,0.0,0.0,1.0,-4127.55,0.8306
2354,18,mall_medium,0.75,0,167.22,450,0.0,0.0,1.0,-3131.78,0.8288
2355,18,mall_medium,0.6667,0,157.12,450,0.0,0.0,1.0,-3477.85,0.8268
2356,18,mall_medium,0.9167,0,169.36,450,0.0,0.0,1.0,-2144.54,0.8253
2357,18,mall_medium,0.5,0,161.17,450,0.0,0.0,1.0,-4546.74,0.8229
2358,18,mall_medium,0.6667,0,154.38,450,0.0,0.0,1.0,-3430.42,0.821
2359,18,mall_medium,0.8333,0,157.5,450,0.0,0.0,1.0,-2492.53,0.8194
2360,18,mall_medium,0.9167,0,173.09,450,0.0,0.0,1.0,-2265.4,0.8179
2361,18,mall_medium,0.8333,0,215.1,450,0.0,0.0,1.0,-3256.5,0.8159
2362,18,mall_medium,0.75,0,144.67,450,0.0,0.0,1.0,-2830.15,0.8142
2363,18,mall_medium,0.8333,0,234.4,450,0.0,0.0,1.0,-3546.63,0.8121
2364,18,mall_medium,0.75,0,158.11,450,0.0,0.0,1.0,-3017.28,0.8103
2365,18,mall_medium,0.75,0,181.89,450,0.0,0.0,1.0,-3307.92,0.8083
2366,18,mall_medium,0.9167,0,181.09,450,0.0,0.0,1.0,-2318.09,0.8068
2367,18,mall_medium,0.6667,0,177.62,450,0.0,0.0,1.0,-3677.89,0.8047
2368,18,mall_medium,0.8333,0,141.1,450,0.0,0.0,1.0,-2222.18,0.8032
2369,18,mall_medium,0.8333,0,137.1,450,0.0,0.0,1.0,-2178.31,0.8017
2370,18,mall_medium,0.75,0,134.78,450,0.0,0.0,1.0,-2692.42,0.8001
2371,18,mall_medium,0.6667,0,151.25,450,0.0,0.0,1.0,-3398.56,0.7981
2372,18,mall_medium,0.9167,0,189.0,450,0.0,0.0,1.0,-2440.11,0.7965
2373,18,mall_medium,0.75,0,158.22,450,0.0,0.0,1.0,-2979.0,0.7947
2374,18,mall_medium,0.9167,0,236.64,450,0.0,0.0,1.0,-3144.75,0.7927
2375,18,mall_medium,0.75,0,191.67,450,0.0,0.0,1.0,-3319.54,0.7907
2376,18,mall_medium,0.75,0,160.22,450,0.0,0.0,1.0,-2976.28,0.7889
2377,18,mall_medium,0.75,0,196.0,450,0.0,0.0,1.0,-3439.08,0.7869
2378,18,mall_medium,0.75,0,183.11,450,0.0,0.0,1.0,-3306.92,0.785
2379,18,mall_medium,0.5833,0,184.86,450,0.0,0.0,1.0,-4189.73,0.7827
2380,18,mall_medium,0.5833,0,113.86,450,0.0,0.0,1.0,-3522.34,0.7807
2381,18,mall_medium,0.5,0,131.33,450,0.0,0.0,1.0,-4245.74,0.7784
2382,18,mall_medium,0.6667,0,154.12,450,0.0,0.0,1.0,-3426.98,0.7765
2383,18,mall_medium,0.5833,0,128.57,450,0.0,0.0,1.0,-3664.01,0.7744
2384,18,mall_medium,0.6667,0,217.12,450,0.0,0.0,1.0,-4079.63,0.7722
2385,18,mall_medium,0.5833,0,159.57,450,0.0,0.0,1.0,-3983.75,0.77
2386,18,mall_medium,0.6667,0,191.75,450,0.0,0.0,1.0,-3850.38,0.7678
2387,18,mall_medium,0.5833,0,169.57,450,0.0,0.0,1.0,-4057.87,0.7656
2388,18,mall_medium,0.8333,0,202.5,450,0.0,0.0,1.0,-3103.48,0.7637
2389,18,mall_medium,0.8333,0,188.5,450,0.0,0.0,1.0,-2916.6,0.7619
2390,18,mall_medium,0.6667,0,132.75,450,0.0,0.0,1.0,-3233.73,0.76
2391,18,mall_medium,0.6667,0,142.75,450,0.0,0.0,1.0,-3337.69,0.7581
2392,18,mall_medium,0.5833,0,80.14,450,0.0,0.0,1.0,-3333.67,0.7563
2393,18,mall_medium,0.5833,0,148.29,450,0.0,0.0,1.0,-3988.94,0.7542
2394,18,mall_medium,0.5833,0,148.86,450,0.0,0.0,1.0,-4027.8,0.7521
2395,18,mall_medium,0.6667,0,191.88,450,0.0,0.0,1.0,-3880.26,0.7499
2396,18,mall_medium,0.4167,0,70.2,450,0.0,0.0,1.0,-4485.21,0.7477
2397,18,mall_medium,0.5833,0,176.86,450,0.0,0.0,1.0,-4293.85,0.7454
2398,18,mall_medium,0.4167,0,135.8,450,0.0,0.0,1.0,-5011.98,0.7429
2399,18,mall_medium,0.6667,0,166.75,450,0.0,0.0,1.0,-3586.08,0.7409
2400,18,mall_medium,0.6667,0,181.25,450,0.0,0.0,1.0,-3839.67,0.7388
2401,18,mall_medium,0.5833,0,203.86,450,0.0,0.0,1.0,-4504.82,0.7364
2402,18,mall_medium,0.6667,0,153.5,450,0.0,0.0,1.0,-3466.36,0.7345
2403,18,mall_medium,0.5833,0,98.43,450,0.0,0.0,1.0,-3533.35,0.7326
2404,18,mall_medium,0.5,0,100.33,450,0.0,0.0,1.0,-4005.85,0.7304
2405,18,mall_medium,0.6667,0,142.25,450,0.0,0.0,1.0,-3426.81,0.7285
2406,18,mall_medium,0.5833,0,121.71,450,0.0,0.0,1.0,-3657.73,0.7265
2407,18,mall_medium,0.5833,0,134.43,450,0.0,0.0,1.0,-3774.49,0.7244
2408,18,mall_medium,0.5833,0,194.14,450,0.0,0.0,1.0,-4323.57,0.7221
2409,18,mall_medium,0.5833,0,135.43,450,0.0,0.0,1.0,-3843.03,0.72
2410,18,mall_medium,0.5,0,90.17,450,0.0,0.0,1.0,-4031.03,0.7179
2411,18,mall_medium,0.8333,0,178.3,450,0.0,0.0,1.0,-2811.56,0.7162
2412,18,mall_medium,0.6667,0,124.62,450,0.0,0.0,1.0,-3175.82,0.7144
2413,18,mall_medium,0.75,0,140.0,450,0.0,0.0,1.0,-2738.8,0.7127
2414,18,mall_medium,0.75,0,120.89,450,0.0,0.0,1.0,-2526.55,0.7111
2415,18,mall_medium,0.75,0,151.22,450,0.0,0.0,1.0,-2860.52,0.7094
2416,18,mall_medium,0.8333,0,133.4,450,0.0,0.0,1.0,-2111.51,0.7079
2417,18,mall_medium,0.8333,0,140.9,450,0.0,0.0,1.0,-2205.86,0.7064
2418,18,mall_medium,0.9167,0,150.45,450,0.0,0.0,1.0,-1788.65,0.7051
2419,18,mall_medium,0.9167,0,174.45,450,0.0,0.0,1.0,-2184.59,0.7036
2420,18,mall_medium,0.9167,0,141.64,450,0.0,0.0,1.0,-1696.8,0.7023
2421,18,mall_medium,0.9167,0,145.55,450,0.0,0.0,1.0,-1760.03,0.7009
2422,18,mall_medium,0.9167,0,176.18,450,0.0,0.0,1.0,-2197.42,0.6994
2423,18,mall_medium,0.9167,0,140.45,450,0.0,0.0,1.0,-1590.79,0.6981
2424,18,mall_medium,0.9167,0,134.82,450,0.0,0.0,1.0,-1548.42,0.6968
2425,18,mall_medium,0.9167,0,105.27,450,0.0,0.0,1.0,-1118.51,0.6958
2426,18,mall_medium,0.8333,0,124.7,450,0.0,0.0,1.0,-1977.1,0.6944
2427,18,mall_medium,0.9167,0,143.55,450,0.0,0.0,1.0,-1693.29,0.6931
2428,18,mall_medium,0.8333,0,108.5,450,0.0,0.0,1.0,-1788.96,0.6918
2429,18,mall_medium,1.0,1,142.5,413,0.0,0.0,1.0,-1133.22,0.6907
2430,18,mall_medium,0.8333,0,133.1,450,0.0,0.0,1.0,-2138.63,0.6893
2431,18,mall_medium,1.0,1,125.33,397,0.0,0.0,1.0,-901.71,0.6883
2432,18,mall_medium,1.0,1,161.25,320,0.0,0.0,1.0,-1496.54,0.687
2433,18,mall_medium,0.9167,0,134.73,450,0.0,0.0,1.0,-1553.49,0.6858
2434,19,hazard_dense_office,0.0833,0,273.0,450,0.225,0.1569,1.0733,-9307.76,0.9972
2435,19,hazard_dense_office,0.0833,0,181.0,450,0.1933,0.1378,1.0629,-9049.96,0.9944
2436,19,hazard_dense_office,0.1667,0,298.0,450,0.3333,0.2222,1.0998,-10468.22,0.9916
2437,19,hazard_dense_office,0.0,0,450,450,0.3017,0.191,1.0975,-9277.26,0.9886
2438,19,hazard_dense_office,0.0833,0,396.0,450,0.5817,0.2417,1.1749,-10678.96,0.9857
2439,19,hazard_dense_office,0.25,0,165.33,450,0.3533,0.211,1.1033,-8540.72,0.9833
2440,19,hazard_dense_office,0.0833,0,61.0,450,0.3233,0.21,1.1,-9110.45,0.9805
2441,19,hazard_dense_office,0.0833,0,85.0,450,0.4133,0.2393,1.1198,-8814.35,0.9778
2442,19,hazard_dense_office,0.0833,0,164.0,450,0.325,0.2119,1.1,-9748.35,0.975
2443,19,hazard_dense_office,0.1667,0,279.0,450,0.2517,0.1468,1.0727,-7915.59,0.9722
2444,19,hazard_dense_office,0.1667,0,276.5,450,0.3333,0.2222,1.1,-9409.01,0.9695
2445,19,hazard_dense_office,0.1667,0,209.5,450,0.2133,0.1343,1.0489,-7750.91,0.9668
2446,19,hazard_dense_office,0.1667,0,152.5,450,0.255,0.1853,1.075,-8633.38,0.9642
2447,19,hazard_dense_office,0.25,0,98.67,450,0.1783,0.1365,1.0514,-7108.3,0.9618
2448,19,hazard_dense_office,0.1667,0,67.5,450,0.4617,0.2278,1.1414,-8539.75,0.9593
2449,19,hazard_dense_office,0.0833,0,99.0,450,0.3133,0.2,1.1001,-9095.82,0.9566
2450,19,hazard_dense_office,0.25,0,154.0,450,0.3333,0.2222,1.1006,-8599.13,0.9541
2451,19,hazard_dense_office,0.0833,0,139.0,450,0.3233,0.2097,1.1,-8447.57,0.9513
2452,19,hazard_dense_office,0.25,0,226.33,450,0.3267,0.2138,1.0986,-7648.71,0.9487
2453,19,hazard_dense_office,0.25,0,276.67,450,0.4167,0.2431,1.1214,-9264.81,0.9461
2454,19,hazard_dense_office,0.0833,0,383.0,450,0.3333,0.1613,1.1011,-9882.3,0.9432
2455,19,hazard_dense_office,0.0,0,450,450,0.38,0.2151,1.1176,-10512.23,0.9402
2456,19,hazard_dense_office,0.0833,0,151.0,450,0.28,0.1583,1.0921,-9091.71,0.9375
2457,19,hazard_dense_office,0.25,0,117.0,450,0.25,0.1875,1.075,-7469.28,0.9351
2458,19,hazard_dense_office,0.1667,0,169.0,450,0.4467,0.228,1.138,-9611.73,0.9324
2459,19,hazard_dense_office,0.25,0,167.33,450,0.3,0.1494,1.103,-7862.04,0.93
2460,19,hazard_dense_office,0.1667,0,227.0,450,0.3117,0.1985,1.0964,-8430.31,0.9273
2461,19,hazard_dense_office,0.1667,0,115.5,450,0.3,0.1833,1.0964,-7545.28,0.9247
2462,19,hazard_dense_office,0.0833,0,67.0,450,0.25,0.1459,1.0719,-8263.9,0.9219
2463,19,hazard_dense_office,0.25,0,139.33,450,0.3583,0.2008,1.0982,-7035.93,0.9195
2464,19,hazard_dense_office,0.3333,0,186.0,450,0.21,0.1451,1.0658,-6175.16,0.9171
2465,19,hazard_dense_office,0.3333,0,125.0,450,0.285,0.1821,1.0892,-6670.99,0.9149
2466,19,hazard_dense_office,0.0833,0,82.0,450,0.2517,0.1867,1.0758,-8269.91,0.9122
2467,19,hazard_dense_office,0.25,0,106.0,450,0.215,0.0932,1.0818,-7236.68,0.9098
2468,19,hazard_dense_office,0.1667,0,151.5,450,0.1517,0.0848,1.0418,-8337.3,0.9072
2469,19,hazard_dense_office,0.25,0,111.67,450,0.1983,0.1234,1.075,-6692.02,0.9048
2470,19,hazard_dense_office,0.25,0,314.67,450,0.1633,0.0957,1.0369,-7527.61,0.9021
2471,19,hazard_dense_office,0.1667,0,235.5,450,0.1233,0.0873,1.0396,-7904.36,0.8994
2472,19,hazard_dense_office,0.25,0,236.0,450,0.02,0.0044,1.0,-6882.47,0.8968
2473,19,hazard_dense_office,0.4167,0,161.2,450,0.1583,0.1258,1.0499,-5876.93,0.8946
2474,19,hazard_dense_office,0.3333,0,223.5,450,0.1783,0.1161,1.063,-6823.8,0.8922
2475,19,hazard_dense_office,0.25,0,131.67,450,0.3333,0.2222,1.0959,-7073.16,0.8897
2476,19,hazard_dense_office,0.0833,0,70.0,450,0.1667,0.1389,1.0499,-7819.67,0.887
2477,19,hazard_dense_office,0.0833,0,48.0,450,0.1883,0.1034,1.0727,-8064.46,0.8843
2478,19,hazard_dense_office,0.1667,0,179.0,450,0.1017,0.075,1.0265,-7339.14,0.8816
2479,19,hazard_dense_office,0.0833,0,47.0,450,0.1133,0.0813,1.0378,-7534.08,0.8789
2480,19,hazard_dense_office,0.0833,0,126.0,450,0.29,0.1851,1.0893,-8171.51,0.8762
2481,19,hazard_dense_office,0.0,0,450,450,0.415,0.2071,1.1196,-8678.97,0.8732
2482,19,hazard_dense_office,0.1667,0,64.0,450,0.2717,0.1448,1.0902,-7766.01,0.8707
2483,19,hazard_dense_office,0.0833,0,421.0,450,0.1717,0.1375,1.0472,-8675.51,0.8678
2484,19,hazard_dense_office,0.0833,0,130.0,450,0.2317,0.1637,1.0752,-8404.76,0.865
2485,19,hazard_dense_office,0.3333,0,271.75,450,0.2383,0.1252,1.0811,-7300.65,0.8625
2486,19,hazard_dense_office,0.25,0,237.67,450,0.1983,0.1374,1.0631,-7266.89,0.8599
2487,19,hazard_dense_office,0.0833,0,40.0,450,0.26,0.1594,1.082,-8331.73,0.8571
2488,19,hazard_dense_office,0.1667,0,153.5,450,0.165,0.1361,1.0502,-7951.02,0.8545
2489,19,hazard_dense_office,0.1667,0,285.0,450,0.1873,0.1364,1.0607,-7766.36,0.8518
2490,19,hazard_dense_office,0.0833,0,102.0,450,0.2467,0.1331,1.0755,-8358.16,0.849
2491,19,hazard_dense_office,0.1667,0,273.0,450,0.3339,0.1723,1.1089,-8378.23,0.8463
2492,19,hazard_dense_office,0.1667,0,70.0,450,0.3533,0.2133,1.0992,-7495.89,0.8437
2493,19,hazard_dense_office,0.25,0,130.33,450,0.3367,0.1708,1.1188,-6863.03,0.8413
2494,19,hazard_dense_office,0.1667,0,138.0,450,0.1833,0.1364,1.0522,-7441.33,0.8387
2495,19,hazard_dense_office,0.0833,0,110.0,450,0.12,0.0813,1.0383,-7718.08,0.836
2496,19,hazard_dense_office,0.25,0,215.67,450,0.1717,0.1211,1.0499,-6979.59,0.8334
2497,19,hazard_dense_office,0.0833,0,44.0,450,0.31,0.1669,1.0957,-7871.2,0.8307
2498,19,hazard_dense_office,0.0833,0,23.0,450,0.2117,0.1374,1.0747,-7549.08,0.828
2499,19,hazard_dense_office,0.0833,0,20.0,450,0.24,0.1544,1.0783,-7652.72,0.8253
2500,19,hazard_dense_office,0.1667,0,194.5,450,0.2433,0.1077,1.0875,-7812.32,0.8226
2501,19,hazard_dense_office,0.1667,0,112.0,450,0.195,0.1335,1.0535,-7133.86,0.82
2502,19,hazard_dense_office,0.0833,0,375.0,450,0.285,0.1835,1.0789,-8064.0,0.8171
2503,19,hazard_dense_office,0.3333,0,318.25,450,0.1767,0.1175,1.0622,-7318.09,0.8145
2504,19,hazard_dense_office,0.1667,0,209.5,450,0.2367,0.1695,1.0657,-7572.0,0.8118
2505,19,hazard_dense_office,0.3333,0,140.5,450,0.155,0.1209,1.0506,-6161.25,0.8095
2506,19,hazard_dense_office,0.0833,0,181.0,450,0.205,0.1423,1.0645,-8128.76,0.8067
2507,19,hazard_dense_office,0.25,0,166.0,450,0.17,0.1006,1.05,-6344.26,0.8043
2508,19,hazard_dense_office,0.1667,0,170.0,450,0.17,0.1038,1.0604,-7237.34,0.8016
2509,19,hazard_dense_office,0.1667,0,220.5,450,0.2383,0.1715,1.074,-7721.93,0.7989
2510,19,hazard_dense_office,0.1667,0,315.5,450,0.1517,0.0662,1.0493,-7888.92,0.7961
2511,19,hazard_dense_office,0.3333,0,222.75,450,0.275,0.1663,1.0832,-6502.22,0.7937
2512,19,hazard_dense_office,0.4167,0,255.2,450,0.1583,0.1258,1.05,-6437.86,0.7913
2513,19,hazard_dense_office,0.1667,0,249.0,450,0.235,0.1189,1.0631,-7891.88,0.7886
2514,19,hazard_dense_office,0.3333,0,157.25,450,0.1883,0.128,1.0565,-6260.7,0.7863
2515,19,hazard_dense_office,0.25,0,221.0,450,0.1883,0.1288,1.0567,-7544.57,0.7837
2516,19,hazard_dense_office,0.25,0,160.33,450,0.1867,0.115,1.0528,-6645.3,0.7812
2517,19,hazard_dense_office,0.4167,0,213.0,450,0.1067,0.0785,1.0381,-6095.45,0.7789
2518,19,hazard_dense_office,0.3333,0,186.5,450,0.1667,0.0894,1.0559,-6272.5,0.7766
2519,19,hazard_dense_office,0.25,0,223.67,450,0.125,0.0819,1.0457,-6923.28,0.774
2520,19,hazard_dense_office,0.25,0,281.0,450,0.1667,0.1389,1.0486,-7116.47,0.7713
2521,19,hazard_dense_office,0.25,0,123.67,450,0.07,0.0539,1.0176,-6625.6,0.7689
2522,19,hazard_dense_office,0.0833,0,288.0,450,0.1133,0.0813,1.0381,-7785.6,0.7661
2523,19,hazard_dense_office,0.3333,0,169.5,450,0.1667,0.1389,1.0496,-5881.11,0.7637
2524,19,hazard_dense_office,0.1667,0,413.0,450,0.0833,0.0764,1.0248,-7820.99,0.7608
2525,19,hazard_dense_office,0.3333,0,203.5,450,0.11,0.0672,1.039,-6141.49,0.7584
2526,19,hazard_dense_office,0.3333,0,238.5,450,0.0,0.0,1.0001,-6275.0,0.7559
2527,19,hazard_dense_office,0.0833,0,47.0,450,0.1033,0.0577,1.0291,-7579.78,0.7532
2528,19,hazard_dense_office,0.3333,0,344.25,450,0.1583,0.1254,1.05,-7229.5,0.7505
2529,19,hazard_dense_office,0.4167,0,134.2,450,0.1667,0.1389,1.0467,-5248.24,0.7484
2530,19,hazard_dense_office,0.3333,0,268.0,450,0.1633,0.1335,1.05,-6613.36,0.7459
2531,19,hazard_dense_office,0.1667,0,164.5,450,0.2283,0.1282,1.0714,-7367.33,0.7433
2532,19,hazard_dense_office,0.1667,0,212.5,450,0.1567,0.1127,1.0487,-7542.55,0.7406
2533,19,hazard_dense_office,0.1667,0,129.5,450,0.1367,0.0951,1.0496,-7269.42,0.738
2534,19,hazard_dense_office,0.4167,0,234.6,450,0.0,0.0,1.0,-5958.72,0.7356
2535,19,hazard_dense_office,0.25,0,185.0,450,0.055,0.0333,1.0223,-6384.07,0.7331
2536,19,hazard_dense_office,0.25,0,115.0,450,0.0833,0.0764,1.0207,-6191.31,0.7307
2537,19,hazard_dense_office,0.0833,0,70.0,450,0.1667,0.1389,1.0483,-7492.08,0.728
2538,19,hazard_dense_office,0.1667,0,293.0,450,0.2383,0.1635,1.0747,-7367.43,0.7252
2539,19,hazard_dense_office,0.3333,0,237.0,450,0.205,0.1333,1.0689,-6727.8,0.7227
2540,19,hazard_dense_office,0.4167,0,172.4,450,0.0817,0.0298,1.0205,-5505.5,0.7206
2541,19,hazard_dense_office,0.1667,0,273.5,450,0.005,0.0003,1.0014,-7200.0,0.7178
2542,19,hazard_dense_office,0.4167,0,158.0,450,0.025,0.0069,1.0128,-5204.62,0.7157
2543,19,hazard_dense_office,0.4167,0,161.8,450,0.0,0.0,1.0,-5223.6,0.7135
2544,19,hazard_dense_office,0.3333,0,211.75,450,0.1883,0.1206,1.0592,-6155.43,0.7111
2545,19,hazard_dense_office,0.3333,0,185.0,450,0.2333,0.1639,1.0743,-5956.25,0.7087
2546,19,hazard_dense_office,0.4167,0,205.0,450,0.1345,0.0908,1.0374,-5779.36,0.7064
2547,19,hazard_dense_office,0.0833,0,383.0,450,0.2267,0.1569,1.0697,-7956.16,0.7035
2548,19,hazard_dense_office,0.25,0,139.33,450,0.1067,0.0785,1.0365,-6390.8,0.7011
2549,19,hazard_dense_office,0.25,0,39.67,450,0.1417,0.0937,1.0478,-5759.86,0.6988
2550,19,hazard_dense_office,0.4167,0,193.8,450,0.13,0.0893,1.0419,-5861.29,0.6966
2551,19,hazard_dense_office,0.4167,0,156.6,450,0.0183,0.0017,1.0047,-5305.93,0.6944
2552,19,hazard_dense_office,0.5,0,177.67,450,0.0,0.0,1.0,-4790.53,0.6924
2553,19,hazard_dense_office,0.4167,0,230.4,450,0.1667,0.0956,1.0572,-5852.92,0.6901
2554,19,hazard_dense_office,0.3333,0,95.25,450,0.0617,0.0418,1.025,-5677.32,0.6879
2555,19,hazard_dense_office,0.3333,0,102.25,450,0.0167,0.0031,1.0065,-5590.13,0.6857
2556,19,hazard_dense_office,0.4167,0,135.4,450,0.155,0.1209,1.0485,-5219.32,0.6836
2557,19,hazard_dense_office,0.3333,0,235.25,450,0.1183,0.0804,1.0394,-6459.69,0.6811
2558,19,hazard_dense_office,0.4167,0,90.6,450,0.2083,0.1385,1.0683,-5123.28,0.6792
2559,19,hazard_dense_office,0.3333,0,108.25,450,0.1,0.0596,1.0194,-5584.29,0.677
2560,19,hazard_dense_office,0.25,0,89.33,450,0.0833,0.0764,1.0246,-5872.31,0.6746
2561,19,hazard_dense_office,0.25,0,210.0,450,0.02,0.0044,1.01,-6488.74,0.6721
2562,19,hazard_dense_office,0.5833,0,121.43,450,0.055,0.0333,1.0092,-3675.97,0.6704
2563,19,hazard_dense_office,0.1667,0,237.5,450,0.115,0.0455,1.0344,-7254.66,0.6677
2564,19,hazard_dense_office,0.3333,0,162.75,450,0.2233,0.1553,1.0728,-5911.76,0.6654
2565,19,hazard_dense_office,0.5,0,166.5,450,0.2083,0.1357,1.0685,-4658.64,0.6634
2566,19,hazard_dense_office,0.6667,0,148.0,450,0.075,0.0619,1.025,-3704.56,0.6617
2567,19,hazard_dense_office,0.5833,0,161.14,450,0.085,0.0615,1.0269,-4188.53,0.6599
2568,19,hazard_dense_office,0.4167,0,128.8,450,0.2267,0.1555,1.0749,-5010.3,0.6578
2569,19,hazard_dense_office,0.4167,0,198.4,450,0.1217,0.0862,1.0354,-5574.43,0.6556
2570,19,hazard_dense_office,0.5833,0,270.71,450,0.1217,0.0862,1.0395,-5201.55,0.6533
2571,19,hazard_dense_office,0.6667,0,210.0,450,0.0767,0.0407,1.0219,-4238.41,0.6514
2572,19,hazard_dense_office,0.5,0,188.83,450,0.06,0.0396,1.0247,-4853.03,0.6493
2573,19,hazard_dense_office,0.6667,0,187.75,450,0.06,0.0247,1.0218,-4033.94,0.6475
2574,19,hazard_dense_office,0.5833,0,194.86,450,0.0,0.0,1.0,-4334.21,0.6456
2575,19,hazard_dense_office,0.6667,0,196.88,450,0.0833,0.0764,1.025,-3882.58,0.6437
2576,19,hazard_dense_office,0.6667,0,187.5,450,0.0,0.0,1.0,-3803.51,0.6419
2577,19,hazard_dense_office,0.4167,0,205.6,450,0.0133,0.002,1.0042,-5338.89,0.6397
2578,19,hazard_dense_office,0.6667,0,182.38,450,0.0,0.0,1.0,-3841.61,0.6379
2579,19,hazard_dense_office,0.5833,0,218.57,450,0.0517,0.0294,1.0225,-4621.61,0.6358
2580,19,hazard_dense_office,0.75,0,180.0,450,0.0,0.0,1.0,-3399.37,0.6342
2581,19,hazard_dense_office,0.5833,0,226.43,450,0.0,0.0,1.0,-4860.44,0.6321
2582,19,hazard_dense_office,0.5833,0,275.43,450,0.125,0.0789,1.0498,-5325.37,0.6298
2583,19,hazard_dense_office,0.6667,0,193.0,450,0.045,0.0223,1.0078,-3992.65,0.628
2584,19,hazard_dense_office,0.6667,0,223.75,450,0.135,0.0925,1.0435,-4454.94,0.6261
2585,19,hazard_dense_office,0.6667,0,211.62,450,0.0417,0.0147,1.0152,-4142.07,0.6242
2586,19,hazard_dense_office,0.8333,0,173.3,450,0.0817,0.0734,1.0241,-2633.63,0.6227
2587,19,hazard_dense_office,0.75,0,203.11,450,0.0,0.0,1.0,-3594.45,0.621
2588,19,hazard_dense_office,0.6667,0,154.38,450,0.015,0.0025,1.0052,-3391.59,0.6193
2589,19,hazard_dense_office,0.8333,0,254.3,450,0.0,0.0,1.0002,-3792.49,0.6175
2590,19,hazard_dense_office,0.5833,0,209.43,450,0.09,0.0448,1.0382,-4722.56,0.6154
2591,19,hazard_dense_office,0.8333,0,215.5,450,0.07,0.0539,1.0169,-3268.04,0.6138
2592,19,hazard_dense_office,0.75,0,175.89,450,0.1383,0.1005,1.0496,-3210.4,0.6122
2593,19,hazard_dense_office,0.6667,0,204.88,450,0.0833,0.0764,1.025,-4210.59,0.6103
2594,19,hazard_dense_office,0.75,0,231.33,450,0.0,0.0,1.0,-3893.52,0.6084
2595,19,hazard_dense_office,0.6667,0,267.12,450,0.07,0.0539,1.025,-4717.4,0.6063
2596,19,hazard_dense_office,0.5833,0,175.71,450,0.15,0.1142,1.0467,-4079.9,0.6044
2597,19,hazard_dense_office,0.5833,0,154.71,450,0.035,0.0135,1.0137,-3963.98,0.6026
2598,19,hazard_dense_office,0.75,0,237.33,450,0.075,0.0619,1.0186,-3818.38,0.6007
2599,19,hazard_dense_office,0.8333,0,233.7,450,0.0,0.0,1.0,-3446.69,0.5989
2600,19,hazard_dense_office,0.8333,0,219.8,450,0.065,0.0465,1.0173,-3217.33,0.5972
2601,19,hazard_dense_office,0.8333,0,209.2,450,0.0,0.0,1.0,-3084.28,0.5956
2602,19,hazard_dense_office,0.75,0,215.56,450,0.0367,0.0148,1.0108,-3675.2,0.5938
2603,19,hazard_dense_office,0.9167,0,202.45,450,0.0,0.0,1.0,-2748.35,0.5924
2604,19,hazard_dense_office,0.8333,0,219.2,450,0.0533,0.0313,1.025,-3220.15,0.5907
2605,19,hazard_dense_office,0.75,0,173.89,450,0.015,0.0025,1.0052,-3214.25,0.5891
2606,19,hazard_dense_office,0.75,0,255.56,450,0.06,0.0396,1.0131,-4108.73,0.5871
2607,19,hazard_dense_office,0.75,0,218.44,450,0.02,0.0044,1.0,-3738.37,0.5853
2608,19,hazard_dense_office,0.9167,0,230.64,450,0.0,0.0,1.0,-3245.29,0.5837
2609,19,hazard_dense_office,0.8333,0,256.2,450,0.0083,0.0008,1.0021,-3839.84,0.5818
2610,19,hazard_dense_office,0.8333,0,253.9,450,0.0,0.0,1.0,-3862.56,0.5799
2611,19,hazard_dense_office,0.5833,0,258.71,450,0.0833,0.0764,1.025,-4877.48,0.5777
2612,19,hazard_dense_office,0.8333,0,224.6,450,0.0,0.0,1.0,-3256.24,0.576
2613,19,hazard_dense_office,0.8333,0,228.5,450,0.0017,0.0,1.0009,-3270.42,0.5742
2614,19,hazard_dense_office,0.9167,0,233.09,450,0.0,0.0,1.0,-3030.1,0.5726
2615,19,hazard_dense_office,0.8333,0,219.7,450,0.0,0.0,1.0,-3413.06,0.5709
2616,19,hazard_dense_office,0.8333,0,225.0,450,0.0,0.0,1.0,-3497.85,0.5692
2617,19,hazard_dense_office,0.75,0,171.56,450,0.0,0.0,1.0,-3020.69,0.5676
2618,19,hazard_dense_office,0.8333,0,251.8,450,0.0417,0.0191,1.0151,-3865.8,0.5658
2619,19,hazard_dense_office,0.8333,0,166.4,450,0.0,0.0,1.0002,-2590.17,0.5644
2620,19,hazard_dense_office,0.8333,0,243.0,450,0.0217,0.0052,1.0127,-3726.73,0.5625
2621,19,hazard_dense_office,0.75,0,256.0,450,0.0,0.0,1.0,-4102.22,0.5606
2622,19,hazard_dense_office,0.9167,0,212.09,450,0.0,0.0,1.0,-2761.1,0.559
2623,19,hazard_dense_office,0.6667,0,154.5,450,0.0,0.0,1.0,-3395.58,0.5574
2624,19,hazard_dense_office,0.9167,0,233.91,450,0.0317,0.011,1.0132,-2840.25,0.5557
2625,19,hazard_dense_office,0.9167,0,187.0,450,0.0733,0.0592,1.025,-2322.21,0.5544
2626,20,library_hard,0.0833,0,81.0,450,0.0833,0.0764,1.025,-7484.81,0.9967
2627,20,library_hard,0.0833,0,34.0,450,0.0,0.0,1.0,-7097.0,0.9935
2628,20,library_hard,0.0833,0,99.0,450,0.0683,0.0514,1.025,-7346.4,0.9903
2629,20,library_hard,0.25,0,184.0,450,0.075,0.0369,1.0331,-6485.0,0.9873
2630,20,library_hard,0.0833,0,201.0,450,0.1667,0.1389,1.0474,-7568.18,0.9839
2631,20,library_hard,0.1667,0,129.5,450,0.0833,0.0764,1.025,-6905.58,0.9809
2632,20,library_hard,0.0833,0,63.0,450,0.1667,0.1389,1.05,-7686.94,0.9776
2633,20,library_hard,0.0,0,450,450,0.0833,0.0764,1.025,-7820.86,0.9741
2634,20,library_hard,0.0,0,450,450,0.04,0.0176,1.0146,-8230.59,0.9706
2635,20,library_hard,0.0833,0,45.0,450,0.0,0.0,1.0,-7206.53,0.9674
2636,20,library_hard,0.1667,0,76.0,450,0.0833,0.0764,1.025,-7120.41,0.9644
2637,20,library_hard,0.1667,0,307.0,450,0.0583,0.0374,1.025,-7294.07,0.9611
2638,20,library_hard,0.0,0,450,450,0.0033,0.0001,1.0011,-7800.74,0.9576
2639,20,library_hard,0.1667,0,112.0,450,0.0,0.0,1.0,-6701.32,0.9545
2640,20,library_hard,0.1667,0,182.0,450,0.015,0.0025,1.0,-6746.19,0.9514
2641,20,library_hard,0.0833,0,125.0,450,0.06,0.0396,1.0124,-7180.57,0.9481
2642,20,library_hard,0.0833,0,181.0,450,0.0,0.0,1.0,-7323.66,0.9448
2643,20,library_hard,0.0833,0,235.0,450,0.0767,0.0647,1.0249,-7474.9,0.9414
2644,20,library_hard,0.1667,0,97.0,450,0.0,0.0,1.0,-6582.02,0.9384
2645,20,library_hard,0.0833,0,295.0,450,0.0,0.0,1.0,-7914.53,0.935
2646,20,library_hard,0.25,0,229.33,450,0.0,0.0,1.0,-6533.36,0.932
2647,20,library_hard,0.0833,0,20.0,450,0.0,0.0,1.0,-7252.24,0.9287
2648,20,library_hard,0.0,0,450,450,0.0833,0.0764,1.025,-8287.84,0.9252
2649,20,library_hard,0.1667,0,152.0,450,0.0333,0.0122,1.0134,-6750.47,0.9221
2650,20,library_hard,0.1667,0,282.5,450,0.0,0.0,1.0,-7054.71,0.9189
2651,20,library_hard,0.25,0,187.0,450,0.0,0.0,1.0,-6475.97,0.9159
2652,20,library_hard,0.3333,0,184.0,450,0.0,0.0,1.0,-5927.57,0.9131
2653,20,library_hard,0.1667,0,234.5,450,0.05,0.0275,1.0205,-6926.56,0.9099
2654,20,library_hard,0.25,0,248.33,450,0.0717,0.0565,1.025,-6862.79,0.9068
2655,20,library_hard,0.25,0,240.33,450,0.0,0.0,1.0,-6565.64,0.9037
2656,20,library_hard,0.1667,0,166.0,450,0.0,0.0,1.0,-7113.47,0.9006
2657,20,library_hard,0.1667,0,117.5,450,0.0,0.0,1.0,-6578.1,0.8975
2658,20,library_hard,0.1667,0,220.5,450,0.015,0.0025,1.0052,-6934.1,0.8943
2659,20,library_hard,0.4167,0,223.0,450,0.0,0.0,1.0,-5625.89,0.8915
2660,20,library_hard,0.1667,0,111.5,450,0.0867,0.076,1.0247,-6691.86,0.8885
2661,20,library_hard,0.25,0,150.67,450,0.0833,0.0764,1.025,-6330.65,0.8856
2662,20,library_hard,0.1667,0,193.0,450,0.0233,0.006,1.0127,-7035.69,0.8824
2663,20,library_hard,0.3333,0,266.5,450,0.0833,0.0764,1.025,-6318.53,0.8794
2664,20,library_hard,0.25,0,181.67,450,0.0767,0.0647,1.025,-6302.11,0.8764
2665,20,library_hard,0.1667,0,241.5,450,0.0833,0.0764,1.025,-7239.64,0.8732
2666,20,library_hard,0.1667,0,48.0,450,0.0517,0.0294,1.0104,-6343.71,0.8702
2667,20,library_hard,0.4167,0,222.0,450,0.1217,0.0862,1.0392,-5834.71,0.8675
2668,20,library_hard,0.3333,0,221.25,450,0.0,0.0,1.0,-5962.35,0.8646
2669,20,library_hard,0.4167,0,181.8,450,0.1283,0.0912,1.0415,-5317.28,0.8619
2670,20,library_hard,0.4167,0,192.4,450,0.0,0.0,1.0001,-5365.68,0.8593
2671,20,library_hard,0.3333,0,232.5,450,0.0,0.0,1.0,-6146.33,0.8564
2672,20,library_hard,0.3333,0,146.25,450,0.0833,0.0764,1.0248,-5604.4,0.8536
2673,20,library_hard,0.25,0,139.0,450,0.0,0.0,1.0004,-6140.95,0.8508
2674,20,library_hard,0.3333,0,253.75,450,0.0833,0.0764,1.025,-6309.75,0.8478
2675,20,library_hard,0.3333,0,221.75,450,0.0683,0.0514,1.025,-6056.15,0.8449
2676,20,library_hard,0.25,0,193.33,450,0.0833,0.0764,1.0251,-6300.17,0.8419
2677,20,library_hard,0.3333,0,264.25,450,0.0,0.0,1.0,-6608.95,0.8389
2678,20,library_hard,0.4167,0,179.2,450,0.06,0.0396,1.0124,-5314.94,0.8362
2679,20,library_hard,0.3333,0,255.75,450,0.0833,0.0764,1.0244,-6181.12,0.8333
2680,20,library_hard,0.5,0,169.67,450,0.0,0.0,1.0,-4858.46,0.8308
2681,20,library_hard,0.25,0,207.67,450,0.0,0.0,1.0,-6349.29,0.8278
2682,20,library_hard,0.25,0,185.33,450,0.06,0.0396,1.0249,-6239.09,0.8248
2683,20,library_hard,0.3333,0,256.75,450,0.02,0.0044,1.0101,-6342.16,0.8219
2684,20,library_hard,0.3333,0,297.25,450,0.0,0.0,1.0001,-6316.08,0.8188
2685,20,library_hard,0.5,0,165.5,450,0.0833,0.0764,1.025,-4684.48,0.8164
2686,20,library_hard,0.4167,0,205.6,450,0.0733,0.0592,1.025,-5441.1,0.8137
2687,20,library_hard,0.4167,0,208.0,450,0.0,0.0,1.0,-5416.2,0.811
2688,20,library_hard,0.3333,0,276.5,450,0.0833,0.0764,1.0239,-6185.41,0.8079
2689,20,library_hard,0.3333,0,200.0,450,0.0,0.0,1.0,-5790.02,0.8051
2690,20,library_hard,0.4167,0,180.4,450,0.0833,0.0764,1.0249,-5187.64,0.8024
2691,20,library_hard,0.25,0,140.33,450,0.0833,0.0764,1.0247,-6047.12,0.7996
2692,20,library_hard,0.3333,0,227.0,450,0.0,0.0,1.0003,-5919.11,0.7966
2693,20,library_hard,0.25,0,282.33,450,0.1233,0.0873,1.0396,-6802.3,0.7935
2694,20,library_hard,0.3333,0,173.0,450,0.0,0.0,1.0,-5685.23,0.7907
2695,20,library_hard,0.0833,0,288.0,450,0.065,0.0465,1.0149,-7235.49,0.7873
2696,20,library_hard,0.4167,0,193.0,450,0.0,0.0,1.0,-5584.5,0.7846
2697,20,library_hard,0.25,0,86.67,450,0.0633,0.0441,1.0231,-5904.5,0.7819
2698,20,library_hard,0.3333,0,228.0,450,0.0833,0.0764,1.025,-6655.02,0.7789
2699,20,library_hard,0.4167,0,194.8,450,0.0,0.0,1.0,-5242.04,0.7763
2700,20,library_hard,0.4167,0,149.0,450,0.0733,0.0592,1.0246,-5025.67,0.7738
2701,20,library_hard,0.4167,0,247.0,450,0.0,0.0,1.0,-5550.23,0.7709
2702,20,library_hard,0.5,0,205.67,450,0.0,0.0,1.0,-4861.97,0.7684
2703,20,library_hard,0.5,0,206.33,450,0.0,0.0,1.0,-4865.27,0.7658
2704,20,library_hard,0.4167,0,197.0,450,0.0,0.0,1.0,-5311.52,0.7632
2705,20,library_hard,0.5,0,164.67,450,0.0,0.0,1.0,-4620.65,0.7608
2706,20,library_hard,0.5833,0,215.29,450,0.0,0.0,1.0,-4435.58,0.7583
2707,20,library_hard,0.6667,0,195.62,450,0.0,0.0,1.0,-3847.26,0.7562
2708,20,library_hard,0.5833,0,195.57,450,0.0,0.0,1.0,-4276.86,0.7538
2709,20,library_hard,0.5,0,185.67,450,0.0,0.0,1.0,-4737.39,0.7514
2710,20,library_hard,0.5,0,131.17,450,0.055,0.0333,1.0249,-4135.93,0.7491
2711,20,library_hard,0.6667,0,225.62,450,0.0,0.0,1.0,-4225.57,0.7468
2712,20,library_hard,0.5,0,221.5,450,0.0833,0.0764,1.025,-5308.54,0.7442
2713,20,library_hard,0.5,0,176.5,450,0.0,0.0,1.0,-4576.05,0.7417
2714,20,library_hard,0.5833,0,281.29,450,0.0833,0.0764,1.025,-5291.77,0.739
2715,20,library_hard,0.5833,0,178.14,450,0.0,0.0,1.0003,-4109.42,0.7367
2716,20,library_hard,0.5,0,184.67,450,0.0083,0.0008,1.0021,-4559.48,0.7343
2717,20,library_hard,0.5,0,176.5,450,0.0,0.0,1.0001,-4609.92,0.7318
2718,20,library_hard,0.75,0,185.78,450,0.0,0.0,1.0,-3334.07,0.7299
2719,20,library_hard,0.5833,0,211.86,450,0.0,0.0,1.0,-4490.17,0.7275
2720,20,library_hard,0.5,0,198.17,450,0.0,0.0,1.0,-4736.63,0.725
2721,20,library_hard,0.6667,0,242.75,450,0.0,0.0,1.0,-4386.21,0.7225
2722,20,library_hard,0.5833,0,248.57,450,0.055,0.0333,1.0248,-4644.81,0.72
2723,20,library_hard,0.5833,0,213.57,450,0.0,0.0,1.0,-4467.79,0.7175
2724,20,library_hard,0.5833,0,201.71,450,0.0,0.0,1.0,-4239.51,0.7152
2725,20,library_hard,0.5833,0,208.71,450,0.0683,0.0514,1.0249,-4444.89,0.7128
2726,20,library_hard,0.5833,0,177.57,450,0.0,0.0,1.0,-4211.73,0.7105
2727,20,library_hard,0.6667,0,224.12,450,0.0,0.0,1.0,-4099.77,0.7082
2728,20,library_hard,0.75,0,193.56,450,0.0,0.0,1.0,-3374.65,0.7062
2729,20,library_hard,0.75,0,202.44,450,0.0,0.0,1.0,-3362.06,0.7041
2730,20,library_hard,0.5,0,169.33,450,0.0633,0.0441,1.0247,-4495.07,0.7017
2731,20,library_hard,0.6667,0,214.75,450,0.0,0.0,1.0,-4065.18,0.6995
2732,20,library_hard,0.5833,0,230.0,450,0.0,0.0,1.0,-4702.34,0.697
2733,20,library_hard,0.75,0,157.22,450,0.05,0.0275,1.0205,-3107.24,0.6952
2734,20,library_hard,0.75,0,207.78,450,0.0,0.0,1.0,-3437.43,0.6931
2735,20,library_hard,0.6667,0,136.25,450,0.0,0.0,1.0,-3167.55,0.6912
2736,20,library_hard,0.6667,0,194.0,450,0.0,0.0,1.0,-3696.13,0.689
2737,20,library_hard,0.75,0,227.11,450,0.0,0.0,1.0,-3765.14,0.6869
2738,20,library_hard,0.75,0,201.78,450,0.0,0.0,1.0,-3557.37,0.6848
2739,20,library_hard,0.6667,0,197.0,450,0.0,0.0,1.0,-4055.24,0.6826
2740,20,library_hard,0.75,0,189.56,450,0.0833,0.0764,1.025,-3966.9,0.6806
2741,20,library_hard,0.6667,0,242.5,450,0.0,0.0,1.0,-4641.01,0.6782
2742,20,library_hard,0.8333,0,214.4,450,0.0,0.0,1.0,-3209.66,0.6763
2743,20,library_hard,0.6667,0,136.75,450,0.0,0.0,1.0,-3179.13,0.6744
2744,20,library_hard,0.8333,0,213.7,450,0.0,0.0,1.0,-3104.01,0.6724
2745,20,library_hard,0.6667,0,171.0,450,0.0833,0.0764,1.025,-3738.96,0.6704
2746,20,library_hard,0.6667,0,210.75,450,0.0,0.0,1.0,-4175.05,0.6681
2747,20,library_hard,0.8333,0,219.9,450,0.0,0.0,1.0,-3135.85,0.6661
2748,20,library_hard,0.6667,0,205.62,450,0.0833,0.0764,1.0251,-4252.87,0.6639
2749,20,library_hard,0.6667,0,154.62,450,0.0833,0.0764,1.025,-3839.6,0.6619
2750,20,library_hard,0.6667,0,178.25,450,0.0833,0.0764,1.025,-3968.17,0.6598
2751,20,library_hard,0.8333,0,167.2,450,0.0,0.0,1.0,-2524.64,0.6582
2752,20,library_hard,0.75,0,155.22,450,0.0833,0.0764,1.025,-3170.59,0.6564
2753,20,library_hard,0.75,0,209.22,450,0.0,0.0,1.0001,-3524.81,0.6543
2754,20,library_hard,0.9167,0,191.82,450,0.0,0.0,1.0,-2450.06,0.6526
2755,20,library_hard,0.9167,0,195.0,450,0.0,0.0,1.0,-2296.89,0.651
2756,20,library_hard,0.6667,0,169.62,450,0.0783,0.0675,1.025,-4091.67,0.6489
2757,20,library_hard,0.8333,0,184.2,450,0.0,0.0,1.0,-2711.43,0.6472
2758,20,library_hard,0.8333,0,175.3,450,0.0833,0.0764,1.025,-2939.32,0.6454
2759,20,library_hard,0.75,0,181.22,450,0.0,0.0,1.0,-3039.73,0.6435
2760,20,library_hard,0.8333,0,163.5,450,0.0833,0.0764,1.0249,-2460.2,0.6419
2761,20,library_hard,0.8333,0,227.7,450,0.0,0.0,1.0,-3327.54,0.6398
2762,20,library_hard,0.8333,0,215.8,450,0.0,0.0,1.0,-3121.65,0.6378
2763,20,library_hard,0.8333,0,179.6,450,0.0,0.0,1.0,-2804.41,0.6361
2764,20,library_hard,0.8333,0,206.5,450,0.0,0.0,1.0,-2901.65,0.6342
2765,20,library_hard,0.75,0,202.56,450,0.0,0.0,1.0,-3407.37,0.6321
2766,20,library_hard,0.8333,0,201.3,450,0.0,0.0,1.0,-2887.74,0.6302
2767,20,library_hard,0.8333,0,183.8,450,0.0,0.0,1.0,-2681.05,0.6285
2768,20,library_hard,0.75,0,213.33,450,0.0,0.0,1.0,-3574.26,0.6264
2769,20,library_hard,0.8333,0,183.5,450,0.0,0.0,1.0,-2631.76,0.6246
2770,20,library_hard,0.8333,0,183.0,450,0.0,0.0,1.0,-2608.0,0.6228
2771,20,library_hard,1.0,1,191.08,428,0.0,0.0,1.0,-1789.31,0.6213
2772,20,library_hard,1.0,1,162.5,442,0.0,0.0,1.0,-1354.75,0.6201
2773,20,library_hard,0.6667,0,184.0,450,0.0,0.0,1.0,-3656.36,0.618
2774,20,library_hard,0.8333,0,174.5,450,0.0,0.0,1.0,-2538.53,0.6162
2775,20,library_hard,0.8333,0,230.6,450,0.0,0.0,1.0,-3341.53,0.6142
