episode_global,stage,map_name,evacuation_rate,all_evacuated,mean_evac_time,steps,mean_emotion_final,emotion_variance,mean_speed_ratio,total_reward,epsilon
1,1,mall_small,0.0,0,300,300,0.0,0.0,1.0,-120.5,1.0
2,1,mall_small,0.0,0,300,300,0.0,0.0,1.0,-134.68,0.9946
3,1,mall_small,0.0,0,300,300,0.0,0.0,1.0,-119.07,0.9783
4,1,mall_small,0.0,0,300,300,0.0,0.0,1.0,-140.64,0.962
5,1,mall_small,0.0,0,300,300,0.0,0.0,1.0,-119.87,0.9457
6,1,mall_small,0.0,0,300,300,0.0,0.0,1.0,-121.77,0.9294
7,1,mall_small,0.0,0,300,300,0.0,0.0,1.0,-103.64,0.9131
8,1,mall_small,0.0,0,300,300,0.0,0.0,1.0,-98.09,0.8969
9,1,mall_small,0.0,0,300,300,0.0,0.0,1.0,-105.66,0.8806
10,1,mall_small,0.0,0,300,300,0.0,0.0,1.0,-93.69,0.8643
11,1,mall_small,0.0,0,300,300,0.0,0.0,1.0,-106.32,0.848
12,1,mall_small,0.75,0,179.33,300,0.0,0.0,1.0,167.53,0.8367
13,1,mall_small,0.0,0,300,300,0.0,0.0,1.0,-95.25,0.8204
14,1,mall_small,0.0,0,300,300,0.0,0.0,1.0,-100.34,0.8041
15,1,mall_small,0.0,0,300,300,0.0,0.0,1.0,-107.62,0.7878
16,1,mall_small,0.0,0,300,300,0.0,0.0,1.0,-105.28,0.7715
17,1,mall_small,0.25,0,91.0,300,0.0,0.0,1.0,-9.8,0.758
18,1,mall_small,0.25,0,228.0,300,0.0,0.0,1.0,10.85,0.7427
19,1,mall_small,0.25,0,48.0,300,0.0,0.0,1.0,3.83,0.7299
20,1,mall_small,0.5,0,151.5,300,0.0,0.0,1.0,92.81,0.7176
21,1,mall_small,0.25,0,282.0,300,0.0,0.0,1.0,10.98,0.7016
22,1,mall_small,0.25,0,71.0,300,0.0,0.0,1.0,-3.78,0.6884
23,1,mall_small,0.0,0,300,300,0.0,0.0,1.0,-83.3,0.6721
24,1,mall_small,0.5,0,146.0,300,0.0,0.0,1.0,114.76,0.66
25,1,mall_small,0.0,0,300,300,0.0,0.0,1.0,-79.58,0.6437
26,1,mall_small,0.25,0,222.0,300,0.0,0.0,1.0,-1.68,0.6285
27,1,mall_small,0.25,0,274.0,300,0.0,0.0,1.0,3.96,0.6126
28,1,mall_small,0.5,0,131.0,300,0.0,0.0,1.0,114.53,0.6008
29,1,mall_small,0.75,0,104.0,300,0.0,0.0,1.0,197.73,0.5925
30,1,mall_small,0.75,0,158.0,300,0.0,0.0,1.0,200.52,0.5821
31,1,mall_small,0.75,0,75.0,300,0.0,0.0,1.0,207.07,0.5749
32,1,mall_small,0.75,0,162.33,300,0.0,0.0,1.0,201.14,0.5642
33,1,mall_small,0.75,0,127.67,300,0.0,0.0,1.0,199.78,0.555
34,1,mall_small,1.0,1,116.75,199,0.0,0.0,1.0,300.73,0.5486
35,1,mall_small,0.75,0,229.33,300,0.0,0.0,1.0,194.67,0.5352
36,1,mall_small,1.0,1,205.0,291,0.0,0.0,1.0,289.39,0.5241
37,1,mall_small,0.75,0,196.33,300,0.0,0.0,1.0,202.74,0.512
38,1,mall_small,1.0,1,189.0,223,0.0,0.0,1.0,282.86,0.5018
39,1,mall_small,1.0,1,183.25,297,0.0,0.0,1.0,294.97,0.4918
40,1,mall_small,0.75,0,109.0,300,0.0,0.0,1.0,217.94,0.4833
41,1,mall_small,0.75,0,171.33,300,0.0,0.0,1.0,201.94,0.4723
42,1,mall_small,1.0,1,125.25,209,0.0,0.0,1.0,300.43,0.4654
43,1,mall_small,0.75,0,196.0,300,0.0,0.0,1.0,184.77,0.4534
44,1,mall_small,1.0,1,138.25,201,0.0,0.0,1.0,306.06,0.4459
45,1,mall_small,1.0,1,201.75,281,0.0,0.0,1.0,277.91,0.4349
46,1,mall_small,1.0,1,137.5,263,0.0,0.0,1.0,304.39,0.4275
47,1,mall_small,1.0,1,143.0,213,0.0,0.0,1.0,305.24,0.4197
48,1,mall_small,1.0,1,143.75,249,0.0,0.0,1.0,305.15,0.4119
49,1,mall_small,0.75,0,118.33,300,0.0,0.0,1.0,205.83,0.403
50,1,mall_small,1.0,1,197.25,236,0.0,0.0,1.0,297.32,0.3923
51,1,mall_small,1.0,1,91.25,117,0.0,0.0,1.0,316.05,0.3874
52,1,mall_small,1.0,1,123.0,250,0.0,0.0,1.0,311.98,0.3807
53,1,mall_small,1.0,1,144.5,235,0.0,0.0,1.0,308.6,0.3728
54,1,mall_small,1.0,1,90.5,171,0.0,0.0,1.0,313.41,0.368
55,2,school_small,0.0,0,300,300,0.0,0.0,1.0,-133.43,0.9837
56,2,school_small,0.0,0,300,300,0.0,0.0,1.0,-128.94,0.9674
57,2,school_small,0.0,0,300,300,0.0,0.0,1.0,-107.11,0.9511
58,2,school_small,0.0,0,300,300,0.0,0.0,1.0,-129.6,0.9349
59,2,school_small,0.0,0,300,300,0.0,0.0,1.0,-125.46,0.9186
60,2,school_small,0.0,0,300,300,0.0,0.0,1.0,-127.7,0.9023
61,2,school_small,0.0,0,300,300,0.0,0.0,1.0,-136.09,0.886
62,2,school_small,0.0,0,300,300,0.0,0.0,1.0,-124.67,0.8697
63,2,school_small,0.0,0,300,300,0.0,0.0,1.0,-126.97,0.8534
64,2,school_small,0.0,0,300,300,0.0,0.0,1.0,-120.21,0.8371
65,2,school_small,0.0,0,300,300,0.0,0.0,1.0,-129.37,0.8209
66,2,school_small,0.0,0,300,300,0.0,0.0,1.0,-118.89,0.8046
67,2,school_small,0.0,0,300,300,0.0,0.0,1.0,-113.82,0.7883
68,2,school_small,0.0,0,300,300,0.0,0.0,1.0,-139.55,0.772
69,2,school_small,0.0,0,300,300,0.0,0.0,1.0,-134.75,0.7557
70,2,school_small,0.0,0,300,300,0.0,0.0,1.0,-137.05,0.7394
71,2,school_small,0.0,0,300,300,0.0,0.0,1.0,-112.17,0.7231
72,2,school_small,0.0,0,300,300,0.0,0.0,1.0,-123.22,0.7069
73,2,school_small,0.0,0,300,300,0.0,0.0,1.0,-129.67,0.6906
74,2,school_small,0.0,0,300,300,0.0,0.0,1.0,-139.25,0.6743
75,2,school_small,0.0,0,300,300,0.0,0.0,1.0,-102.3,0.658
76,2,school_small,0.0,0,300,300,0.0,0.0,1.0,-131.6,0.6417
77,2,school_small,0.0,0,300,300,0.0,0.0,1.0,-144.52,0.6254
78,2,school_small,0.0,0,300,300,0.0,0.0,1.0,-129.46,0.6091
79,2,school_small,0.0,0,300,300,0.0,0.0,1.0,-147.69,0.5929
80,2,school_small,0.0,0,300,300,0.0,0.0,1.0,-173.88,0.5766
81,2,school_small,0.0,0,300,300,0.0,0.0,1.0,-148.58,0.5603
82,2,school_small,0.0,0,300,300,0.0,0.0,1.0,-149.68,0.544
83,2,school_small,0.0,0,300,300,0.0,0.0,1.0,-151.95,0.5277
84,2,school_small,0.0,0,300,300,0.0,0.0,1.0,-136.1,0.5114
85,2,school_small,0.0,0,300,300,0.0,0.0,1.0,-142.86,0.4951
86,2,school_small,0.0,0,300,300,0.0,0.0,1.0,-142.89,0.4789
87,2,school_small,0.0,0,300,300,0.0,0.0,1.0,-125.07,0.4626
88,2,school_small,0.0,0,300,300,0.0,0.0,1.0,-149.8,0.4463
89,2,school_small,0.0,0,300,300,0.0,0.0,1.0,-114.24,0.43
90,2,school_small,0.0,0,300,300,0.0,0.0,1.0,-150.68,0.4137
91,2,school_small,0.0,0,300,300,0.0,0.0,1.0,-150.72,0.3974
92,2,school_small,0.0,0,300,300,0.0,0.0,1.0,-138.49,0.3811
93,2,school_small,0.0,0,300,300,0.0,0.0,1.0,-151.23,0.3649
94,2,school_small,0.0,0,300,300,0.0,0.0,1.0,-152.07,0.3486
95,2,school_small,0.0,0,300,300,0.0,0.0,1.0,-148.44,0.3323
96,2,school_small,0.0,0,300,300,0.0,0.0,1.0,-163.61,0.316
97,2,school_small,0.0,0,300,300,0.0,0.0,1.0,-146.38,0.2997
98,2,school_small,0.0,0,300,300,0.0,0.0,1.0,-145.71,0.2834
99,2,school_small,0.0,0,300,300,0.0,0.0,1.0,-153.83,0.2671
100,2,school_small,0.0,0,300,300,0.0,0.0,1.0,-147.46,0.2509
101,2,school_small,0.0,0,300,300,0.0,0.0,1.0,-148.61,0.2346
102,2,school_small,0.0,0,300,300,0.0,0.0,1.0,-153.23,0.2183
103,2,school_small,0.0,0,300,300,0.0,0.0,1.0,-180.5,0.202
104,2,school_small,0.0,0,300,300,0.0,0.0,1.0,-166.94,0.1857
105,2,school_small,0.0,0,300,300,0.0,0.0,1.0,-179.69,0.1694
106,2,school_small,0.0,0,300,300,0.0,0.0,1.0,-153.89,0.1531
107,2,school_small,0.0,0,300,300,0.0,0.0,1.0,-190.82,0.1369
108,2,school_small,0.0,0,300,300,0.0,0.0,1.0,-160.57,0.1206
109,2,school_small,0.0,0,300,300,0.0,0.0,1.0,-182.85,0.1043
110,2,school_small,0.0,0,300,300,0.0,0.0,1.0,-168.59,0.088
111,2,school_small,0.0,0,300,300,0.0,0.0,1.0,-191.29,0.0717
112,2,school_small,0.25,0,114.0,300,0.0,0.0,1.0,-34.15,0.058
113,2,school_small,0.0,0,300,300,0.0,0.0,1.0,-172.5,0.05
114,2,school_small,0.25,0,104.0,300,0.0,0.0,1.0,-30.04,0.05
115,2,school_small,0.0,0,300,300,0.0,0.0,1.0,-98.11,0.05
116,2,school_small,0.25,0,259.0,300,0.0,0.0,1.0,-72.22,0.05
117,2,school_small,0.25,0,186.0,300,0.0,0.0,1.0,-57.33,0.05
118,2,school_small,0.25,0,170.0,300,0.0,0.0,1.0,-76.24,0.05
119,2,school_small,0.25,0,204.0,300,0.0,0.0,1.0,-46.63,0.05
120,2,school_small,0.0,0,300,300,0.0,0.0,1.0,-120.49,0.05
121,2,school_small,0.0,0,300,300,0.0,0.0,1.0,-122.92,0.05
122,2,school_small,0.25,0,273.0,300,0.0,0.0,1.0,-56.02,0.05
123,2,school_small,0.25,0,146.0,300,0.0,0.0,1.0,-28.09,0.05
124,2,school_small,0.5,0,207.0,300,0.0,0.0,1.0,27.8,0.05
125,2,school_small,0.25,0,288.0,300,0.0,0.0,1.0,-31.7,0.05
126,2,school_small,0.0,0,300,300,0.0,0.0,1.0,-136.7,0.05
127,2,school_small,0.25,0,249.0,300,0.0,0.0,1.0,-53.63,0.05
128,2,school_small,0.5,0,208.5,300,0.0,0.0,1.0,55.24,0.05
129,2,school_small,0.25,0,48.0,300,0.0,0.0,1.0,-9.39,0.05
130,2,school_small,0.0,0,300,300,0.0,0.0,1.0,-110.41,0.05
131,2,school_small,0.5,0,59.5,300,0.0,0.0,1.0,107.25,0.05
132,2,school_small,0.0,0,300,300,0.0,0.0,1.0,-120.24,0.05
133,2,school_small,0.25,0,60.0,300,0.0,0.0,1.0,-5.91,0.05
134,2,school_small,0.25,0,148.0,300,0.0,0.0,1.0,-12.76,0.05
135,2,school_small,0.25,0,64.0,300,0.0,0.0,1.0,2.05,0.05
136,2,school_small,0.0,0,300,300,0.0,0.0,1.0,-114.19,0.05
137,2,school_small,0.25,0,87.0,300,0.0,0.0,1.0,-3.0,0.05
138,2,school_small,0.75,0,67.0,300,0.0,0.0,1.0,210.01,0.05
139,2,school_small,0.5,0,167.5,300,0.0,0.0,1.0,85.37,0.05
140,2,school_small,0.25,0,23.0,300,0.0,0.0,1.0,-0.71,0.05
141,2,school_small,0.25,0,175.0,300,0.0,0.0,1.0,-13.48,0.05
142,2,school_small,0.5,0,78.0,300,0.0,0.0,1.0,104.68,0.05
143,2,school_small,0.25,0,72.0,300,0.0,0.0,1.0,4.03,0.05
144,2,school_small,0.5,0,76.5,300,0.0,0.0,1.0,110.3,0.05
145,2,school_small,0.25,0,20.0,300,0.0,0.0,1.0,10.41,0.05
146,2,school_small,0.5,0,85.0,300,0.0,0.0,1.0,107.79,0.05
147,2,school_small,0.5,0,164.0,300,0.0,0.0,1.0,91.56,0.05
148,2,school_small,0.5,0,73.5,300,0.0,0.0,1.0,114.33,0.05
149,2,school_small,0.25,0,54.0,300,0.0,0.0,1.0,9.25,0.05
150,2,school_small,0.5,0,110.5,300,0.0,0.0,1.0,82.49,0.05
151,2,school_small,0.5,0,46.5,300,0.0,0.0,1.0,115.09,0.05
152,2,school_small,0.5,0,73.5,300,0.0,0.0,1.0,102.03,0.05
153,2,school_small,0.25,0,288.0,300,0.0,0.0,1.0,-16.4,0.05
154,2,school_small,0.25,0,170.0,300,0.0,0.0,1.0,-9.16,0.05
155,2,school_small,0.25,0,192.0,300,0.0,0.0,1.0,-24.15,0.05
156,2,school_small,0.5,0,100.5,300,0.0,0.0,1.0,101.07,0.05
157,2,school_small,0.0,0,300,300,0.0,0.0,1.0,-134.73,0.05
158,2,school_small,0.5,0,45.0,300,0.0,0.0,1.0,101.65,0.05
159,2,school_small,0.25,0,77.0,300,0.0,0.0,1.0,-13.34,0.05
160,2,school_small,0.25,0,57.0,300,0.0,0.0,1.0,-17.67,0.05
161,2,school_small,0.0,0,300,300,0.0,0.0,1.0,-135.02,0.05
162,2,school_small,0.25,0,52.0,300,0.0,0.0,1.0,3.96,0.05
163,2,school_small,0.5,0,39.0,300,0.0,0.0,1.0,102.17,0.05
164,2,school_small,0.75,0,87.33,300,0.0,0.0,1.0,207.83,0.05
165,2,school_small,0.5,0,92.5,300,0.0,0.0,1.0,94.65,0.05
166,2,school_small,0.25,0,26.0,300,0.0,0.0,1.0,-29.84,0.05
167,2,school_small,0.75,0,95.33,300,0.0,0.0,1.0,191.98,0.05
168,2,school_small,0.5,0,64.5,300,0.0,0.0,1.0,107.82,0.05
169,2,school_small,0.5,0,55.5,300,0.0,0.0,1.0,94.48,0.05
170,2,school_small,0.75,0,45.67,300,0.0,0.0,1.0,214.47,0.05
171,2,school_small,0.25,0,19.0,300,0.0,0.0,1.0,-24.48,0.05
172,2,school_small,0.75,0,134.67,300,0.0,0.0,1.0,191.0,0.05
173,2,school_small,0.0,0,300,300,0.0,0.0,1.0,-147.66,0.05
174,2,school_small,0.75,0,106.33,300,0.0,0.0,1.0,190.92,0.05
175,2,school_small,0.5,0,52.5,300,0.0,0.0,1.0,107.25,0.05
176,2,school_small,0.75,0,59.0,300,0.0,0.0,1.0,208.97,0.05
177,2,school_small,0.5,0,38.5,300,0.0,0.0,1.0,94.53,0.05
178,2,school_small,0.0,0,300,300,0.0,0.0,1.0,-136.59,0.05
179,2,school_small,0.25,0,231.0,300,0.0,0.0,1.0,-36.72,0.05
180,2,school_small,0.5,0,118.0,300,0.0,0.0,1.0,86.58,0.05
181,2,school_small,0.25,0,73.0,300,0.0,0.0,1.0,-37.18,0.05
182,2,school_small,0.5,0,55.0,300,0.0,0.0,1.0,97.62,0.05
183,2,school_small,0.25,0,18.0,300,0.0,0.0,1.0,-36.54,0.05
184,2,school_small,0.75,0,99.33,300,0.0,0.0,1.0,196.68,0.05
185,2,school_small,0.75,0,93.33,300,0.0,0.0,1.0,198.13,0.05
186,2,school_small,0.5,0,76.5,300,0.0,0.0,1.0,72.99,0.05
187,2,school_small,0.5,0,40.0,300,0.0,0.0,1.0,100.56,0.05
188,2,school_small,0.25,0,18.0,300,0.0,0.0,1.0,-19.16,0.05
189,2,school_small,0.25,0,155.0,300,0.0,0.0,1.0,-28.42,0.05
190,2,school_small,0.75,0,43.0,300,0.0,0.0,1.0,217.76,0.05
191,2,school_small,0.5,0,72.0,300,0.0,0.0,1.0,96.29,0.05
192,2,school_small,0.25,0,49.0,300,0.0,0.0,1.0,-3.14,0.05
193,2,school_small,1.0,1,43.5,59,0.0,0.0,1.0,318.98,0.05
194,2,school_small,0.5,0,180.0,300,0.0,0.0,1.0,54.83,0.05
195,2,school_small,0.0,0,300,300,0.0,0.0,1.0,-172.53,0.05
196,2,school_small,0.25,0,46.0,300,0.0,0.0,1.0,-26.14,0.05
197,2,school_small,0.25,0,64.0,300,0.0,0.0,1.0,-19.93,0.05
198,2,school_small,1.0,1,58.75,79,0.0,0.0,1.0,315.4,0.05
199,2,school_small,0.75,0,58.0,300,0.0,0.0,1.0,208.85,0.05
200,2,school_small,0.5,0,33.0,300,0.0,0.0,1.0,99.66,0.05
201,2,school_small,0.5,0,55.0,300,0.0,0.0,1.0,92.99,0.05
202,2,school_small,1.0,1,70.25,103,0.0,0.0,1.0,313.45,0.05
203,2,school_small,0.5,0,101.0,300,0.0,0.0,1.0,84.26,0.05
204,2,school_small,0.5,0,62.5,300,0.0,0.0,1.0,81.5,0.05
205,2,school_small,0.25,0,83.0,300,0.0,0.0,1.0,-11.95,0.05
206,2,school_small,0.25,0,41.0,300,0.0,0.0,1.0,-22.18,0.05
207,2,school_small,0.5,0,50.5,300,0.0,0.0,1.0,100.01,0.05
208,2,school_small,0.25,0,48.0,300,0.0,0.0,1.0,-26.7,0.05
209,2,school_small,0.75,0,105.0,300,0.0,0.0,1.0,198.35,0.05
210,2,school_small,1.0,1,59.5,136,0.0,0.0,1.0,313.87,0.05
211,2,school_small,1.0,1,78.75,153,0.0,0.0,1.0,322.11,0.05
212,2,school_small,0.5,0,70.0,300,0.0,0.0,1.0,102.94,0.05
213,2,school_small,0.5,0,34.0,300,0.0,0.0,1.0,104.65,0.05
214,2,school_small,0.5,0,62.5,300,0.0,0.0,1.0,99.01,0.05
215,2,school_small,0.75,0,113.67,300,0.0,0.0,1.0,205.26,0.05
216,2,school_small,0.75,0,106.0,300,0.0,0.0,1.0,198.91,0.05
217,2,school_small,0.5,0,100.0,300,0.0,0.0,1.0,96.54,0.05
218,2,school_small,0.25,0,17.0,300,0.0,0.0,1.0,-1.55,0.05
219,2,school_small,0.75,0,141.33,300,0.0,0.0,1.0,214.95,0.05
220,2,school_small,0.75,0,96.0,300,0.0,0.0,1.0,210.81,0.05
221,2,school_small,0.5,0,34.5,300,0.0,0.0,1.0,125.97,0.05
222,2,school_small,0.75,0,152.0,300,0.0,0.0,1.0,196.68,0.05
223,2,school_small,0.75,0,94.67,300,0.0,0.0,1.0,196.92,0.05
224,2,school_small,0.75,0,118.0,300,0.0,0.0,1.0,209.28,0.05
225,2,school_small,0.75,0,119.0,300,0.0,0.0,1.0,208.82,0.05
226,2,school_small,0.75,0,71.67,300,0.0,0.0,1.0,220.92,0.05
227,2,school_small,0.75,0,60.33,300,0.0,0.0,1.0,211.87,0.05
228,2,school_small,0.75,0,59.33,300,0.0,0.0,1.0,219.41,0.05
229,2,school_small,0.5,0,84.0,300,0.0,0.0,1.0,92.1,0.05
230,2,school_small,0.5,0,163.0,300,0.0,0.0,1.0,94.85,0.05
231,2,school_small,0.25,0,38.0,300,0.0,0.0,1.0,-19.89,0.05
232,2,school_small,0.75,0,80.0,300,0.0,0.0,1.0,211.08,0.05
233,2,school_small,0.75,0,85.0,300,0.0,0.0,1.0,210.28,0.05
234,2,school_small,0.75,0,65.33,300,0.0,0.0,1.0,216.39,0.05
235,2,school_small,1.0,1,162.5,270,0.0,0.0,1.0,313.5,0.05
236,2,school_small,0.75,0,82.0,300,0.0,0.0,1.0,217.55,0.05
237,2,school_small,1.0,1,40.0,56,0.0,0.0,1.0,323.35,0.05
238,2,school_small,0.75,0,120.67,300,0.0,0.0,1.0,206.61,0.05
239,2,school_small,0.75,0,83.33,300,0.0,0.0,1.0,211.05,0.05
240,2,school_small,0.5,0,174.5,300,0.0,0.0,1.0,92.03,0.05
241,2,school_small,1.0,1,191.75,244,0.0,0.0,1.0,286.55,0.05
242,2,school_small,0.75,0,62.33,300,0.0,0.0,1.0,223.01,0.05
243,2,school_small,1.0,1,173.0,224,0.0,0.0,1.0,298.64,0.05
244,2,school_small,0.75,0,124.67,300,0.0,0.0,1.0,223.14,0.05
245,2,school_small,1.0,1,90.25,248,0.0,0.0,1.0,311.45,0.05
246,2,school_small,1.0,1,96.75,180,0.0,0.0,1.0,323.55,0.05
247,2,school_small,1.0,1,120.5,207,0.0,0.0,1.0,319.14,0.05
248,2,school_small,0.75,0,108.67,300,0.0,0.0,1.0,189.49,0.05
249,2,school_small,1.0,1,157.5,231,0.0,0.0,1.0,293.1,0.05
250,2,school_small,0.75,0,78.67,300,0.0,0.0,1.0,217.92,0.05
251,2,school_small,0.75,0,100.67,300,0.0,0.0,1.0,214.54,0.05
252,2,school_small,0.5,0,169.5,300,0.0,0.0,1.0,75.41,0.05
253,2,school_small,0.5,0,100.0,300,0.0,0.0,1.0,98.19,0.05
254,2,school_small,0.5,0,140.5,300,0.0,0.0,1.0,107.09,0.05
255,2,school_small,0.5,0,63.5,300,0.0,0.0,1.0,103.09,0.05
256,2,school_small,0.75,0,52.0,300,0.0,0.0,1.0,208.07,0.05
257,2,school_small,0.75,0,124.33,300,0.0,0.0,1.0,183.03,0.05
258,2,school_small,1.0,1,134.75,233,0.0,0.0,1.0,313.78,0.05
259,2,school_small,0.75,0,88.33,300,0.0,0.0,1.0,199.15,0.05
260,2,school_small,0.75,0,97.0,300,0.0,0.0,1.0,201.63,0.05
261,2,school_small,1.0,1,85.25,205,0.0,0.0,1.0,305.47,0.05
262,2,school_small,1.0,1,132.0,245,0.0,0.0,1.0,318.83,0.05
263,3,office_wing_small,0.0,0,300,300,0.25,0.1875,1.075,-588.23,0.9854
264,3,office_wing_small,0.0,0,300,300,0.0,0.0,1.0,-128.97,0.9708
265,3,office_wing_small,0.0,0,300,300,0.25,0.1875,1.075,-447.57,0.9562
266,3,office_wing_small,0.0,0,300,300,0.0,0.0,1.0,-111.0,0.9415
267,3,office_wing_small,0.0,0,300,300,0.0,0.0,1.0,-121.72,0.9269
268,3,office_wing_small,0.0,0,300,300,0.0,0.0,1.0,-114.53,0.9123
269,3,office_wing_small,0.0,0,300,300,0.25,0.1875,1.075,-537.25,0.8977
270,3,office_wing_small,0.0,0,300,300,0.0,0.0,1.0,-138.49,0.8831
271,3,office_wing_small,0.0,0,300,300,0.0,0.0,1.0,-114.52,0.8685
272,3,office_wing_small,0.0,0,300,300,0.25,0.1875,1.075,-252.46,0.8538
273,3,office_wing_small,0.0,0,300,300,0.0,0.0,1.0,-114.37,0.8392
274,3,office_wing_small,0.5,0,185.5,300,0.0,0.0,1.0,85.23,0.8274
275,3,office_wing_small,0.0,0,300,300,0.25,0.1875,1.075,-409.42,0.8128
276,3,office_wing_small,0.0,0,300,300,0.0,0.0,1.0,-108.77,0.7982
277,3,office_wing_small,0.25,0,290.0,300,0.51,0.1251,1.1697,-306.11,0.7837
278,3,office_wing_small,0.5,0,143.0,300,0.25,0.1875,1.075,-141.85,0.7729
279,3,office_wing_small,0.25,0,288.0,300,0.25,0.1875,1.075,-216.36,0.7585
280,3,office_wing_small,0.5,0,174.5,300,0.0,0.0,1.0001,99.68,0.7469
281,3,office_wing_small,0.25,0,149.0,300,0.16,0.0768,1.0748,-9.99,0.7341
282,3,office_wing_small,0.5,0,102.5,300,0.25,0.1875,1.075,-112.45,0.7243
283,3,office_wing_small,0.5,0,123.0,300,0.0,0.0,1.0,93.12,0.714
284,3,office_wing_small,0.75,0,213.0,300,0.0,0.0,1.0,176.67,0.7026
285,3,office_wing_small,0.5,0,213.5,300,0.0,0.0,1.0007,88.48,0.6901
286,3,office_wing_small,0.75,0,154.67,300,0.0,0.0,1.0,199.27,0.6808
287,3,office_wing_small,0.25,0,126.0,300,0.305,0.1691,1.0994,-208.12,0.6682
288,3,office_wing_small,0.5,0,101.5,300,0.34,0.1668,1.1141,-34.97,0.6585
289,3,office_wing_small,0.75,0,206.0,300,0.25,0.1875,1.0722,176.14,0.6473
290,3,office_wing_small,0.25,0,143.0,300,0.285,0.1737,1.075,-119.6,0.6346
291,3,office_wing_small,0.5,0,199.5,300,0.0,0.0,1.0,110.96,0.6224
292,3,office_wing_small,0.75,0,102.0,300,0.205,0.1261,1.075,44.34,0.615
293,3,office_wing_small,0.5,0,89.0,300,0.12,0.0432,1.0454,113.53,0.6056
294,3,office_wing_small,0.5,0,155.5,300,0.25,0.1875,1.075,-33.96,0.5945
295,3,office_wing_small,0.5,0,186.5,300,0.25,0.1875,1.075,-74.59,0.5826
296,3,office_wing_small,0.5,0,125.0,300,0.0,0.0,1.0,107.91,0.5723
297,3,office_wing_small,0.75,0,187.0,300,0.025,0.0019,1.0,214.2,0.5618
298,3,office_wing_small,0.5,0,102.5,300,0.0,0.0,1.0,107.16,0.552
299,3,office_wing_small,1.0,1,141.75,259,0.0,0.0,1.0,311.93,0.5451
300,3,office_wing_small,0.75,0,103.0,300,0.0,0.0,1.0,205.92,0.5377
301,3,office_wing_small,0.5,0,209.0,300,0.25,0.1875,1.075,-19.76,0.5252
302,3,office_wing_small,0.5,0,211.0,300,0.0,0.0,1.0,102.21,0.5128
303,3,office_wing_small,0.75,0,78.67,300,0.0,0.0,1.0,211.84,0.5063
304,3,office_wing_small,0.75,0,147.33,300,0.25,0.1875,1.075,88.2,0.4972
305,3,office_wing_small,0.5,0,184.5,300,0.245,0.1801,1.075,-37.24,0.4854
306,3,office_wing_small,0.75,0,120.0,300,0.0,0.0,1.0,205.2,0.4774
307,3,office_wing_small,0.5,0,106.0,300,0.0,0.0,1.0,100.79,0.4675
308,3,office_wing_small,0.5,0,99.0,300,0.0,0.0,1.0,105.29,0.4578
309,3,office_wing_small,0.75,0,84.0,300,0.0,0.0,1.0,212.25,0.451
310,3,office_wing_small,0.25,0,36.0,300,0.25,0.1875,1.075,-143.08,0.4396
311,3,office_wing_small,0.5,0,113.5,300,0.0,0.0,1.0,91.07,0.4296
312,3,office_wing_small,0.75,0,99.0,300,0.0,0.0,1.0,208.66,0.4223
313,3,office_wing_small,1.0,1,124.0,175,0.0,0.0,1.0,310.22,0.4163
314,3,office_wing_small,0.5,0,108.5,300,0.05,0.0025,1.0128,105.71,0.4063
315,3,office_wing_small,1.0,1,95.75,173,0.0,0.0,1.0,309.94,0.4016
316,3,office_wing_small,0.75,0,113.67,300,0.0,0.0,1.0,201.11,0.3939
317,3,office_wing_small,0.5,0,96.5,300,0.0,0.0,1.0,105.31,0.3842
318,3,office_wing_small,0.75,0,109.67,300,0.0,0.0,1.0,206.0,0.3766
319,3,office_wing_small,0.5,0,173.5,300,0.0,0.0,1.0,93.86,0.365
320,3,office_wing_small,0.5,0,77.5,300,0.0,0.0,1.0,103.42,0.3558
321,3,office_wing_small,0.75,0,79.67,300,0.0,0.0,1.0,205.58,0.3492
322,3,office_wing_small,0.75,0,68.0,300,0.0,0.0,1.0,210.45,0.3431
323,3,office_wing_small,0.25,0,126.0,300,0.25,0.1875,1.075,-113.72,0.3306
324,3,office_wing_small,0.5,0,111.0,300,0.25,0.1875,1.0736,-15.73,0.3206
325,3,office_wing_small,0.5,0,67.0,300,0.225,0.1519,1.075,1.1,0.3117
326,3,office_wing_small,1.0,1,130.75,296,0.0,0.0,1.0,318.98,0.3053
327,3,office_wing_small,0.75,0,95.0,300,0.225,0.1519,1.075,30.62,0.2982
328,3,office_wing_small,0.5,0,57.0,300,0.0,0.0,1.0,127.97,0.2894
329,3,office_wing_small,0.5,0,38.0,300,0.0,0.0,1.0,114.88,0.2812
330,3,office_wing_small,0.75,0,89.0,300,0.0,0.0,1.0,220.98,0.2743
331,3,office_wing_small,0.5,0,55.5,300,0.0,0.0,1.0,114.66,0.2657
332,3,office_wing_small,0.75,0,111.0,300,0.0,0.0,1.0,225.84,0.258
333,3,office_wing_small,0.75,0,57.33,300,0.25,0.1875,1.075,109.66,0.2522
334,3,office_wing_small,0.75,0,55.67,300,0.245,0.1801,1.075,108.43,0.2465
335,3,office_wing_small,0.75,0,71.33,300,0.0,0.0,1.0,215.95,0.2402
336,3,office_wing_small,0.25,0,84.0,300,0.24,0.1728,1.075,-123.77,0.2283
337,3,office_wing_small,0.5,0,51.5,300,0.25,0.1875,1.075,22.17,0.2197
338,3,office_wing_small,0.25,0,57.0,300,0.13,0.0507,1.0473,-117.8,0.208
339,3,office_wing_small,1.0,1,89.75,156,0.0,0.0,1.0,318.89,0.2037
340,3,office_wing_small,0.5,0,60.5,300,0.25,0.1875,1.0653,9.95,0.1949
341,3,office_wing_small,0.5,0,49.5,300,0.025,0.0019,1.0,116.28,0.1864
342,3,office_wing_small,0.75,0,65.33,300,0.0,0.0,1.0,225.41,0.1804
343,3,office_wing_small,0.5,0,59.0,300,0.015,0.0007,1.0,110.76,0.1716
344,3,office_wing_small,0.5,0,60.5,300,0.0,0.0,1.0,110.2,0.1628
345,3,office_wing_small,0.75,0,200.0,300,0.0,0.0,1.0,207.28,0.1519
346,3,office_wing_small,1.0,1,72.25,170,0.0,0.0,1.0,318.11,0.1484
347,3,office_wing_small,0.75,0,52.0,300,0.0,0.0,1.0,214.21,0.1428
348,3,office_wing_small,0.75,0,184.0,300,0.0,0.0,1.0,187.46,0.1324
349,3,office_wing_small,0.5,0,47.0,300,0.19,0.1083,1.0747,9.27,0.124
350,3,office_wing_small,0.75,0,98.67,300,0.25,0.1875,1.075,119.72,0.1167
351,3,office_wing_small,1.0,1,157.75,260,0.0,0.0,1.0,317.24,0.109
352,3,office_wing_small,1.0,1,53.75,78,0.0,0.0,1.0,323.1,0.1064
353,3,office_wing_small,1.0,1,72.25,90,0.0,0.0,1.0,321.7,0.1029
354,3,office_wing_small,1.0,1,134.75,243,0.0,0.0,1.0,323.34,0.0963
355,3,office_wing_small,0.5,0,124.0,300,0.25,0.1875,1.0703,58.64,0.086
356,3,office_wing_small,0.75,0,57.33,300,0.0,0.0,1.0,226.63,0.0803
357,3,office_wing_small,1.0,1,118.0,240,0.0,0.0,1.0,321.17,0.0745
358,3,office_wing_small,1.0,1,72.75,111,0.0,0.0,1.0,334.65,0.0709
359,3,office_wing_small,0.5,0,107.5,300,0.055,0.0091,1.0243,41.79,0.061
360,3,office_wing_small,0.75,0,106.67,300,0.0,0.0,1.0,217.13,0.0535
361,3,office_wing_small,1.0,1,67.0,129,0.0,0.0,1.0,329.35,0.0502
362,3,office_wing_small,1.0,1,69.5,103,0.0,0.0,1.0,314.08,0.05
363,3,office_wing_small,1.0,1,82.25,129,0.0,0.0,1.0,335.4,0.05
364,3,office_wing_small,0.75,0,48.67,300,0.24,0.1728,1.075,149.82,0.05
365,3,office_wing_small,0.75,0,139.67,300,0.18,0.0972,1.075,145.63,0.05
366,3,office_wing_small,0.75,0,78.0,300,0.0,0.0,1.0,232.14,0.05
367,3,office_wing_small,0.5,0,152.0,300,0.005,0.0001,1.0026,42.44,0.05
368,3,office_wing_small,0.5,0,63.5,300,0.25,0.1875,1.0728,74.94,0.05
369,3,office_wing_small,0.5,0,159.5,300,0.195,0.1141,1.0748,36.25,0.05
370,3,office_wing_small,0.5,0,52.0,300,0.23,0.1587,1.0735,49.9,0.05
371,3,office_wing_small,0.5,0,53.5,300,0.0,0.0,1.0,119.81,0.05
372,3,office_wing_small,0.75,0,89.67,300,0.0,0.0,1.0,231.37,0.05
373,3,office_wing_small,0.75,0,82.33,300,0.125,0.0469,1.0377,115.52,0.05
374,3,office_wing_small,0.5,0,32.0,300,0.25,0.1875,1.075,-62.47,0.05
375,3,office_wing_small,1.0,1,91.0,119,0.0,0.0,1.0,326.37,0.05
376,3,office_wing_small,0.75,0,82.0,300,0.215,0.1387,1.0515,134.6,0.05
377,3,office_wing_small,0.5,0,93.5,300,0.1,0.03,1.0401,70.72,0.05
378,3,office_wing_small,0.75,0,43.0,300,0.25,0.1875,1.075,39.37,0.05
379,3,office_wing_small,0.75,0,116.33,300,0.015,0.0007,1.0041,122.91,0.05
380,3,office_wing_small,0.75,0,95.33,300,0.0,0.0,1.0,237.3,0.05
381,3,office_wing_small,0.5,0,62.5,300,0.095,0.0271,1.0396,44.54,0.05
382,3,office_wing_small,1.0,1,73.0,128,0.0,0.0,1.0,324.23,0.05
383,3,office_wing_small,1.0,1,93.75,154,0.0,0.0,1.0,318.89,0.05
384,3,office_wing_small,1.0,1,74.25,178,0.0,0.0,1.0,318.09,0.05
385,3,office_wing_small,0.75,0,116.67,300,0.09,0.0243,1.0391,168.16,0.05
386,3,office_wing_small,1.0,1,69.0,125,0.0,0.0,1.0,326.66,0.05
387,3,office_wing_small,0.75,0,100.33,300,0.25,0.1875,1.075,159.78,0.05
388,3,office_wing_small,1.0,1,104.75,194,0.0,0.0,1.0,322.72,0.05
389,3,office_wing_small,1.0,1,80.25,140,0.0,0.0,1.0,324.11,0.05
390,3,office_wing_small,1.0,1,89.5,120,0.0,0.0,1.0,339.91,0.05
391,3,office_wing_small,0.75,0,71.0,300,0.175,0.0919,1.0747,184.25,0.05
392,3,office_wing_small,1.0,1,71.0,113,0.0,0.0,1.0,329.6,0.05
393,3,office_wing_small,1.0,1,44.5,62,0.0,0.0,1.0,316.97,0.05
394,3,office_wing_small,0.75,0,125.67,300,0.18,0.0972,1.0746,183.68,0.05
395,3,office_wing_small,1.0,1,63.75,110,0.0,0.0,1.0,326.43,0.05
396,3,office_wing_small,0.5,0,36.0,300,0.0,0.0,1.0,113.33,0.05
397,3,office_wing_small,1.0,1,113.75,209,0.0,0.0,1.0,331.11,0.05
398,3,office_wing_small,0.5,0,134.5,300,0.2,0.12,1.0748,48.53,0.05
399,3,office_wing_small,1.0,1,53.25,81,0.0,0.0,1.0,330.94,0.05
400,4,library_small,0.0,0,300,300,0.5,0.25,1.15,-555.22,0.9879
401,4,library_small,0.0,0,300,300,0.5,0.25,1.15,-577.04,0.9757
402,4,library_small,0.0,0,300,300,0.0,0.0,1.0,-113.03,0.9636
403,4,library_small,0.0,0,300,300,0.2661,0.1802,1.079,-663.91,0.9515
404,4,library_small,0.0,0,300,300,0.25,0.1875,1.075,-356.29,0.9394
405,4,library_small,0.0,0,300,300,0.0,0.0,1.0,-111.97,0.9272
406,4,library_small,0.0,0,300,300,0.0,0.0,1.0,-106.08,0.9151
407,4,library_small,0.0,0,300,300,0.0,0.0,1.0001,-140.39,0.903
408,4,library_small,0.0,0,300,300,0.25,0.1875,1.075,-250.59,0.8909
409,4,library_small,0.0,0,300,300,0.245,0.1801,1.075,-143.17,0.8787
410,4,library_small,0.0,0,300,300,0.0,0.0,1.0,-103.93,0.8666
411,4,library_small,0.0,0,300,300,0.0,0.0,1.0,-121.81,0.8545
412,4,library_small,0.0,0,300,300,0.0,0.0,1.0,-146.54,0.8423
413,4,library_small,0.0,0,300,300,0.0,0.0,1.0,-162.76,0.8302
414,4,library_small,0.0,0,300,300,0.1088,0.0307,1.0407,-230.73,0.8181
415,4,library_small,0.0,0,300,300,0.0,0.0,1.0,-125.98,0.806
416,4,library_small,0.0,0,300,300,0.5,0.25,1.15,-554.17,0.7938
417,4,library_small,0.0,0,300,300,0.0,0.0,1.0,-114.41,0.7817
418,4,library_small,0.0,0,300,300,0.0,0.0,1.0,-116.44,0.7696
419,4,library_small,0.25,0,185.0,300,0.0,0.0,1.0,-77.09,0.7586
420,4,library_small,0.0,0,300,300,0.0,0.0,1.0,-142.5,0.7465
421,4,library_small,0.25,0,261.0,300,0.0,0.0,1.0,-43.97,0.7348
422,4,library_small,0.25,0,26.0,300,0.0,0.0,1.0,6.64,0.7254
423,4,library_small,0.0,0,300,300,0.0,0.0,1.0,-243.91,0.7133
424,4,library_small,0.25,0,184.0,300,0.0,0.0,1.0,-45.56,0.7023
425,4,library_small,0.0,0,300,300,0.0,0.0,1.0,-110.5,0.6902
426,4,library_small,0.0,0,300,300,0.0,0.0,1.0,-192.94,0.6781
427,4,library_small,0.25,0,99.0,300,0.0,0.0,1.0,-17.24,0.668
428,4,library_small,0.0,0,300,300,0.0,0.0,1.0,-238.48,0.6559
429,4,library_small,0.25,0,40.0,300,0.0,0.0,1.0,-36.57,0.6464
430,4,library_small,0.0,0,300,300,0.0,0.0,1.0,-120.4,0.6342
431,4,library_small,0.0,0,300,300,0.0,0.0,1.0,-145.32,0.6221
432,4,library_small,0.0,0,300,300,0.17,0.0867,1.075,-127.74,0.61
433,4,library_small,0.25,0,24.0,300,0.0,0.0,1.0,-154.41,0.6006
434,4,library_small,0.25,0,12.0,300,0.0,0.0,1.0005,-94.41,0.5914
435,4,library_small,0.0,0,300,300,0.0,0.0,1.0,-195.5,0.5793
436,4,library_small,0.0,0,300,300,0.0,0.0,1.0,-206.72,0.5672
437,4,library_small,0.25,0,36.0,300,0.0711,0.0152,1.0372,-13.68,0.5577
438,4,library_small,0.0,0,300,300,0.0,0.0,1.0,-145.84,0.5456
439,4,library_small,0.25,0,95.0,300,0.0,0.0,1.0,-31.78,0.5355
440,4,library_small,0.25,0,17.0,300,0.0,0.0,1.0,-17.73,0.5263
441,4,library_small,0.25,0,52.0,300,0.0,0.0,1.0,-30.06,0.5166
442,4,library_small,0.0,0,300,300,0.0,0.0,1.0,-147.18,0.5045
443,4,library_small,0.0,0,300,300,0.0,0.0,1.0,-104.51,0.4924
444,4,library_small,0.0,0,300,300,0.0,0.0,1.0,-142.99,0.4802
445,4,library_small,0.25,0,49.0,300,0.0,0.0,1.0,-15.42,0.4706
446,4,library_small,0.0,0,300,300,0.0,0.0,1.0,-134.71,0.4585
447,4,library_small,0.0,0,300,300,0.0,0.0,1.0,-139.2,0.4464
448,4,library_small,0.0,0,300,300,0.0,0.0,1.0,-129.51,0.4342
449,4,library_small,0.0,0,300,300,0.0,0.0,1.0,-280.24,0.4221
450,4,library_small,0.0,0,300,300,0.0,0.0,1.0,-142.88,0.41
451,4,library_small,0.0,0,300,300,0.0,0.0,1.0,-154.18,0.3979
452,4,library_small,0.0,0,300,300,0.0,0.0,1.0,-145.52,0.3857
453,4,library_small,0.0,0,300,300,0.0,0.0,1.0,-216.6,0.3736
454,4,library_small,0.0,0,300,300,0.0,0.0,1.0,-119.54,0.3615
455,4,library_small,0.0,0,300,300,0.0,0.0,1.0,-124.19,0.3494
456,4,library_small,0.0,0,300,300,0.0,0.0,1.0,-129.16,0.3372
457,4,library_small,0.25,0,123.0,300,0.0,0.0,1.0,-19.94,0.3269
458,4,library_small,0.25,0,13.0,300,0.0,0.0,1.0,-46.61,0.3177
459,4,library_small,0.25,0,61.0,300,0.0,0.0,1.0,-122.59,0.308
460,4,library_small,0.0,0,300,300,0.0,0.0,1.0,-109.87,0.2958
461,4,library_small,0.0,0,300,300,0.0,0.0,1.0,-144.72,0.2837
462,4,library_small,0.25,0,9.0,300,0.0,0.0,1.0,-18.47,0.2745
463,4,library_small,0.25,0,31.0,300,0.0,0.0,1.0,-18.66,0.2651
464,4,library_small,0.0,0,300,300,0.0,0.0,1.0,-208.52,0.253
465,4,library_small,0.5,0,25.0,300,0.0,0.0,1.0,84.26,0.2464
466,4,library_small,0.25,0,70.0,300,0.0,0.0,1.0,-66.47,0.2366
467,4,library_small,0.0,0,300,300,0.0,0.0,1.0,-128.82,0.2245
468,4,library_small,0.5,0,149.5,300,0.0,0.0,1.0,95.01,0.2154
469,4,library_small,0.0,0,300,300,0.0,0.0,1.0,-243.44,0.2033
470,4,library_small,0.5,0,31.0,300,0.0,0.0,1.0,105.6,0.1966
471,4,library_small,0.0,0,300,300,0.0,0.0,1.0,-131.04,0.1845
472,4,library_small,0.25,0,10.0,300,0.0,0.0,1.0,-1.52,0.1752
473,4,library_small,0.25,0,48.0,300,0.0,0.0,1.0,-4.84,0.1657
474,4,library_small,0.0,0,300,300,0.0,0.0,1.0,-130.71,0.1535
475,4,library_small,0.25,0,27.0,300,0.0,0.0,1.0,-95.6,0.1442
476,4,library_small,0.0,0,300,300,0.0,0.0,1.0,-114.86,0.1321
477,4,library_small,0.25,0,36.0,300,0.0,0.0,1.0,-45.28,0.1226
478,4,library_small,0.0,0,300,300,0.0,0.0,1.0,-150.99,0.1105
479,4,library_small,0.0,0,300,300,0.0,0.0,1.0,-140.66,0.0983
480,4,library_small,0.0,0,300,300,0.0,0.0,1.0,-192.98,0.0862
481,4,library_small,0.25,0,292.0,300,0.0,0.0,1.0,-35.83,0.0742
482,4,library_small,0.25,0,12.0,300,0.0,0.0,1.0,-50.05,0.065
483,4,library_small,0.0,0,300,300,0.0,0.0,1.0,-121.86,0.0528
484,4,library_small,0.25,0,15.0,300,0.0,0.0,1.0,-23.82,0.05
485,4,library_small,0.0,0,300,300,0.0,0.0,1.0,-193.21,0.05
486,4,library_small,0.25,0,122.0,300,0.0,0.0,1.0,-15.69,0.05
487,4,library_small,0.0,0,300,300,0.0,0.0,1.0,-133.93,0.05
488,4,library_small,0.25,0,130.0,300,0.0,0.0,1.0,-25.11,0.05
489,4,library_small,0.0,0,300,300,0.0,0.0,1.0,-124.27,0.05
490,4,library_small,0.0,0,300,300,0.0,0.0,1.0,-114.06,0.05
491,4,library_small,0.5,0,148.0,300,0.0,0.0,1.0,41.31,0.05
492,4,library_small,0.5,0,194.0,300,0.0,0.0,1.0,60.83,0.05
493,4,library_small,0.0,0,300,300,0.0,0.0,1.0,-128.41,0.05
494,4,library_small,0.5,0,142.5,300,0.0,0.0,1.0,69.08,0.05
495,4,library_small,0.25,0,51.0,300,0.0,0.0,1.0,-12.06,0.05
496,4,library_small,0.5,0,146.5,300,0.0,0.0,1.0,94.76,0.05
497,4,library_small,0.25,0,120.0,300,0.0,0.0,1.0,-19.12,0.05
498,4,library_small,0.0,0,300,300,0.0,0.0,1.0,-142.91,0.05
499,4,library_small,0.0,0,300,300,0.0,0.0,1.0,-232.78,0.05
500,4,library_small,0.25,0,146.0,300,0.0,0.0,1.0,-34.14,0.05
501,4,library_small,0.25,0,36.0,300,0.0,0.0,1.0,-11.96,0.05
502,4,library_small,0.25,0,128.0,300,0.0,0.0,1.0,-1.77,0.05
503,4,library_small,0.0,0,300,300,0.0,0.0,1.0,-117.21,0.05
504,4,library_small,0.5,0,124.5,300,0.0,0.0,1.0,79.75,0.05
505,4,library_small,0.0,0,300,300,0.0,0.0,1.0,-146.07,0.05
506,4,library_small,0.25,0,52.0,300,0.0,0.0,1.0,2.66,0.05
507,4,library_small,0.25,0,106.0,300,0.0,0.0,1.0,-17.46,0.05
508,4,library_small,0.25,0,45.0,300,0.0,0.0,1.0,-7.85,0.05
509,4,library_small,0.75,0,128.0,300,0.155,0.0721,1.0674,183.12,0.05
510,4,library_small,0.0,0,300,300,0.0,0.0,1.0004,-174.18,0.05
511,4,library_small,0.25,0,126.0,300,0.0,0.0,1.0,-53.88,0.05
512,4,library_small,0.5,0,134.5,300,0.0,0.0,1.0,68.56,0.05
513,4,library_small,0.25,0,40.0,300,0.1754,0.0923,1.0751,-104.88,0.05
514,4,library_small,0.5,0,25.0,300,0.25,0.1875,1.0716,24.21,0.05
515,4,library_small,0.5,0,200.0,300,0.0,0.0,1.0,79.0,0.05
516,4,library_small,0.5,0,110.5,300,0.0,0.0,1.0,39.43,0.05
517,4,library_small,0.25,0,235.0,300,0.0,0.0,1.0,-181.73,0.05
518,4,library_small,0.75,0,49.33,300,0.0,0.0,1.0,171.47,0.05
519,4,library_small,0.5,0,117.0,300,0.25,0.1875,1.0724,69.5,0.05
520,4,library_small,0.5,0,126.5,300,0.0,0.0,1.0,4.53,0.05
521,4,library_small,0.5,0,99.0,300,0.0,0.0,1.0,17.33,0.05
522,4,library_small,0.25,0,39.0,300,0.0,0.0,1.0,-123.56,0.05
523,4,library_small,0.75,0,95.0,300,0.07,0.0147,1.0382,72.06,0.05
524,4,library_small,0.5,0,120.0,300,0.0,0.0,1.0,-11.72,0.05
525,4,library_small,0.25,0,19.0,300,0.15,0.0675,1.0634,-97.2,0.05
526,4,library_small,0.25,0,132.0,300,0.0,0.0,1.0,-103.49,0.05
527,4,library_small,0.75,0,76.0,300,0.0,0.0,1.0,216.44,0.05
528,4,library_small,1.0,1,142.0,273,0.0,0.0,1.0,293.42,0.05
529,4,library_small,0.25,0,11.0,300,0.095,0.0271,1.0312,-23.98,0.05
530,4,library_small,0.5,0,51.5,300,0.25,0.1875,1.075,-53.97,0.05
531,4,library_small,0.5,0,71.5,300,0.0,0.0,1.0,94.18,0.05
532,4,library_small,1.0,1,106.75,285,0.0,0.0,1.0,303.74,0.05
533,4,library_small,0.5,0,213.5,300,0.285,0.0825,1.1148,-9.44,0.05
534,4,library_small,0.25,0,91.0,300,0.155,0.0301,1.053,-84.37,0.05
535,4,library_small,0.5,0,45.5,300,0.0,0.0,1.0,98.23,0.05
536,4,library_small,0.25,0,67.0,300,0.4903,0.2406,1.1487,-122.19,0.05
537,4,library_small,0.5,0,81.5,300,0.075,0.0169,1.0002,87.8,0.05
538,4,library_small,0.5,0,17.5,300,0.25,0.1875,1.075,22.96,0.05
539,4,library_small,0.25,0,201.0,300,0.5,0.25,1.15,-135.83,0.05
540,4,library_small,0.5,0,161.0,300,0.0,0.0,1.0,29.8,0.05
541,4,library_small,0.5,0,86.5,300,0.25,0.1875,1.075,19.94,0.05
542,4,library_small,0.75,0,47.33,300,0.0,0.0,1.0,208.43,0.05
543,4,library_small,0.25,0,105.0,300,0.0,0.0,1.0002,-75.26,0.05
544,4,library_small,0.25,0,219.0,300,0.35,0.1675,1.112,-124.71,0.05
545,4,library_small,0.5,0,110.0,300,0.0,0.0,1.0,109.49,0.05
546,4,library_small,0.75,0,90.33,300,0.0,0.0,1.0,191.84,0.05
547,4,library_small,0.5,0,43.5,300,0.25,0.1875,1.075,-49.74,0.05
548,4,library_small,0.5,0,45.0,300,0.265,0.1807,1.0757,-26.92,0.05
549,4,library_small,0.0,0,300,300,0.25,0.1875,1.075,-231.06,0.05
550,4,library_small,0.75,0,184.67,300,0.25,0.1875,1.075,24.93,0.05
551,4,library_small,0.75,0,155.0,300,0.25,0.1875,1.075,170.9,0.05
552,4,library_small,0.25,0,104.0,300,0.655,0.1671,1.1812,-183.3,0.05
553,4,library_small,0.5,0,62.5,300,0.25,0.1875,1.075,19.62,0.05
554,4,library_small,0.25,0,208.0,300,0.25,0.1875,1.075,-225.15,0.05
555,4,library_small,0.5,0,90.0,300,0.01,0.0003,1.0033,65.46,0.05
556,4,library_small,0.75,0,73.33,300,0.0,0.0,1.0,206.63,0.05
557,4,library_small,0.5,0,114.5,300,0.0,0.0,1.0,82.52,0.05
558,4,library_small,0.5,0,111.5,300,0.105,0.0331,1.0135,80.09,0.05
559,4,library_small,0.75,0,147.33,300,0.25,0.1875,1.075,48.39,0.05
560,4,library_small,0.75,0,147.33,300,0.0,0.0,1.0,179.08,0.05
561,4,library_small,1.0,1,62.75,99,0.0,0.0,1.0,330.51,0.05
562,4,library_small,0.5,0,148.5,300,0.25,0.1875,1.075,66.09,0.05
563,4,library_small,0.75,0,100.33,300,0.0,0.0,1.0,193.77,0.05
564,4,library_small,0.75,0,136.33,300,0.25,0.1875,1.075,77.76,0.05
565,4,library_small,0.75,0,44.33,300,0.25,0.1875,1.075,148.29,0.05
566,4,library_small,0.75,0,148.67,300,0.0,0.0,1.0,205.12,0.05
567,4,library_small,0.25,0,125.0,300,0.065,0.0127,1.038,-113.18,0.05
568,4,library_small,0.5,0,121.5,300,0.5,0.25,1.15,-49.78,0.05
569,4,library_small,0.75,0,125.33,300,0.0,0.0,1.0,184.05,0.05
570,4,library_small,0.75,0,118.33,300,0.0,0.0,1.0,190.09,0.05
571,4,library_small,0.75,0,76.67,300,0.0,0.0,1.0,216.91,0.05
572,4,library_small,1.0,1,157.75,291,0.0,0.0,1.0,283.38,0.05
573,4,library_small,0.75,0,97.0,300,0.0,0.0,1.0,202.18,0.05
574,4,library_small,0.75,0,119.33,300,0.0,0.0,1.0,179.42,0.05
575,4,library_small,0.5,0,64.0,300,0.0,0.0,1.0,108.31,0.05
576,4,library_small,0.5,0,163.0,300,0.25,0.1875,1.075,52.15,0.05
577,4,library_small,1.0,1,77.5,162,0.0,0.0,1.0,293.07,0.05
578,4,library_small,0.5,0,93.0,300,0.0,0.0,1.0002,65.37,0.05
579,4,library_small,0.5,0,42.5,300,0.02,0.0012,1.0051,19.26,0.05
580,4,library_small,0.75,0,153.0,300,0.25,0.1875,1.075,104.07,0.05
581,4,library_small,0.75,0,97.33,300,0.0,0.0,1.0,224.1,0.05
582,4,library_small,1.0,1,104.5,172,0.0,0.0,1.0,309.6,0.05
583,4,library_small,0.75,0,168.67,300,0.0,0.0,1.0,204.48,0.05
584,4,library_small,0.75,0,135.0,300,0.0,0.0,1.0,182.83,0.05
585,4,library_small,0.75,0,183.0,300,0.25,0.1875,1.075,91.29,0.05
586,4,library_small,0.5,0,80.5,300,0.25,0.1875,1.075,48.43,0.05
587,4,library_small,0.75,0,70.67,300,0.25,0.1875,1.075,93.52,0.05
588,4,library_small,0.75,0,69.67,300,0.25,0.1875,1.075,138.97,0.05
589,4,library_small,1.0,1,117.0,198,0.0,0.0,1.0,323.18,0.05
590,4,library_small,1.0,1,119.25,141,0.0,0.0,1.0,315.28,0.05
591,4,library_small,0.5,0,180.0,300,0.25,0.1875,1.075,19.77,0.05
592,4,library_small,0.75,0,94.33,300,0.0,0.0,1.0,203.06,0.05
593,4,library_small,0.75,0,122.0,300,0.0,0.0,1.0,194.96,0.05
594,4,library_small,0.75,0,176.0,300,0.25,0.1875,1.075,82.45,0.05
595,4,library_small,1.0,1,88.5,176,0.0,0.0,1.0,321.17,0.05
596,4,library_small,1.0,1,164.5,211,0.0,0.0,1.0,302.71,0.05
597,4,library_small,0.75,0,200.0,300,0.0,0.0,1.0,173.5,0.05
598,4,library_small,0.75,0,165.0,300,0.25,0.1875,1.075,83.98,0.05
599,4,library_small,1.0,1,78.75,222,0.0,0.0,1.0,315.37,0.05
600,4,library_small,0.75,0,88.0,300,0.25,0.1875,1.075,99.77,0.05
601,4,library_small,0.75,0,93.67,300,0.25,0.1875,1.075,88.74,0.05
602,4,library_small,0.75,0,108.33,300,0.0,0.0,1.0,206.65,0.05
603,4,library_small,0.5,0,121.5,300,0.25,0.1875,1.075,-23.56,0.05
604,4,library_small,0.5,0,178.0,300,0.0,0.0,1.0,89.58,0.05
605,4,library_small,0.75,0,157.67,300,0.225,0.1519,1.075,144.84,0.05
606,4,library_small,1.0,1,87.75,150,0.0,0.0,1.0,308.48,0.05
607,4,library_small,0.75,0,77.33,300,0.0,0.0,1.0,197.34,0.05
608,4,library_small,0.75,0,83.0,300,0.0,0.0,1.0,205.22,0.05
609,4,library_small,1.0,1,89.0,124,0.0,0.0,1.0,330.67,0.05
610,4,library_small,0.75,0,73.0,300,0.0,0.0,1.0,201.34,0.05
611,4,library_small,0.25,0,95.0,300,0.5,0.25,1.1513,-101.73,0.05
612,4,library_small,0.75,0,86.67,300,0.0,0.0,1.0,196.81,0.05
613,4,library_small,0.75,0,33.33,300,0.0,0.0,1.0,210.5,0.05
614,4,library_small,0.5,0,66.5,300,0.0,0.0,1.0,76.22,0.05
615,4,library_small,0.5,0,114.0,300,0.0,0.0,1.0017,29.14,0.05
616,4,library_small,1.0,1,94.75,174,0.0,0.0,1.0,317.88,0.05
617,4,library_small,1.0,1,113.0,175,0.0,0.0,1.0001,298.31,0.05
618,4,library_small,1.0,1,114.75,176,0.0,0.0,1.0,283.94,0.05
619,4,library_small,0.75,0,65.0,300,0.0,0.0,1.0,203.09,0.05
620,4,library_small,0.75,0,130.0,300,0.0,0.0,1.0,188.3,0.05
621,4,library_small,1.0,1,95.5,159,0.0,0.0,1.0,315.52,0.05
622,4,library_small,0.75,0,83.33,300,0.0,0.0,1.0,199.64,0.05
623,4,library_small,1.0,1,93.75,153,0.0,0.0,1.0,305.08,0.05
624,4,library_small,1.0,1,112.5,141,0.0,0.0,1.0,321.53,0.05
625,4,library_small,1.0,1,85.5,130,0.0,0.0,1.0,313.4,0.05
626,4,library_small,0.75,0,71.0,300,0.0,0.0,1.0,206.41,0.05
627,4,library_small,0.75,0,63.0,300,0.06,0.0108,1.0,214.3,0.05
628,4,library_small,0.75,0,114.0,300,0.0,0.0,1.0,197.38,0.05
629,4,library_small,1.0,1,93.25,132,0.0,0.0,1.0,324.4,0.05
630,4,library_small,0.75,0,98.33,300,0.0,0.0,1.0,195.66,0.05
631,4,library_small,0.75,0,113.33,300,0.0,0.0,1.0,206.56,0.05
632,4,library_small,1.0,1,93.75,215,0.0,0.0,1.0,322.33,0.05
633,4,library_small,0.5,0,149.0,300,0.0,0.0,1.0,70.31,0.05
634,4,library_small,1.0,1,92.0,130,0.0,0.0,1.0001,318.55,0.05
635,5,library_medium,0.0,0,400,400,0.3333,0.2222,1.1,-923.29,0.9903
636,5,library_medium,0.0,0,400,400,0.1533,0.1176,1.05,-596.92,0.9805
637,5,library_medium,0.0,0,400,400,0.0,0.0,1.0,-242.24,0.9708
638,5,library_medium,0.0,0,400,400,0.0,0.0,1.0,-271.81,0.961
639,5,library_medium,0.1667,0,1.0,400,0.0567,0.0161,1.0259,-392.73,0.9529
640,5,library_medium,0.0,0,400,400,0.1667,0.1389,1.05,-565.61,0.9432
641,5,library_medium,0.0,0,400,400,0.1667,0.1389,1.05,-739.48,0.9334
642,5,library_medium,0.0,0,400,400,0.3333,0.2222,1.0997,-1300.53,0.9237
643,5,library_medium,0.0,0,400,400,0.3233,0.2094,1.0997,-364.59,0.9139
644,5,library_medium,0.0,0,400,400,0.1367,0.0934,1.05,-459.08,0.9042
645,5,library_medium,0.0,0,400,400,0.0,0.0,1.0,-253.52,0.8944
646,5,library_medium,0.0,0,400,400,0.1533,0.0812,1.0365,-1137.88,0.8847
647,5,library_medium,0.0,0,400,400,0.0,0.0,1.0,-573.05,0.875
648,5,library_medium,0.1667,0,1.0,400,0.1467,0.1076,1.0344,-269.77,0.8668
649,5,library_medium,0.0,0,400,400,0.73,0.1578,1.2264,-1810.34,0.8571
650,5,library_medium,0.0,0,400,400,0.1667,0.1389,1.05,-742.93,0.8474
651,5,library_medium,0.1667,0,378.0,400,0.4151,0.1951,1.1305,-450.64,0.8377
652,5,library_medium,0.0,0,400,400,0.0067,0.0002,1.0,-439.21,0.8279
653,5,library_medium,0.1667,0,1.0,400,0.2218,0.1343,1.0447,-163.97,0.8198
654,5,library_medium,0.1667,0,132.0,400,0.5,0.25,1.15,-903.53,0.8112
655,5,library_medium,0.0,0,400,400,0.46,0.2165,1.1284,-318.84,0.8014
656,5,library_medium,0.0,0,400,400,0.16,0.128,1.0499,-410.73,0.7917
657,5,library_medium,0.3333,0,144.5,400,0.3333,0.2222,1.1,-211.62,0.784
658,5,library_medium,0.0,0,400,400,0.23,0.1378,1.0751,-295.9,0.7743
659,5,library_medium,0.3333,0,212.5,400,0.2767,0.1627,1.0682,-368.51,0.7661
660,5,library_medium,0.0,0,400,400,0.1667,0.1389,1.05,-624.1,0.7563
661,5,library_medium,0.3333,0,215.5,400,0.5,0.25,1.15,-446.96,0.7481
662,5,library_medium,0.3333,0,202.0,400,0.0,0.0,1.0,-127.04,0.7399
663,5,library_medium,0.5,0,228.0,400,0.18,0.1353,1.0506,-371.42,0.7323
664,5,library_medium,0.1667,0,366.0,400,0.0,0.0,1.0,-433.71,0.7227
665,5,library_medium,0.1667,0,287.0,400,0.1667,0.1389,1.05,-411.01,0.7134
666,5,library_medium,0.5,0,112.0,400,0.0,0.0,1.0,97.5,0.7072
667,5,library_medium,0.3333,0,246.5,400,0.01,0.0005,1.0027,-461.95,0.6986
668,5,library_medium,0.6667,0,137.25,400,0.3333,0.2222,1.1,53.89,0.6932
669,5,library_medium,0.1667,0,91.0,400,0.0533,0.0142,1.0257,-366.55,0.6847
670,5,library_medium,0.3333,0,196.0,400,0.0667,0.0222,1.0267,-199.81,0.6766
671,5,library_medium,0.3333,0,138.5,400,0.0,0.0,1.0,-143.65,0.669
672,5,library_medium,0.5,0,300.0,400,0.1033,0.0534,1.045,23.13,0.6605
673,5,library_medium,0.6667,0,58.75,400,0.0241,0.0029,1.0066,185.94,0.6562
674,5,library_medium,0.6667,0,245.25,400,0.0,0.0,1.0,119.45,0.649
675,5,library_medium,0.6667,0,239.5,400,0.3333,0.2222,1.1,-384.79,0.6419
676,5,library_medium,0.5,0,144.0,400,0.0,0.0,1.0,85.24,0.6353
677,5,library_medium,0.3333,0,157.5,400,0.3167,0.2014,1.1,-353.29,0.6275
678,5,library_medium,0.6667,0,193.25,400,0.0,0.0,1.0,-99.22,0.6211
679,5,library_medium,0.1667,0,210.0,400,0.0,0.0,1.0,-259.09,0.6121
680,5,library_medium,0.6667,0,198.0,400,0.0681,0.0232,1.0257,131.41,0.6057
681,5,library_medium,0.5,0,189.33,400,0.0146,0.0011,1.0034,31.41,0.5985
682,5,library_medium,0.5,0,124.0,400,0.0173,0.0012,1.0017,44.72,0.5921
683,5,library_medium,0.8333,0,177.8,400,0.1219,0.0743,1.0491,165.04,0.5869
684,5,library_medium,0.6667,0,108.25,400,0.2434,0.1427,1.0792,31.92,0.5819
685,5,library_medium,0.5,0,120.67,400,0.0,0.0,1.0,83.9,0.5755
686,5,library_medium,0.3333,0,250.5,400,0.0,0.0,1.0,-129.86,0.567
687,5,library_medium,0.5,0,135.0,400,0.0,0.0,1.0,39.53,0.5605
688,5,library_medium,0.6667,0,217.25,400,0.1667,0.1389,1.0497,38.48,0.5537
689,5,library_medium,0.5,0,65.67,400,0.0667,0.0222,1.0271,98.41,0.548
690,5,library_medium,0.6667,0,120.5,400,0.0,0.0,1.0,207.07,0.5428
691,5,library_medium,0.6667,0,221.0,400,0.0,0.0,1.0,59.2,0.536
692,5,library_medium,0.6667,0,194.25,400,0.0,0.0,1.0001,117.05,0.5296
693,5,library_medium,0.8333,0,131.2,400,0.08,0.032,1.0295,259.56,0.5253
694,5,library_medium,0.3333,0,121.5,400,0.0,0.0,1.0,-97.31,0.5178
695,5,library_medium,0.6667,0,185.75,400,0.0,0.0,1.0011,187.73,0.5116
696,5,library_medium,0.1667,0,89.0,400,0.0,0.0,1.0001,-149.23,0.5031
697,5,library_medium,0.6667,0,96.5,400,0.23,0.1378,1.0764,220.47,0.4983
698,5,library_medium,1.0,1,98.33,159,0.0565,0.016,1.0267,451.62,0.4959
699,5,library_medium,0.6667,0,196.5,400,0.0679,0.023,1.0271,188.66,0.4894
700,5,library_medium,0.5,0,67.0,400,0.0,0.0,1.0001,33.61,0.4837
701,5,library_medium,0.8333,0,147.0,400,0.0,0.0,1.0,296.94,0.4791
702,5,library_medium,0.3333,0,47.5,400,0.0,0.0,1.0,-36.87,0.4722
703,5,library_medium,0.6667,0,236.5,400,0.06,0.018,1.0262,122.94,0.4652
704,5,library_medium,0.3333,0,115.5,400,0.3828,0.2015,1.1257,-194.35,0.4577
705,5,library_medium,0.6667,0,170.25,400,0.18,0.1353,1.0534,74.05,0.4517
706,5,library_medium,0.1667,0,15.0,400,0.5,0.25,1.15,-603.87,0.4435
707,5,library_medium,0.3333,0,148.0,400,0.55,0.2125,1.1736,-335.59,0.4358
708,5,library_medium,0.0,0,400,400,0.8333,0.1389,1.25,-1155.14,0.4261
709,5,library_medium,0.0,0,400,400,0.6667,0.2222,1.2,-959.02,0.4163
710,5,library_medium,0.3333,0,53.5,400,0.6667,0.2222,1.2,-830.04,0.4094
711,5,library_medium,0.1667,0,82.0,400,0.3333,0.2222,1.1,-453.31,0.401
712,5,library_medium,0.1667,0,104.0,400,0.5,0.25,1.15,-778.81,0.3924
713,5,library_medium,0.1667,0,82.0,400,0.6667,0.2222,1.2,-976.73,0.384
714,5,library_medium,0.3333,0,118.5,400,0.5,0.25,1.15,-505.69,0.3765
715,5,library_medium,0.3333,0,55.5,400,0.3333,0.2222,1.1,-376.3,0.3696
716,5,library_medium,0.5,0,196.0,400,0.2733,0.1602,1.1,-209.71,0.3623
717,5,library_medium,0.1667,0,42.0,400,0.3733,0.2036,1.1203,-556.16,0.354
718,5,library_medium,0.5,0,136.33,400,0.4533,0.2142,1.15,-305.95,0.3475
719,5,library_medium,0.3333,0,182.5,400,0.5,0.25,1.15,-656.27,0.3395
720,5,library_medium,0.3333,0,43.5,400,0.6667,0.2222,1.2,-679.93,0.3327
721,5,library_medium,0.5,0,137.67,400,0.3333,0.2222,1.1,-297.24,0.3261
722,5,library_medium,0.3333,0,131.5,400,0.6667,0.2222,1.2,-727.81,0.3185
723,5,library_medium,0.1667,0,1.0,400,0.6258,0.2006,1.1856,-572.71,0.3104
724,5,library_medium,0.1667,0,96.0,400,0.7333,0.1556,1.2267,-732.42,0.3019
725,5,library_medium,0.1667,0,94.0,400,0.5233,0.2294,1.1565,-606.23,0.2934
726,5,library_medium,0.3333,0,74.5,400,0.6667,0.2222,1.2,-160.5,0.2863
727,5,library_medium,0.3333,0,50.5,400,0.45,0.2125,1.1417,-106.54,0.2794
728,5,library_medium,0.1667,0,34.0,400,0.6667,0.2222,1.2,-232.05,0.2711
729,5,library_medium,0.5,0,93.0,400,0.14,0.098,1.05,60.04,0.2651
730,5,library_medium,0.8333,0,71.2,400,0.0,0.0,1.0,356.51,0.2621
731,5,library_medium,0.6667,0,136.5,400,0.3333,0.2222,1.1,180.66,0.2566
732,5,library_medium,0.6667,0,191.5,400,0.3367,0.1809,1.1083,88.77,0.2502
733,5,library_medium,0.0,0,400,400,0.3333,0.1581,1.1208,-633.3,0.2405
734,5,library_medium,0.3333,0,160.5,400,0.5,0.25,1.15,-238.73,0.2327
735,5,library_medium,0.5,0,123.0,400,0.47,0.2245,1.15,-112.65,0.2263
736,5,library_medium,0.3333,0,52.0,400,0.0,0.0,1.0,-27.77,0.2194
737,5,library_medium,0.1667,0,207.0,400,0.0,0.0,1.001,-185.89,0.2105
738,5,library_medium,0.5,0,77.67,400,0.0633,0.0201,1.0264,93.39,0.2046
739,5,library_medium,0.5,0,90.0,400,0.2527,0.1472,1.0815,13.08,0.1987
740,5,library_medium,0.8333,0,97.4,400,0.0,0.0,1.0,271.48,0.1951
741,5,library_medium,0.8333,0,105.8,400,0.127,0.0389,1.0531,239.51,0.1913
742,5,library_medium,0.8333,0,140.2,400,0.0841,0.0353,1.0315,299.29,0.1868
743,5,library_medium,1.0,1,136.0,210,0.2081,0.0663,1.0721,358.13,0.1835
744,5,library_medium,0.8333,0,94.6,400,0.0,0.0,1.0,319.66,0.18
745,5,library_medium,0.6667,0,100.0,400,0.0,0.0,1.0,217.45,0.1751
746,5,library_medium,0.6667,0,169.75,400,0.0734,0.0155,1.0259,146.89,0.1691
747,5,library_medium,1.0,1,80.5,161,0.1942,0.1249,1.05,427.81,0.1671
748,5,library_medium,0.8333,0,110.6,400,0.0,0.0,1.0,255.3,0.1633
749,5,library_medium,1.0,1,96.17,168,0.2067,0.094,1.0784,398.3,0.1609
750,5,library_medium,0.8333,0,97.6,400,0.0,0.0,1.0,306.48,0.1573
751,5,library_medium,0.6667,0,94.25,400,0.1,0.05,1.041,187.92,0.1525
752,5,library_medium,1.0,1,118.67,270,0.0,0.0,1.0,391.57,0.1496
753,5,library_medium,1.0,1,111.5,215,0.0,0.0,1.0,415.05,0.1469
754,5,library_medium,0.8333,0,190.4,400,0.2019,0.0855,1.0724,121.39,0.1414
755,5,library_medium,0.8333,0,100.6,400,0.0,0.0,1.0,335.67,0.1378
756,5,library_medium,1.0,1,98.83,298,0.0833,0.0347,1.0302,418.06,0.1354
757,5,library_medium,1.0,1,105.17,237,0.1927,0.054,1.0687,390.94,0.1328
758,5,library_medium,0.6667,0,123.75,400,0.2108,0.0527,1.0631,167.72,0.1276
759,5,library_medium,0.8333,0,107.0,400,0.3353,0.1136,1.145,207.31,0.1238
760,5,library_medium,1.0,1,100.33,133,0.1091,0.0394,1.0352,424.01,0.1213
761,5,library_medium,1.0,1,106.17,373,0.1033,0.0534,1.045,450.03,0.1187
762,5,library_medium,0.8333,0,77.2,400,0.1367,0.0494,1.041,322.6,0.1155
763,5,library_medium,0.6667,0,113.75,400,0.0927,0.0425,1.0366,190.41,0.1104
764,5,library_medium,0.8333,0,80.0,400,0.0567,0.0161,1.0268,323.76,0.1072
765,5,library_medium,0.6667,0,127.5,400,0.0,0.0,1.0,238.42,0.1019
766,5,library_medium,0.6667,0,100.5,400,0.3067,0.0954,1.1073,120.48,0.097
767,6,hazard_corridor_small,0.0,0,350,350,0.56,0.2008,1.1804,-1469.43,0.9919
768,6,hazard_corridor_small,0.0,0,350,350,0.21,0.1323,1.075,-420.93,0.9838
769,6,hazard_corridor_small,0.0,0,350,350,0.0,0.0,1.0,-191.37,0.9757
770,6,hazard_corridor_small,0.0,0,350,350,0.055,0.0091,1.0243,-161.17,0.9676
771,6,hazard_corridor_small,0.0,0,350,350,0.25,0.1875,1.0634,-145.89,0.9595
772,6,hazard_corridor_small,0.0,0,350,350,0.0,0.0,1.0,-148.67,0.9513
773,6,hazard_corridor_small,0.0,0,350,350,0.26,0.1828,1.075,-720.21,0.9432
774,6,hazard_corridor_small,0.25,0,200.0,350,0.0,0.0,1.0,-89.89,0.936
775,6,hazard_corridor_small,0.0,0,350,350,0.0,0.0,1.0002,-280.54,0.9279
776,6,hazard_corridor_small,0.25,0,232.0,350,0.385,0.1703,1.1278,-269.79,0.9205
777,6,hazard_corridor_small,0.0,0,350,350,0.175,0.0919,1.075,-592.26,0.9123
778,6,hazard_corridor_small,0.0,0,350,350,0.25,0.1875,1.075,-575.19,0.9042
779,6,hazard_corridor_small,0.25,0,55.0,350,0.0,0.0,1.0,-52.92,0.8978
780,6,hazard_corridor_small,0.25,0,78.0,350,0.0,0.0,1.0,-350.66,0.8913
781,6,hazard_corridor_small,0.0,0,350,350,0.25,0.1875,1.075,-449.42,0.8832
782,6,hazard_corridor_small,0.25,0,166.0,350,0.415,0.1347,1.1531,-457.96,0.8762
783,6,hazard_corridor_small,0.0,0,350,350,0.5,0.25,1.1497,-533.1,0.868
784,6,hazard_corridor_small,0.0,0,350,350,0.25,0.1875,1.0743,-297.24,0.8599
785,6,hazard_corridor_small,0.25,0,84.0,350,0.0,0.0,1.0,-69.77,0.8534
786,6,hazard_corridor_small,0.0,0,350,350,0.25,0.1875,1.075,-183.85,0.8453
787,6,hazard_corridor_small,0.0,0,350,350,0.0,0.0,1.0,-239.78,0.8372
788,6,hazard_corridor_small,0.0,0,350,350,0.25,0.1875,1.0755,-213.79,0.829
789,6,hazard_corridor_small,0.0,0,350,350,0.035,0.0037,1.01,-182.41,0.8209
790,6,hazard_corridor_small,0.25,0,73.0,350,0.615,0.1747,1.1925,-278.24,0.8144
791,6,hazard_corridor_small,0.0,0,350,350,0.0,0.0,1.0,-177.33,0.8063
792,6,hazard_corridor_small,0.0,0,350,350,0.5,0.25,1.1497,-405.47,0.7982
793,6,hazard_corridor_small,0.0,0,350,350,0.5,0.25,1.1385,-481.39,0.7901
794,6,hazard_corridor_small,0.5,0,150.5,350,0.415,0.1867,1.1382,-189.73,0.7843
795,6,hazard_corridor_small,0.0,0,350,350,0.5,0.25,1.15,-394.96,0.7762
796,6,hazard_corridor_small,0.25,0,117.0,350,0.0,0.0,1.0,-67.44,0.7694
797,6,hazard_corridor_small,0.25,0,131.0,350,0.265,0.0715,1.1005,-79.66,0.7626
798,6,hazard_corridor_small,0.0,0,350,350,0.485,0.2357,1.15,-403.87,0.7545
799,6,hazard_corridor_small,0.75,0,95.33,350,0.4258,0.1402,1.1204,160.46,0.7508
800,6,hazard_corridor_small,0.0,0,350,350,0.27,0.0801,1.116,-348.33,0.7427
801,6,hazard_corridor_small,0.0,0,350,350,0.405,0.1821,1.1377,-179.55,0.7346
802,6,hazard_corridor_small,0.0,0,350,350,0.0,0.0,1.003,-224.07,0.7265
803,6,hazard_corridor_small,0.5,0,85.0,350,0.26,0.0708,1.1033,59.06,0.7214
804,6,hazard_corridor_small,0.0,0,350,350,0.0,0.0,1.0,-197.87,0.7133
805,6,hazard_corridor_small,0.0,0,350,350,0.0,0.0,1.0,-181.61,0.7052
806,6,hazard_corridor_small,0.25,0,32.0,350,0.145,0.0631,1.061,-77.27,0.6989
807,6,hazard_corridor_small,0.0,0,350,350,0.0,0.0,1.0,-197.11,0.6908
808,6,hazard_corridor_small,0.25,0,185.0,350,0.12,0.0162,1.0149,-74.03,0.6837
809,6,hazard_corridor_small,0.25,0,161.0,350,0.12,0.0432,1.0438,-67.26,0.6767
810,6,hazard_corridor_small,0.0,0,350,350,0.75,0.1875,1.225,-325.09,0.6685
811,6,hazard_corridor_small,0.0,0,350,350,0.5,0.25,1.15,-244.53,0.6604
812,6,hazard_corridor_small,0.0,0,350,350,0.0,0.0,1.0007,-243.8,0.6523
813,6,hazard_corridor_small,0.25,0,65.0,350,0.18,0.0972,1.0749,-70.28,0.6459
814,6,hazard_corridor_small,0.0,0,350,350,0.0,0.0,1.0,-227.82,0.6377
815,6,hazard_corridor_small,0.0,0,350,350,0.09,0.0243,1.0078,-228.08,0.6296
816,6,hazard_corridor_small,0.5,0,141.5,350,0.25,0.1875,1.075,29.98,0.624
817,6,hazard_corridor_small,0.25,0,35.0,350,0.7,0.17,1.2247,-106.48,0.6177
818,6,hazard_corridor_small,0.25,0,94.0,350,0.25,0.1875,1.0751,-114.0,0.611
819,6,hazard_corridor_small,0.25,0,16.0,350,0.0,0.0,1.0,-28.2,0.6049
820,6,hazard_corridor_small,0.0,0,350,350,0.002,0.0,1.0027,-197.68,0.5968
821,6,hazard_corridor_small,0.0,0,350,350,0.25,0.1875,1.0743,-213.45,0.5887
822,6,hazard_corridor_small,0.0,0,350,350,0.09,0.0243,1.0382,-229.9,0.5805
823,6,hazard_corridor_small,0.25,0,188.0,350,0.1539,0.0711,1.0362,-101.62,0.5734
824,6,hazard_corridor_small,0.25,0,212.0,350,0.0695,0.0145,1.0376,-104.24,0.5661
825,6,hazard_corridor_small,0.0,0,350,350,0.0,0.0,1.0,-204.04,0.5579
826,6,hazard_corridor_small,0.5,0,122.0,350,0.19,0.1083,1.075,-6.96,0.5525
827,6,hazard_corridor_small,0.0,0,350,350,0.0,0.0,1.0,-161.42,0.5444
828,6,hazard_corridor_small,0.5,0,26.0,350,0.1404,0.0587,1.0528,88.09,0.54
829,6,hazard_corridor_small,0.75,0,209.33,350,0.1932,0.0479,1.0692,84.97,0.5343
830,6,hazard_corridor_small,0.25,0,273.0,350,0.25,0.1875,1.075,-264.85,0.5267
831,6,hazard_corridor_small,0.75,0,281.67,350,0.25,0.1875,1.075,-105.29,0.5198
832,6,hazard_corridor_small,0.5,0,263.5,350,0.0,0.0,1.0,-71.71,0.5127
833,6,hazard_corridor_small,0.75,0,118.0,350,0.18,0.0972,1.0748,172.44,0.5086
834,6,hazard_corridor_small,0.75,0,170.33,350,0.1335,0.0234,1.0396,145.44,0.5036
835,6,hazard_corridor_small,0.75,0,190.33,350,0.46,0.0858,1.1635,135.53,0.4983
836,6,hazard_corridor_small,1.0,1,155.75,270,0.2221,0.0498,1.0719,243.72,0.4946
837,6,hazard_corridor_small,0.75,0,141.33,350,0.435,0.1977,1.1487,0.73,0.4902
838,6,hazard_corridor_small,0.5,0,119.0,350,0.669,0.1667,1.225,-225.23,0.4847
839,6,hazard_corridor_small,0.75,0,66.0,350,0.645,0.1461,1.2249,103.63,0.4816
840,6,hazard_corridor_small,0.5,0,169.0,350,0.68,0.1672,1.2249,-417.39,0.4755
841,6,hazard_corridor_small,0.75,0,163.67,350,0.375,0.1447,1.15,129.86,0.4707
842,6,hazard_corridor_small,1.0,1,171.75,288,0.04,0.0048,1.0125,267.33,0.4667
843,6,hazard_corridor_small,1.0,1,127.75,346,0.29,0.1233,1.1133,264.25,0.4637
844,6,hazard_corridor_small,0.75,0,107.67,350,0.2819,0.0988,1.1134,182.45,0.4598
845,6,hazard_corridor_small,0.75,0,98.0,350,0.155,0.0721,1.0675,185.25,0.4561
846,6,hazard_corridor_small,0.75,0,70.67,350,0.0,0.0,1.0,206.3,0.4528
847,6,hazard_corridor_small,0.75,0,133.33,350,0.2233,0.0708,1.075,154.4,0.4485
848,6,hazard_corridor_small,0.5,0,120.0,350,0.1669,0.0812,1.075,-20.27,0.443
849,6,hazard_corridor_small,0.75,0,101.67,350,0.095,0.0271,1.0369,186.5,0.4393
850,6,hazard_corridor_small,0.75,0,91.0,350,0.25,0.1875,1.075,51.38,0.4357
851,6,hazard_corridor_small,0.75,0,62.0,350,0.1281,0.0462,1.046,196.44,0.4325
852,6,hazard_corridor_small,0.5,0,28.0,350,0.1009,0.0204,1.0391,-4.61,0.4282
853,6,hazard_corridor_small,1.0,1,108.25,214,0.2,0.12,1.0739,279.27,0.4257
854,6,hazard_corridor_small,0.5,0,141.0,350,0.0,0.0,1.0006,-13.44,0.42
855,6,hazard_corridor_small,0.5,0,163.0,350,0.0,0.0,1.0,68.29,0.414
856,6,hazard_corridor_small,1.0,1,211.25,329,0.365,0.1373,1.1474,152.3,0.4091
857,6,hazard_corridor_small,1.0,1,120.0,149,0.0,0.0,1.0,292.68,0.4063
858,6,hazard_corridor_small,1.0,1,129.75,168,0.0,0.0,1.0001,284.33,0.4034
859,6,hazard_corridor_small,0.75,0,144.67,350,0.0192,0.0011,1.001,179.33,0.3988
860,6,hazard_corridor_small,0.75,0,98.67,350,0.215,0.1387,1.075,170.16,0.3951
861,6,hazard_corridor_small,0.75,0,149.67,350,0.155,0.0721,1.0747,171.48,0.3904
862,6,hazard_corridor_small,0.75,0,115.67,350,0.0,0.0,1.0,201.47,0.3864
863,6,hazard_corridor_small,0.5,0,166.5,350,0.0,0.0,1.0,57.64,0.3804
864,6,hazard_corridor_small,1.0,1,112.0,164,0.1818,0.0346,1.0737,285.1,0.3778
865,6,hazard_corridor_small,0.75,0,135.0,350,0.205,0.1261,1.075,121.54,0.3734
866,6,hazard_corridor_small,1.0,1,112.75,207,0.145,0.0631,1.0612,272.91,0.3708
867,6,hazard_corridor_small,0.75,0,83.0,350,0.0,0.0,1.0,192.98,0.3674
868,6,hazard_corridor_small,1.0,1,114.25,155,0.5526,0.1752,1.1847,254.38,0.3647
869,6,hazard_corridor_small,0.75,0,84.67,350,0.0306,0.0028,1.0078,180.79,0.3612
870,6,hazard_corridor_small,1.0,1,104.0,148,0.065,0.0127,1.0368,283.75,0.3588
871,6,hazard_corridor_small,1.0,1,92.5,154,0.06,0.0108,1.0287,309.11,0.3567
872,7,school_floor,0.0,0,400,400,0.125,0.1094,1.0375,-543.39,0.9951
873,7,school_floor,0.0,0,400,400,0.0,0.0,1.0,-317.7,0.9903
874,7,school_floor,0.0,0,400,400,0.0,0.0,1.0,-685.87,0.9854
875,7,school_floor,0.0,0,400,400,0.125,0.1094,1.0375,-744.42,0.9805
876,7,school_floor,0.125,0,341.0,400,0.125,0.1094,1.0375,-283.75,0.9757
877,7,school_floor,0.0,0,400,400,0.09,0.0567,1.0152,-364.07,0.9709
878,7,school_floor,0.125,0,106.0,400,0.0,0.0,1.0,-576.07,0.9664
879,7,school_floor,0.0,0,400,400,0.125,0.1094,1.0375,-834.23,0.9616
880,7,school_floor,0.0,0,400,400,0.0,0.0,1.0,-352.16,0.9567
881,7,school_floor,0.0,0,400,400,0.125,0.1094,1.0375,-424.97,0.9518
882,7,school_floor,0.0,0,400,400,0.0,0.0,1.0,-347.3,0.947
883,7,school_floor,0.0,0,400,400,0.0,0.0,1.0,-495.6,0.9421
884,7,school_floor,0.0,0,400,400,0.0,0.0,1.0,-350.6,0.9372
885,7,school_floor,0.0,0,400,400,0.0,0.0,1.0,-802.56,0.9323
886,7,school_floor,0.125,0,339.0,400,0.235,0.1666,1.075,-551.49,0.9276
887,7,school_floor,0.0,0,400,400,0.125,0.1094,1.0375,-567.73,0.9227
888,7,school_floor,0.125,0,140.0,400,0.0,0.0,1.0,-226.63,0.9182
889,7,school_floor,0.0,0,400,400,0.0,0.0,1.0,-393.08,0.9133
890,7,school_floor,0.0,0,400,400,0.125,0.1094,1.0375,-494.99,0.9085
891,7,school_floor,0.0,0,400,400,0.125,0.1094,1.0375,-665.55,0.9036
892,7,school_floor,0.0,0,400,400,0.0,0.0,1.0,-341.47,0.8987
893,7,school_floor,0.0,0,400,400,0.25,0.1875,1.075,-725.0,0.8938
894,7,school_floor,0.0,0,400,400,0.16,0.1092,1.0374,-557.22,0.889
895,7,school_floor,0.0,0,400,400,0.0,0.0,1.0,-345.69,0.8841
896,7,school_floor,0.0,0,400,400,0.0225,0.0035,1.0078,-573.96,0.8792
897,7,school_floor,0.0,0,400,400,0.0,0.0,1.0,-444.04,0.8744
898,7,school_floor,0.0,0,400,400,0.25,0.1875,1.075,-703.63,0.8695
899,7,school_floor,0.0,0,400,400,0.2125,0.1411,1.0573,-564.76,0.8646
900,7,school_floor,0.0,0,400,400,0.105,0.0772,1.0254,-458.0,0.8597
901,7,school_floor,0.0,0,400,400,0.125,0.1094,1.0375,-481.7,0.8549
902,7,school_floor,0.125,0,373.0,400,0.125,0.1094,1.0375,-564.57,0.85
903,7,school_floor,0.0,0,400,400,0.0,0.0,1.0,-291.66,0.8452
904,7,school_floor,0.0,0,400,400,0.25,0.1875,1.075,-654.03,0.8403
905,7,school_floor,0.0,0,400,400,0.1875,0.1211,1.0569,-470.17,0.8354
906,7,school_floor,0.0,0,400,400,0.375,0.2344,1.1125,-898.43,0.8306
907,7,school_floor,0.0,0,400,400,0.25,0.1875,1.075,-750.45,0.8257
908,7,school_floor,0.125,0,122.0,400,0.125,0.1094,1.0375,-385.17,0.8212
909,7,school_floor,0.125,0,196.0,400,0.375,0.2344,1.1125,-889.21,0.8167
910,7,school_floor,0.0,0,400,400,0.125,0.1094,1.0375,-348.89,0.8118
911,7,school_floor,0.0,0,400,400,0.125,0.1094,1.0375,-442.44,0.8069
912,7,school_floor,0.0,0,400,400,0.445,0.2162,1.1389,-1995.59,0.8021
913,7,school_floor,0.0,0,400,400,0.125,0.1094,1.0375,-504.78,0.7972
914,7,school_floor,0.25,0,258.5,400,0.375,0.2344,1.1125,-798.85,0.7927
915,7,school_floor,0.125,0,48.0,400,0.0,0.0,1.0,-325.89,0.7884
916,7,school_floor,0.25,0,174.0,400,0.125,0.1094,1.0375,-320.84,0.7842
917,7,school_floor,0.125,0,223.0,400,0.125,0.1094,1.0375,-448.53,0.7796
918,7,school_floor,0.125,0,178.0,400,0.5,0.25,1.15,-489.63,0.7751
919,7,school_floor,0.0,0,400,400,0.0,0.0,1.0,-305.31,0.7702
920,7,school_floor,0.125,0,226.0,400,0.195,0.1141,1.075,-281.65,0.7656
921,7,school_floor,0.0,0,400,400,0.3525,0.2098,1.11,-485.36,0.7607
922,7,school_floor,0.125,0,154.0,400,0.375,0.2344,1.1125,-310.64,0.7562
923,7,school_floor,0.125,0,84.0,400,0.3383,0.1979,1.0958,-302.41,0.7519
924,7,school_floor,0.0,0,400,400,0.4825,0.2346,1.1465,-532.28,0.747
925,7,school_floor,0.25,0,168.0,400,0.1765,0.1101,1.0513,-140.84,0.7428
926,7,school_floor,0.125,0,240.0,400,0.32,0.1783,1.0941,-361.1,0.7382
927,7,school_floor,0.0,0,400,400,0.0,0.0,1.0,-339.09,0.7333
928,7,school_floor,0.0,0,400,400,0.0,0.0,1.0,-509.16,0.7284
929,7,school_floor,0.125,0,88.0,400,0.0,0.0,1.0,-223.11,0.724
930,7,school_floor,0.375,0,257.0,400,0.0,0.0,1.0021,-251.31,0.7198
931,7,school_floor,0.25,0,217.0,400,0.125,0.1094,1.0375,-201.95,0.7155
932,7,school_floor,0.25,0,210.5,400,0.375,0.2344,1.1125,-217.72,0.7112
933,7,school_floor,0.375,0,178.67,400,0.065,0.0296,1.0237,2.58,0.7074
934,7,school_floor,0.5,0,161.75,400,0.0,0.0,1.0,31.52,0.7039
935,7,school_floor,0.5,0,288.75,400,0.0,0.0,1.0,46.18,0.6997
936,7,school_floor,0.625,0,161.4,400,0.0,0.0,1.0003,129.05,0.6967
937,7,school_floor,0.375,0,302.0,400,0.3,0.18,1.095,-336.25,0.6923
938,7,school_floor,0.375,0,229.33,400,0.0475,0.0158,1.0198,-27.12,0.6882
939,7,school_floor,0.375,0,101.67,400,0.0844,0.0214,1.0375,-28.37,0.6847
940,7,school_floor,0.125,0,279.0,400,0.55,0.2175,1.1662,-548.75,0.68
941,7,school_floor,0.25,0,165.0,400,0.125,0.1094,1.0375,-102.92,0.6758
942,7,school_floor,0.5,0,187.0,400,0.125,0.1094,1.0375,-73.21,0.6722
943,7,school_floor,0.25,0,97.5,400,0.25,0.1875,1.075,-405.7,0.6683
944,7,school_floor,0.125,0,266.0,400,0.482,0.2342,1.146,-841.84,0.6636
945,7,school_floor,0.0,0,400,400,0.625,0.2344,1.1873,-1056.52,0.6588
946,7,school_floor,0.125,0,308.0,400,0.2925,0.1789,1.0944,-817.96,0.654
947,7,school_floor,0.375,0,283.67,400,0.25,0.1875,1.075,-349.34,0.6497
948,7,school_floor,0.25,0,311.5,400,0.25,0.1875,1.075,-432.28,0.6451
949,7,school_floor,0.125,0,264.0,400,0.0,0.0,1.0,-370.19,0.6404
950,7,school_floor,0.25,0,348.5,400,0.0,0.0,1.0,-188.77,0.6357
951,7,school_floor,0.5,0,291.75,400,0.0,0.0,1.0,48.96,0.6315
952,7,school_floor,0.5,0,201.75,400,0.0,0.0,1.0,146.77,0.6278
953,7,school_floor,0.125,0,156.0,400,0.0,0.0,1.0,-199.82,0.6233
954,7,school_floor,0.75,0,239.33,400,0.0,0.0,1.0,317.74,0.6199
955,7,school_floor,0.625,0,182.2,400,0.0,0.0,1.0,206.59,0.6167
956,7,school_floor,0.625,0,155.8,400,0.12,0.1008,1.0343,234.14,0.6137
957,7,school_floor,0.75,0,204.67,400,0.0,0.0,1.0,348.32,0.6106
958,7,school_floor,0.5,0,221.5,400,0.0,0.0,1.0,123.49,0.6068
959,7,school_floor,0.75,0,186.17,400,0.0,0.0,1.0,328.02,0.6039
960,7,school_floor,0.625,0,194.6,400,0.0,0.0,1.0,242.88,0.6006
961,7,school_floor,0.875,0,195.57,400,0.0,0.0,1.0,480.99,0.5979
962,7,school_floor,0.75,0,243.5,400,0.0,0.0,1.0,329.08,0.5945
963,7,school_floor,0.625,0,295.6,400,0.0,0.0,1.0,182.79,0.5904
964,7,school_floor,0.375,0,273.33,400,0.0,0.0,1.0,56.76,0.5861
965,7,school_floor,0.375,0,169.67,400,0.0,0.0,1.0,-43.06,0.5823
966,7,school_floor,0.5,0,236.5,400,0.0,0.0,1.0,155.76,0.5784
967,7,school_floor,0.875,0,208.43,400,0.0,0.0,1.0,459.1,0.5756
968,7,school_floor,0.75,0,254.17,400,0.0,0.0,1.0,260.04,0.572
969,7,school_floor,0.625,0,246.8,400,0.0,0.0,1.0,181.47,0.5683
970,7,school_floor,0.75,0,255.67,400,0.0,0.0,1.0,270.83,0.5648
971,7,school_floor,0.625,0,234.2,400,0.0,0.0,1.0,261.9,0.5611
972,7,school_floor,0.625,0,166.2,400,0.0,0.0,1.0001,244.18,0.5581
973,7,school_floor,0.75,0,221.0,400,0.0,0.0,1.0,295.4,0.5548
974,7,school_floor,0.625,0,231.6,400,0.0,0.0,1.0,212.01,0.5512
975,7,school_floor,0.625,0,263.2,400,0.0,0.0,1.0,265.7,0.5474
976,7,school_floor,0.375,0,226.0,400,0.0,0.0,1.0,36.86,0.5433
977,7,school_floor,1.0,1,224.38,384,0.0,0.0,1.0,541.82,0.5406
978,7,school_floor,0.875,0,215.43,400,0.0,0.0,1.0,461.14,0.5377
979,7,school_floor,0.75,0,236.67,400,0.0,0.0,1.0,364.09,0.5343
980,7,school_floor,0.875,0,241.86,400,0.0,0.0,1.0,444.71,0.5311
981,7,school_floor,0.25,0,359.5,400,0.0,0.0,1.0,-157.39,0.5264
982,7,school_floor,0.5,0,232.5,400,0.0,0.0,1.0,142.35,0.5225
983,7,school_floor,0.875,0,263.57,400,0.0,0.0,1.0,457.97,0.5191
984,7,school_floor,0.625,0,257.8,400,0.0,0.0,1.0,242.06,0.5153
985,7,school_floor,0.625,0,184.2,400,0.0,0.0,1.0,242.0,0.5121
986,7,school_floor,0.75,0,254.17,400,0.0,0.0,1.0,349.88,0.5085
987,7,school_floor,0.625,0,207.6,400,0.0,0.0,1.0,234.17,0.5051
988,7,school_floor,0.75,0,202.67,400,0.0,0.0,1.0,359.78,0.5021
989,7,school_floor,0.625,0,203.4,400,0.0,0.0,1.0004,246.61,0.4987
990,7,school_floor,0.75,0,204.83,400,0.03,0.0063,1.015,369.11,0.4956
991,7,school_floor,1.0,1,275.0,381,0.0,0.0,1.0,561.45,0.4923
992,7,school_floor,0.875,0,216.29,400,0.0,0.0,1.0,450.49,0.4893
993,7,school_floor,0.875,0,207.43,400,0.0,0.0,1.0,458.42,0.4865
994,7,school_floor,0.875,0,238.57,400,0.0,0.0,1.0,445.33,0.4834
995,7,school_floor,0.875,0,201.71,400,0.0,0.0,1.0,454.63,0.4806
996,7,school_floor,0.875,0,222.29,400,0.0,0.0,1.0,426.29,0.4776
997,7,school_floor,0.75,0,231.17,400,0.0,0.0,1.0,351.12,0.4743
998,7,school_floor,0.625,0,153.4,400,0.0,0.0,1.0,253.49,0.4713
999,7,school_floor,0.625,0,128.6,400,0.0,0.0,1.0,283.18,0.4685
1000,7,school_floor,0.875,0,179.14,400,0.0,0.0,1.0,487.21,0.466
1001,7,school_floor,0.875,0,209.14,400,0.0,0.0,1.0,476.97,0.4631
1002,7,school_floor,0.875,0,218.0,400,0.0,0.0,1.0,459.43,0.4602
1003,7,school_floor,0.875,0,173.71,400,0.0,0.0,1.0,486.01,0.4578
1004,7,school_floor,0.75,0,164.33,400,0.0,0.0,1.0,379.16,0.455
1005,7,school_floor,0.875,0,193.57,400,0.0,0.0,1.0,469.99,0.4524
1006,7,school_floor,0.875,0,185.14,400,0.0,0.0,1.0,464.47,0.4498
1007,7,school_floor,0.875,0,221.0,400,0.0,0.0,1.0,486.41,0.4468
1008,7,school_floor,0.75,0,245.17,400,0.0,0.0,1.0,356.56,0.4434
1009,7,school_floor,1.0,1,259.12,361,0.0,0.0,1.0,572.43,0.4402
1010,7,school_floor,0.875,0,176.43,400,0.0,0.0,1.0,498.9,0.4377
1011,7,school_floor,0.875,0,223.57,400,0.0,0.0,1.0,480.51,0.4347
1012,7,school_floor,0.875,0,171.86,400,0.0,0.0,1.0,499.25,0.4323
1013,8,office_wing_medium,0.0,0,400,400,0.0,0.0,1.0,-694.77,0.9951
1014,8,office_wing_medium,0.0,0,400,400,0.1,0.09,1.03,-871.41,0.9903
1015,8,office_wing_medium,0.0,0,400,400,0.0,0.0,1.0,-832.8,0.9854
1016,8,office_wing_medium,0.0,0,400,400,0.126,0.0909,1.0452,-824.47,0.9805
1017,8,office_wing_medium,0.0,0,400,400,0.0,0.0,1.0,-550.17,0.9756
1018,8,office_wing_medium,0.0,0,400,400,0.2,0.16,1.059,-801.18,0.9708
1019,8,office_wing_medium,0.0,0,400,400,0.0,0.0,1.0,-405.16,0.9659
1020,8,office_wing_medium,0.0,0,400,400,0.1,0.09,1.03,-592.54,0.961
1021,8,office_wing_medium,0.0,0,400,400,0.194,0.1507,1.06,-940.43,0.9562
1022,8,office_wing_medium,0.0,0,400,400,0.106,0.0891,1.03,-581.72,0.9513
1023,8,office_wing_medium,0.0,0,400,400,0.1,0.09,1.0301,-824.97,0.9464
1024,8,office_wing_medium,0.0,0,400,400,0.144,0.0829,1.0511,-718.81,0.9415
1025,8,office_wing_medium,0.0,0,400,400,0.108,0.089,1.03,-1047.45,0.9367
1026,8,office_wing_medium,0.0,0,400,400,0.188,0.1421,1.06,-1193.91,0.9318
1027,8,office_wing_medium,0.0,0,400,400,0.2,0.16,1.06,-1234.95,0.9269
1028,8,office_wing_medium,0.0,0,400,400,0.174,0.1245,1.054,-632.98,0.9221
1029,8,office_wing_medium,0.0,0,400,400,0.3,0.21,1.0895,-495.38,0.9172
1030,8,office_wing_medium,0.0,0,400,400,0.3,0.21,1.09,-821.35,0.9123
1031,8,office_wing_medium,0.0,0,400,400,0.244,0.1598,1.0758,-1025.23,0.9074
1032,8,office_wing_medium,0.0,0,400,400,0.106,0.0891,1.0315,-608.53,0.9026
1033,8,office_wing_medium,0.0,0,400,400,0.3,0.21,1.09,-1359.86,0.8977
1034,8,office_wing_medium,0.0,0,400,400,0.1,0.09,1.03,-885.92,0.8928
1035,8,office_wing_medium,0.0,0,400,400,0.2,0.16,1.0599,-475.7,0.8879
1036,8,office_wing_medium,0.0,0,400,400,0.3,0.21,1.09,-681.5,0.8831
1037,8,office_wing_medium,0.1,0,108.0,400,0.2691,0.1199,1.1036,-758.78,0.8786
1038,8,office_wing_medium,0.0,0,400,400,0.4,0.24,1.12,-1250.97,0.8737
1039,8,office_wing_medium,0.0,0,400,400,0.444,0.2055,1.1375,-943.11,0.8688
1040,8,office_wing_medium,0.2,0,322.0,400,0.286,0.1677,1.09,-603.72,0.8641
1041,8,office_wing_medium,0.0,0,400,400,0.288,0.1945,1.0899,-1197.94,0.8593
1042,8,office_wing_medium,0.1,0,340.0,400,0.3265,0.2004,1.1061,-1101.17,0.8545
1043,8,office_wing_medium,0.1,0,216.0,400,0.3584,0.2029,1.1162,-534.12,0.8498
1044,8,office_wing_medium,0.2,0,211.5,400,0.298,0.2072,1.0851,-707.85,0.8454
1045,8,office_wing_medium,0.1,0,140.0,400,0.325,0.1407,1.1048,-555.89,0.8409
1046,8,office_wing_medium,0.2,0,323.5,400,0.3,0.21,1.09,-486.97,0.8362
1047,8,office_wing_medium,0.1,0,124.0,400,0.194,0.107,1.0543,-633.54,0.8316
1048,8,office_wing_medium,0.1,0,237.0,400,0.1,0.09,1.03,-524.77,0.827
1049,8,office_wing_medium,0.1,0,318.0,400,0.3,0.21,1.09,-693.25,0.8222
1050,8,office_wing_medium,0.1,0,313.0,400,0.036,0.0117,1.0031,-338.3,0.8174
1051,8,office_wing_medium,0.1,0,182.0,400,0.1961,0.0977,1.076,-536.23,0.8128
1052,8,office_wing_medium,0.0,0,400,400,0.342,0.2007,1.1063,-719.0,0.8079
1053,8,office_wing_medium,0.0,0,400,400,0.19,0.1449,1.0607,-877.41,0.8031
1054,8,office_wing_medium,0.1,0,193.0,400,0.152,0.0937,1.0504,-518.16,0.7984
1055,8,office_wing_medium,0.0,0,400,400,0.4,0.2105,1.1245,-525.02,0.7936
1056,8,office_wing_medium,0.0,0,400,400,0.26,0.1684,1.0846,-962.21,0.7887
1057,8,office_wing_medium,0.0,0,400,400,0.296,0.2045,1.088,-600.62,0.7838
1058,8,office_wing_medium,0.1,0,318.0,400,0.16,0.1104,1.0538,-400.35,0.7791
1059,8,office_wing_medium,0.1,0,153.0,400,0.23,0.1561,1.0753,-758.52,0.7745
1060,8,office_wing_medium,0.2,0,275.5,400,0.322,0.1796,1.1027,-393.12,0.7699
1061,8,office_wing_medium,0.1,0,245.0,400,0.4,0.24,1.12,-634.88,0.7652
1062,8,office_wing_medium,0.1,0,145.0,400,0.28,0.1856,1.09,-436.99,0.7607
1063,8,office_wing_medium,0.1,0,138.0,400,0.3146,0.1884,1.09,-581.55,0.7561
1064,8,office_wing_medium,0.1,0,96.0,400,0.0,0.0,1.0,-265.82,0.7516
1065,8,office_wing_medium,0.3,0,290.33,400,0.0,0.0,1.0001,-218.89,0.7472
1066,8,office_wing_medium,0.1,0,353.0,400,0.142,0.0879,1.0489,-442.13,0.7423
1067,8,office_wing_medium,0.2,0,295.5,400,0.0,0.0,1.0,-158.46,0.7377
1068,8,office_wing_medium,0.3,0,211.0,400,0.098,0.0658,1.033,-57.23,0.7335
1069,8,office_wing_medium,0.1,0,87.0,400,0.0073,0.0005,1.002,-222.85,0.7291
1070,8,office_wing_medium,0.1,0,132.0,400,0.006,0.0003,1.0016,-249.09,0.7245
1071,8,office_wing_medium,0.1,0,107.0,400,0.0,0.0,1.0,-272.37,0.72
1072,8,office_wing_medium,0.2,0,224.0,400,0.032,0.0092,1.0154,-214.62,0.7155
1073,8,office_wing_medium,0.2,0,192.5,400,0.2,0.16,1.06,-145.11,0.7112
1074,8,office_wing_medium,0.2,0,224.0,400,0.106,0.0507,1.033,-142.78,0.7067
1075,8,office_wing_medium,0.3,0,161.33,400,0.13,0.0921,1.0439,-6.81,0.7027
1076,8,office_wing_medium,0.2,0,248.0,400,0.218,0.1557,1.0645,-190.09,0.6982
1077,8,office_wing_medium,0.1,0,171.0,400,0.042,0.0159,1.0054,-355.34,0.6936
1078,8,office_wing_medium,0.4,0,200.25,400,0.106,0.0891,1.03,47.12,0.6897
1079,8,office_wing_medium,0.0,0,400,400,0.3,0.21,1.0843,-495.27,0.6849
1080,8,office_wing_medium,0.3,0,181.33,400,0.2,0.16,1.06,-146.04,0.6808
1081,8,office_wing_medium,0.0,0,400,400,0.216,0.1559,1.065,-822.82,0.6759
1082,8,office_wing_medium,0.2,0,215.5,400,0.2022,0.1114,1.075,-211.2,0.6715
1083,8,office_wing_medium,0.2,0,242.5,400,0.198,0.1429,1.0531,-624.0,0.667
1084,8,office_wing_medium,0.3,0,245.33,400,0.28,0.1856,1.09,-284.19,0.6627
1085,8,office_wing_medium,0.4,0,227.0,400,0.2535,0.1643,1.0703,-355.47,0.6587
1086,8,office_wing_medium,0.2,0,97.0,400,0.2,0.16,1.0598,-310.51,0.6545
1087,8,office_wing_medium,0.1,0,244.0,400,0.096,0.0829,1.0275,-450.24,0.6499
1088,8,office_wing_medium,0.4,0,158.5,400,0.0,0.0,1.0,21.21,0.6462
1089,8,office_wing_medium,0.1,0,101.0,400,0.2,0.16,1.06,-239.12,0.6417
1090,8,office_wing_medium,0.3,0,262.33,400,0.106,0.0891,1.03,-42.58,0.6373
1091,8,office_wing_medium,0.2,0,131.5,400,0.358,0.2055,1.1146,-475.77,0.6331
1092,8,office_wing_medium,0.2,0,186.5,400,0.4779,0.2166,1.1528,-403.67,0.6287
1093,8,office_wing_medium,0.3,0,184.33,400,0.084,0.0285,1.0314,-17.39,0.6246
1094,8,office_wing_medium,0.2,0,105.5,400,0.2386,0.1136,1.0698,-137.46,0.6205
1095,8,office_wing_medium,0.2,0,80.5,400,0.2898,0.1901,1.0912,-322.21,0.6164
1096,8,office_wing_medium,0.2,0,102.5,400,0.3,0.21,1.09,-311.19,0.6122
1097,8,office_wing_medium,0.3,0,199.0,400,0.362,0.2074,1.1197,-70.21,0.6081
1098,8,office_wing_medium,0.4,0,173.75,400,0.1285,0.0793,1.0383,18.54,0.6043
1099,8,office_wing_medium,0.3,0,183.33,400,0.2,0.16,1.0607,-232.05,0.6003
1100,8,office_wing_medium,0.4,0,198.5,400,0.3,0.21,1.085,-162.36,0.5964
1101,8,office_wing_medium,0.4,0,137.5,400,0.3,0.21,1.0899,-51.73,0.5928
1102,8,office_wing_medium,0.5,0,185.4,400,0.4797,0.2334,1.1364,-50.54,0.5892
1103,8,office_wing_medium,0.5,0,224.8,400,0.4877,0.2008,1.1495,-335.18,0.5854
1104,8,office_wing_medium,0.6,0,189.0,400,0.306,0.1683,1.1057,-278.03,0.5821
1105,8,office_wing_medium,0.5,0,232.0,400,0.4,0.24,1.12,-573.26,0.5782
1106,8,office_wing_medium,0.5,0,209.0,400,0.302,0.2088,1.091,-710.03,0.5745
1107,8,office_wing_medium,0.4,0,182.25,400,0.4,0.24,1.12,-297.71,0.5707
1108,8,office_wing_medium,0.5,0,169.0,400,0.3,0.21,1.09,141.68,0.5672
1109,8,office_wing_medium,0.6,0,196.17,400,0.394,0.2331,1.12,61.89,0.5639
1110,8,office_wing_medium,0.5,0,282.4,400,0.3295,0.1342,1.1058,-105.31,0.5597
1111,8,office_wing_medium,0.5,0,241.4,400,0.2319,0.1564,1.0754,-149.02,0.5558
1112,8,office_wing_medium,0.8,0,208.0,400,0.114,0.089,1.0339,341.47,0.5528
1113,8,office_wing_medium,0.6,0,198.0,400,0.2,0.16,1.06,180.27,0.5494
1114,8,office_wing_medium,0.6,0,198.17,400,0.066,0.0392,1.0145,157.26,0.546
1115,8,office_wing_medium,0.4,0,200.0,400,0.0,0.0,1.0,50.42,0.5421
1116,8,office_wing_medium,0.5,0,187.0,400,0.0,0.0,1.0,173.07,0.5385
1117,8,office_wing_medium,0.3,0,142.67,400,0.0,0.0,1.0,-16.35,0.5346
1118,8,office_wing_medium,0.4,0,193.0,400,0.0,0.0,1.0,54.99,0.5307
1119,8,office_wing_medium,0.4,0,196.25,400,0.1142,0.089,1.03,40.75,0.5269
1120,8,office_wing_medium,0.6,0,206.0,400,0.2,0.16,1.06,231.04,0.5234
1121,8,office_wing_medium,0.5,0,202.4,400,0.274,0.1797,1.09,28.67,0.5197
1122,8,office_wing_medium,0.6,0,257.0,400,0.4,0.24,1.12,104.99,0.5159
1123,8,office_wing_medium,0.5,0,253.4,400,0.5,0.25,1.15,-95.6,0.5119
1124,8,office_wing_medium,0.5,0,246.6,400,0.4,0.24,1.12,-289.49,0.508
1125,8,office_wing_medium,0.5,0,226.8,400,0.3934,0.2324,1.1187,-30.16,0.5042
1126,8,office_wing_medium,0.6,0,306.33,400,0.064,0.0369,1.0164,11.09,0.5
1127,8,office_wing_medium,0.9,0,214.56,400,0.0,0.0,1.0,572.18,0.4971
1128,8,office_wing_medium,0.7,0,229.57,400,0.212,0.1565,1.06,149.9,0.4937
1129,8,office_wing_medium,0.8,0,225.38,400,0.2,0.16,1.0596,273.1,0.4906
1130,8,office_wing_medium,0.8,0,187.75,400,0.25,0.15,1.09,343.39,0.4878
1131,8,office_wing_medium,1.0,1,212.8,367,0.1711,0.0484,1.0673,559.51,0.4852
1132,8,office_wing_medium,0.8,0,174.0,400,0.2561,0.1575,1.09,364.19,0.4825
1133,8,office_wing_medium,1.0,1,235.8,361,0.066,0.0142,1.032,494.42,0.4796
1134,8,office_wing_medium,0.9,0,173.11,400,0.214,0.1058,1.0671,456.39,0.4772
1135,8,office_wing_medium,1.0,1,232.0,399,0.1586,0.0953,1.0516,522.29,0.4744
1136,8,office_wing_medium,1.0,1,217.0,400,0.018,0.0029,1.0071,537.98,0.4718
1137,8,office_wing_medium,1.0,1,208.5,308,0.091,0.022,1.0321,578.32,0.4692
1138,8,office_wing_medium,1.0,1,220.0,389,0.0544,0.0191,1.0186,680.4,0.4666
1139,8,office_wing_medium,0.9,0,231.11,400,0.1854,0.0801,1.0668,424.42,0.4635
1140,8,office_wing_medium,0.9,0,188.0,400,0.0548,0.0121,1.0305,596.75,0.461
1141,8,office_wing_medium,0.8,0,179.38,400,0.0586,0.0095,1.0201,508.81,0.4583
1142,8,office_wing_medium,0.8,0,204.12,400,0.1963,0.0936,1.0615,459.73,0.4553
1143,8,office_wing_medium,0.7,0,232.0,400,0.032,0.0054,1.0142,337.58,0.4519
1144,8,office_wing_medium,0.5,0,181.6,400,0.1652,0.0779,1.0568,25.71,0.4483
1145,8,office_wing_medium,0.5,0,252.2,400,0.266,0.1728,1.0868,105.1,0.4443
1146,8,office_wing_medium,0.7,0,213.57,400,0.072,0.0412,1.0317,339.99,0.4411
1147,8,office_wing_medium,0.8,0,198.88,400,0.368,0.2108,1.1187,488.76,0.4382
1148,8,office_wing_medium,0.7,0,187.57,400,0.13,0.063,1.049,320.58,0.4351
1149,8,office_wing_medium,0.7,0,179.71,400,0.3348,0.1484,1.1175,291.32,0.4321
1150,8,office_wing_medium,0.8,0,210.62,400,0.134,0.0752,1.0499,449.71,0.4291
1151,8,office_wing_medium,0.8,0,209.75,400,0.09,0.0729,1.0301,487.28,0.426
1152,8,office_wing_medium,0.7,0,180.71,400,0.192,0.1478,1.0598,303.27,0.423
1153,8,office_wing_medium,1.0,1,219.2,379,0.1232,0.0417,1.0509,682.04,0.4204
1154,8,office_wing_medium,1.0,1,258.2,359,0.3076,0.1547,1.1019,650.15,0.4172
1155,9,hazard_bypass_medium,0.0833,0,13.0,450,0.0833,0.0764,1.025,-851.85,0.9945
1156,9,hazard_bypass_medium,0.0,0,450,450,0.0,0.0,1.0001,-694.28,0.9885
1157,9,hazard_bypass_medium,0.0,0,450,450,0.1017,0.077,1.0331,-1031.3,0.9826
1158,9,hazard_bypass_medium,0.0833,0,378.0,450,0.32,0.1776,1.092,-2264.14,0.9767
1159,9,hazard_bypass_medium,0.0833,0,48.0,450,0.0683,0.0294,1.0155,-436.09,0.9711
1160,9,hazard_bypass_medium,0.1667,0,121.0,450,0.0467,0.024,1.0176,-1172.43,0.9659
1161,9,hazard_bypass_medium,0.0833,0,86.0,450,0.0,0.0,1.0,-553.1,0.9603
1162,9,hazard_bypass_medium,0.1667,0,187.0,450,0.1667,0.1389,1.0497,-896.22,0.9549
1163,9,hazard_bypass_medium,0.0833,0,48.0,450,0.0833,0.0764,1.025,-871.8,0.9494
1164,9,hazard_bypass_medium,0.1667,0,192.0,450,0.0367,0.0068,1.0,-401.26,0.944
1165,9,hazard_bypass_medium,0.1667,0,117.5,450,0.1667,0.1389,1.05,-835.99,0.9387
1166,9,hazard_bypass_medium,0.0833,0,164.0,450,0.25,0.1875,1.075,-1129.01,0.933
1167,9,hazard_bypass_medium,0.0833,0,6.0,450,0.0906,0.0758,1.0217,-726.86,0.9276
1168,9,hazard_bypass_medium,0.0,0,450,450,0.25,0.1842,1.0758,-1289.88,0.9216
1169,9,hazard_bypass_medium,0.25,0,183.67,450,0.25,0.1875,1.075,-982.73,0.9165
1170,9,hazard_bypass_medium,0.0833,0,407.0,450,0.1667,0.1389,1.05,-1172.67,0.9106
1171,9,hazard_bypass_medium,0.0,0,450,450,0.3267,0.2138,1.0999,-1469.06,0.9046
1172,9,hazard_bypass_medium,0.0833,0,424.0,450,0.0833,0.0764,1.025,-936.45,0.8986
1173,9,hazard_bypass_medium,0.1667,0,141.0,450,0.32,0.2064,1.1,-1030.48,0.8933
1174,9,hazard_bypass_medium,0.25,0,292.33,450,0.2145,0.1277,1.0772,-983.4,0.8879
1175,9,hazard_bypass_medium,0.1667,0,399.0,450,0.3735,0.175,1.1041,-1380.68,0.882
1176,9,hazard_bypass_medium,0.25,0,343.67,450,0.2531,0.1431,1.0846,-802.38,0.8764
1177,9,hazard_bypass_medium,0.25,0,178.0,450,0.33,0.2179,1.0965,-532.97,0.8713
1178,9,hazard_bypass_medium,0.0833,0,373.0,450,0.1664,0.1273,1.0494,-627.34,0.8654
1179,9,hazard_bypass_medium,0.25,0,254.33,450,0.3367,0.1745,1.1139,-630.6,0.8601
1180,9,hazard_bypass_medium,0.1667,0,54.5,450,0.1933,0.1186,1.075,-1121.08,0.855
1181,9,hazard_bypass_medium,0.0,0,450,450,0.1667,0.1389,1.05,-1070.54,0.849
1182,9,hazard_bypass_medium,0.1667,0,198.5,450,0.3333,0.2222,1.1,-1124.12,0.8436
1183,9,hazard_bypass_medium,0.1667,0,183.0,450,0.41,0.2022,1.1177,-674.4,0.8382
1184,9,hazard_bypass_medium,0.25,0,233.67,450,0.2667,0.1796,1.0749,-427.06,0.8329
1185,9,hazard_bypass_medium,0.25,0,187.0,450,0.4167,0.2431,1.125,-1058.0,0.8278
1186,9,hazard_bypass_medium,0.3333,0,306.0,450,0.4167,0.2431,1.125,-1999.45,0.8225
1187,9,hazard_bypass_medium,0.3333,0,151.75,450,0.4167,0.2431,1.1252,-1275.65,0.8178
1188,9,hazard_bypass_medium,0.1667,0,125.0,450,0.8333,0.1389,1.2499,-2358.65,0.8126
1189,9,hazard_bypass_medium,0.3333,0,267.5,450,0.5833,0.2431,1.175,-2593.33,0.8074
1190,9,hazard_bypass_medium,0.1667,0,160.0,450,0.6667,0.2222,1.2,-2247.85,0.8021
1191,9,hazard_bypass_medium,0.0,0,450,450,0.9,0.0767,1.275,-4558.53,0.7961
1192,9,hazard_bypass_medium,0.0833,0,191.0,450,0.8333,0.1389,1.25,-4049.32,0.7904
1193,9,hazard_bypass_medium,0.1667,0,182.0,450,0.5833,0.2431,1.175,-2023.8,0.785
1194,9,hazard_bypass_medium,0.25,0,141.0,450,0.6667,0.2222,1.1988,-2790.58,0.7801
1195,9,hazard_bypass_medium,0.0833,0,164.0,450,0.6667,0.2222,1.2,-1959.38,0.7744
1196,9,hazard_bypass_medium,0.1667,0,95.5,450,0.6556,0.2155,1.1981,-2025.5,0.7692
1197,9,hazard_bypass_medium,0.1667,0,13.0,450,0.6667,0.2222,1.2,-1859.58,0.7642
1198,9,hazard_bypass_medium,0.0,0,450,450,0.75,0.1875,1.225,-1994.09,0.7582
1199,9,hazard_bypass_medium,0.0833,0,28.0,450,0.6667,0.2222,1.2,-1479.4,0.7527
1200,9,hazard_bypass_medium,0.0,0,450,450,0.7133,0.184,1.2176,-1631.41,0.7467
1201,9,hazard_bypass_medium,0.1667,0,54.5,450,0.75,0.1875,1.225,-1046.25,0.7416
1202,9,hazard_bypass_medium,0.25,0,157.0,450,0.4167,0.2431,1.1243,-419.8,0.7366
1203,9,hazard_bypass_medium,0.1667,0,116.0,450,0.1976,0.134,1.0511,-600.02,0.7314
1204,9,hazard_bypass_medium,0.1667,0,205.0,450,0.1467,0.0972,1.0492,-585.98,0.7259
1205,9,hazard_bypass_medium,0.1667,0,142.0,450,0.4202,0.2375,1.125,-584.18,0.7206
1206,9,hazard_bypass_medium,0.0833,0,331.0,450,0.2216,0.1207,1.0624,-680.07,0.7148
1207,9,hazard_bypass_medium,0.0,0,450,450,0.532,0.1853,1.1491,-847.53,0.7088
1208,9,hazard_bypass_medium,0.0,0,450,450,0.055,0.0333,1.0096,-584.41,0.7028
1209,9,hazard_bypass_medium,0.0,0,450,450,0.5691,0.153,1.1718,-1065.16,0.6968
1210,9,hazard_bypass_medium,0.0,0,450,450,0.19,0.1371,1.05,-860.29,0.6909
1211,9,hazard_bypass_medium,0.1667,0,11.0,450,0.1117,0.0764,1.033,-345.28,0.6859
1212,9,hazard_bypass_medium,0.0833,0,23.0,450,0.1667,0.1389,1.05,-842.4,0.6804
1213,9,hazard_bypass_medium,0.25,0,193.67,450,0.1183,0.084,1.0295,-359.34,0.6752
1214,9,hazard_bypass_medium,0.5,0,261.83,450,0.3717,0.202,1.1086,-797.29,0.6705
1215,9,hazard_bypass_medium,0.1667,0,110.5,450,0.25,0.1875,1.075,-1175.2,0.6653
1216,9,hazard_bypass_medium,0.1667,0,296.0,450,0.1667,0.1389,1.05,-753.83,0.6596
1217,9,hazard_bypass_medium,0.1667,0,71.0,450,0.25,0.1875,1.075,-888.83,0.6545
1218,9,hazard_bypass_medium,0.1667,0,23.0,450,0.4167,0.2431,1.125,-1306.03,0.6495
1219,9,hazard_bypass_medium,0.0833,0,7.0,450,0.4167,0.2431,1.125,-1549.11,0.644
1220,9,hazard_bypass_medium,0.25,0,70.33,450,0.2817,0.1827,1.0884,-899.12,0.6393
1221,9,hazard_bypass_medium,0.25,0,154.67,450,0.3767,0.214,1.1158,-926.73,0.6343
1222,9,hazard_bypass_medium,0.25,0,116.0,450,0.1667,0.1389,1.05,-727.86,0.6294
1223,9,hazard_bypass_medium,0.25,0,161.33,450,0.4167,0.2431,1.125,-1256.11,0.6244
1224,9,hazard_bypass_medium,0.25,0,93.67,450,0.0833,0.0764,1.025,-309.2,0.6196
1225,9,hazard_bypass_medium,0.1667,0,91.0,450,0.1667,0.1389,1.05,-627.91,0.6144
1226,9,hazard_bypass_medium,0.1667,0,77.0,450,0.245,0.1803,1.075,-292.8,0.6092
1227,9,hazard_bypass_medium,0.0833,0,9.0,450,0.3333,0.2222,1.1,-800.17,0.6037
1228,9,hazard_bypass_medium,0.3333,0,91.5,450,0.25,0.1875,1.075,-111.94,0.5994
1229,9,hazard_bypass_medium,0.1667,0,118.5,450,0.25,0.1875,1.075,-406.13,0.5941
1230,9,hazard_bypass_medium,0.25,0,89.0,450,0.0,0.0,1.0,-279.11,0.5893
1231,9,hazard_bypass_medium,0.0833,0,152.0,450,0.54,0.2276,1.1574,-693.65,0.5837
1232,9,hazard_bypass_medium,0.4167,0,103.4,450,0.236,0.1431,1.0658,-52.06,0.5796
1233,9,hazard_bypass_medium,0.3333,0,201.25,450,0.3333,0.2222,1.1,-327.2,0.5747
1234,9,hazard_bypass_medium,0.3333,0,157.75,450,0.5833,0.2431,1.175,-667.14,0.5701
1235,9,hazard_bypass_medium,0.25,0,96.0,450,0.6383,0.2122,1.1842,-1089.68,0.5652
1236,9,hazard_bypass_medium,0.3333,0,206.25,450,0.5629,0.2299,1.1734,-890.27,0.5604
1237,9,hazard_bypass_medium,0.25,0,230.67,450,0.4133,0.2393,1.125,-1118.2,0.5551
1238,9,hazard_bypass_medium,0.3333,0,136.0,450,0.231,0.1591,1.0751,-772.29,0.5505
1239,9,hazard_bypass_medium,0.1667,0,96.0,450,0.4033,0.2295,1.122,-1158.19,0.5453
1240,9,hazard_bypass_medium,0.25,0,185.33,450,0.17,0.0996,1.0475,-382.77,0.5402
1241,9,hazard_bypass_medium,0.25,0,129.0,450,0.2283,0.1602,1.075,-549.39,0.5353
1242,9,hazard_bypass_medium,0.1667,0,259.5,450,0.5,0.25,1.1492,-987.26,0.5297
1243,9,hazard_bypass_medium,0.0833,0,203.0,450,0.415,0.2411,1.1241,-2178.61,0.524
1244,9,hazard_bypass_medium,0.0,0,450,450,0.24,0.1239,1.095,-1468.35,0.5181
1245,9,hazard_bypass_medium,0.3333,0,223.25,450,0.4083,0.2341,1.125,-1207.55,0.5131
1246,9,hazard_bypass_medium,0.0,0,450,450,0.4338,0.2121,1.1269,-1696.85,0.5071
1247,9,hazard_bypass_medium,0.1667,0,153.5,450,0.5,0.25,1.15,-1632.75,0.5018
1248,9,hazard_bypass_medium,0.0,0,450,450,0.5,0.25,1.15,-930.11,0.4958
1249,9,hazard_bypass_medium,0.0,0,450,450,0.5133,0.2282,1.1602,-1120.28,0.4898
1250,9,hazard_bypass_medium,0.0,0,450,450,0.7233,0.1651,1.222,-4166.48,0.4839
1251,9,hazard_bypass_medium,0.0,0,450,450,0.627,0.2036,1.1918,-2837.95,0.4779
1252,9,hazard_bypass_medium,0.1667,0,32.5,450,0.6017,0.2254,1.1831,-1667.19,0.4728
1253,9,hazard_bypass_medium,0.0833,0,327.0,450,0.665,0.1811,1.2001,-1240.47,0.467
1254,9,hazard_bypass_medium,0.0833,0,263.0,450,0.5833,0.2431,1.175,-972.94,0.4612
1255,9,hazard_bypass_medium,0.0833,0,5.0,450,0.5,0.25,1.15,-765.29,0.4557
1256,9,hazard_bypass_medium,0.25,0,66.67,450,0.2367,0.1695,1.0675,-451.6,0.451
1257,9,hazard_bypass_medium,0.1667,0,16.5,450,0.1667,0.1389,1.05,-483.03,0.446
1258,9,hazard_bypass_medium,0.25,0,62.33,450,0.2551,0.1325,1.0859,-306.23,0.4413
1259,9,hazard_bypass_medium,0.1667,0,62.0,450,0.0,0.0,1.0,-383.33,0.4362
1260,9,hazard_bypass_medium,0.0833,0,169.0,450,0.115,0.0821,1.0382,-590.01,0.4305
1261,9,hazard_bypass_medium,0.25,0,49.0,450,0.08,0.0704,1.025,-295.42,0.4259
1262,9,hazard_bypass_medium,0.0,0,450,450,0.2583,0.1841,1.075,-927.19,0.4199
1263,9,hazard_bypass_medium,0.3333,0,50.5,450,0.0833,0.0764,1.025,-152.3,0.4157
1264,9,hazard_bypass_medium,0.1667,0,107.5,450,0.3333,0.2222,1.1,-584.19,0.4105
1265,9,hazard_bypass_medium,0.4167,0,156.0,450,0.1283,0.0912,1.0416,-113.4,0.4061
1266,9,hazard_bypass_medium,0.1667,0,83.5,450,0.065,0.0333,1.0251,-497.86,0.4009
1267,9,hazard_bypass_medium,0.3333,0,109.0,450,0.135,0.0971,1.0475,-508.95,0.3965
1268,9,hazard_bypass_medium,0.25,0,56.0,450,0.0412,0.0053,1.0087,-312.73,0.3918
1269,9,hazard_bypass_medium,0.5,0,149.17,450,0.4167,0.2431,1.125,-90.15,0.3878
1270,9,hazard_bypass_medium,0.25,0,123.67,450,0.4167,0.2431,1.1251,-729.55,0.3829
1271,9,hazard_bypass_medium,0.5,0,116.0,450,0.04,0.0176,1.0099,-133.5,0.3792
1272,9,hazard_bypass_medium,0.25,0,120.0,450,0.0448,0.0126,1.0125,-303.02,0.3743
1273,9,hazard_bypass_medium,0.1667,0,148.5,450,0.7583,0.1758,1.2271,-889.86,0.369
1274,9,hazard_bypass_medium,0.3333,0,170.5,450,0.25,0.1875,1.075,-208.5,0.3642
1275,9,hazard_bypass_medium,0.1667,0,101.0,450,0.1667,0.1389,1.05,-438.29,0.359
1276,9,hazard_bypass_medium,0.3333,0,80.75,450,0.0,0.0,1.0,-90.48,0.3547
1277,9,hazard_bypass_medium,0.3333,0,177.75,450,0.1779,0.1234,1.05,-199.75,0.3499
1278,9,hazard_bypass_medium,0.1667,0,106.0,450,0.0,0.0,1.0,-352.64,0.3447
1279,9,hazard_bypass_medium,0.4167,0,99.4,450,0.3333,0.2222,1.1,-81.13,0.3406
1280,9,hazard_bypass_medium,0.5,0,128.83,450,0.1483,0.112,1.05,-125.09,0.3368
1281,9,hazard_bypass_medium,0.5833,0,135.0,450,0.1722,0.1083,1.0504,109.79,0.3333
1282,9,hazard_bypass_medium,0.4167,0,153.4,450,0.24,0.1736,1.075,-685.49,0.3289
1283,9,hazard_bypass_medium,0.5833,0,191.71,450,0.3333,0.2222,1.0996,-298.32,0.325
1284,9,hazard_bypass_medium,0.5833,0,121.57,450,0.3333,0.2222,1.0997,138.23,0.3215
1285,9,hazard_bypass_medium,0.0833,0,180.0,450,0.4679,0.2115,1.1258,-758.5,0.3158
1286,9,hazard_bypass_medium,0.4167,0,113.2,450,0.3396,0.1829,1.1001,-162.45,0.3117
1287,9,hazard_bypass_medium,0.25,0,117.67,450,0.25,0.1875,1.075,-372.86,0.3068
1288,9,hazard_bypass_medium,0.3333,0,75.0,450,0.09,0.0699,1.0277,-179.2,0.3025
1289,9,hazard_bypass_medium,0.3333,0,58.0,450,0.2467,0.1826,1.075,-182.61,0.2983
1290,9,hazard_bypass_medium,0.3333,0,132.5,450,0.0504,0.0279,1.0086,-243.08,0.2937
1291,9,hazard_bypass_medium,0.1667,0,89.5,450,0.1667,0.1389,1.05,-619.36,0.2885
1292,9,hazard_bypass_medium,0.3333,0,138.25,450,0.0733,0.0592,1.025,-208.12,0.2839
1293,9,hazard_bypass_medium,0.3333,0,130.0,450,0.1667,0.1389,1.05,-400.16,0.2794
1294,9,hazard_bypass_medium,0.25,0,101.67,450,0.22,0.1487,1.075,-529.2,0.2745
1295,9,hazard_bypass_medium,0.3333,0,136.75,450,0.15,0.0848,1.0493,-343.72,0.27
1296,9,hazard_bypass_medium,0.3333,0,59.75,450,0.3317,0.22,1.0993,-364.92,0.2657
1297,9,hazard_bypass_medium,0.3333,0,94.25,450,0.6667,0.2222,1.1997,-663.65,0.2613
1298,9,hazard_bypass_medium,0.25,0,47.33,450,0.3333,0.2222,1.1,-561.22,0.2567
1299,9,hazard_bypass_medium,0.4167,0,74.4,450,0.4167,0.2431,1.125,-452.58,0.2528
1300,9,hazard_bypass_medium,0.25,0,31.0,450,0.7083,0.1827,1.2166,-1056.18,0.2482
1301,9,hazard_bypass_medium,0.5,0,101.5,450,0.375,0.2135,1.1151,-501.06,0.2445
1302,9,hazard_bypass_medium,0.0833,0,342.0,450,0.8333,0.1389,1.25,-1296.02,0.2387
1303,9,hazard_bypass_medium,0.5,0,119.33,450,0.3133,0.1773,1.1012,5.63,0.2349
1304,9,hazard_bypass_medium,0.4167,0,85.4,450,0.3333,0.2222,1.1,-185.43,0.2309
1305,9,hazard_bypass_medium,0.3333,0,102.0,450,0.4383,0.2082,1.1426,-415.22,0.2265
1306,9,hazard_bypass_medium,0.5,0,115.83,450,0.3333,0.2222,1.1,-90.32,0.2227
1307,9,hazard_bypass_medium,0.25,0,49.33,450,0.4533,0.2273,1.1375,-571.73,0.2181
1308,9,hazard_bypass_medium,0.4167,0,41.8,450,0.525,0.2275,1.1629,-459.1,0.2143
1309,9,hazard_bypass_medium,0.1667,0,19.5,450,0.5317,0.2294,1.1546,-1186.29,0.2093
1310,9,hazard_bypass_medium,0.3333,0,217.5,450,0.525,0.2236,1.1631,-518.2,0.2044
1311,9,hazard_bypass_medium,0.3333,0,96.25,450,0.08,0.0704,1.025,-393.56,0.2
1312,9,hazard_bypass_medium,0.4167,0,79.4,450,0.33,0.2179,1.1,-249.43,0.196
1313,9,hazard_bypass_medium,0.25,0,63.0,450,0.1667,0.1389,1.05,-521.23,0.1913
1314,9,hazard_bypass_medium,0.3333,0,45.5,450,0.11,0.0622,1.0362,-176.87,0.1871
1315,9,hazard_bypass_medium,0.3333,0,53.5,450,0.4167,0.2431,1.125,-465.36,0.1829
1316,9,hazard_bypass_medium,0.4167,0,92.2,450,0.3333,0.2222,1.1,-174.86,0.1789
1317,9,hazard_bypass_medium,0.4167,0,108.0,450,0.0,0.0,1.0,-308.46,0.1748
1318,9,hazard_bypass_medium,0.25,0,74.67,450,0.2036,0.1126,1.0562,-398.96,0.1701
1319,9,hazard_bypass_medium,0.5,0,130.0,450,0.4817,0.2354,1.1399,-189.59,0.1663
1320,9,hazard_bypass_medium,0.6667,0,146.75,450,0.3333,0.2222,1.1,58.01,0.163
1321,9,hazard_bypass_medium,0.4167,0,184.0,450,0.5067,0.2438,1.15,-409.6,0.1585
1322,9,hazard_bypass_medium,0.75,0,210.0,450,0.25,0.1875,1.075,202.41,0.1549
1323,9,hazard_bypass_medium,0.5,0,137.17,450,0.0,0.0,1.0,3.59,0.151
1324,9,hazard_bypass_medium,0.3333,0,206.5,450,0.0,0.0,1.0,-255.25,0.1461
1325,9,hazard_bypass_medium,0.6667,0,147.62,450,0.0,0.0,1.0,156.63,0.1428
1326,9,hazard_bypass_medium,0.5833,0,172.57,450,0.0,0.0,1.0,70.7,0.1389
1327,9,hazard_bypass_medium,0.3333,0,165.25,450,0.1583,0.1258,1.0475,-370.75,0.1342
1328,9,hazard_bypass_medium,0.5833,0,110.71,450,0.2267,0.1519,1.0686,3.71,0.1309
1329,9,hazard_bypass_medium,0.5,0,118.67,450,0.2233,0.1553,1.075,-293.4,0.1271
1330,9,hazard_bypass_medium,0.5,0,172.17,450,0.32,0.2064,1.1,-435.83,0.123
1331,9,hazard_bypass_medium,0.4167,0,132.6,450,0.0833,0.0764,1.025,-295.17,0.1187
1332,9,hazard_bypass_medium,0.3333,0,122.75,450,0.1667,0.1389,1.05,-562.51,0.1142
1333,9,hazard_bypass_medium,0.5833,0,247.29,450,0.25,0.1875,1.075,-495.99,0.1098
1334,9,hazard_bypass_medium,0.5,0,147.0,450,0.25,0.1875,1.075,-473.64,0.1058
1335,9,hazard_bypass_medium,0.75,0,218.0,450,0.25,0.1875,1.075,120.28,0.1022
1336,9,hazard_bypass_medium,0.6667,0,240.75,450,0.0517,0.0294,1.0116,228.16,0.098
1337,9,hazard_bypass_medium,0.6667,0,248.88,450,0.0,0.0,1.0,244.46,0.0938
1338,9,hazard_bypass_medium,0.5833,0,154.29,450,0.0,0.0,1.0,265.26,0.0902
1339,9,hazard_bypass_medium,0.5,0,205.33,450,0.0,0.0,1.0,100.3,0.0858
1340,9,hazard_bypass_medium,0.4167,0,141.4,450,0.0,0.0,1.0,-68.1,0.0815
1341,9,hazard_bypass_medium,0.8333,0,162.7,450,0.0,0.0,1.0,611.69,0.0787
1342,9,hazard_bypass_medium,0.75,0,131.0,450,0.0,0.0,1.0,513.79,0.0759
1343,9,hazard_bypass_medium,0.9167,0,168.82,450,0.0,0.0,1.0,699.7,0.0734
1344,9,hazard_bypass_medium,0.4167,0,193.6,450,0.07,0.0341,1.0302,-156.4,0.0688
1345,9,hazard_bypass_medium,0.6667,0,196.25,450,0.0,0.0,1.0,267.83,0.0651
1346,9,hazard_bypass_medium,0.75,0,135.56,450,0.0,0.0,1.0,490.5,0.0622
1347,9,hazard_bypass_medium,0.75,0,123.33,450,0.06,0.0396,1.0246,527.01,0.0595
1348,9,hazard_bypass_medium,0.4167,0,138.8,450,0.0,0.0,1.0,-61.5,0.0553
1349,9,hazard_bypass_medium,0.5,0,139.67,450,0.0,0.0,1.0,46.56,0.0514
1350,9,hazard_bypass_medium,0.6667,0,242.5,450,0.0,0.0,1.0,277.82,0.05
1351,9,hazard_bypass_medium,0.5,0,179.17,450,0.0,0.0,1.0,162.84,0.05
1352,9,hazard_bypass_medium,0.6667,0,155.12,450,0.0,0.0,1.0,378.45,0.05
1353,9,hazard_bypass_medium,0.5,0,152.0,450,0.0,0.0,1.0,98.0,0.05
1354,9,hazard_bypass_medium,0.5,0,144.17,450,0.0,0.0,1.0,140.88,0.05
1355,9,hazard_bypass_medium,0.5833,0,176.86,450,0.0,0.0,1.0,195.21,0.05
1356,9,hazard_bypass_medium,0.4167,0,57.8,450,0.0,0.0,1.0,18.23,0.05
1357,9,hazard_bypass_medium,0.5,0,156.83,450,0.0,0.0,1.0,63.94,0.05
1358,9,hazard_bypass_medium,0.6667,0,167.25,450,0.0167,0.0031,1.0047,341.33,0.05
1359,9,hazard_bypass_medium,0.5833,0,156.86,450,0.0,0.0,1.0,239.85,0.05
1360,9,hazard_bypass_medium,0.8333,0,145.1,450,0.04,0.0176,1.0099,523.59,0.05
1361,9,hazard_bypass_medium,0.5833,0,107.57,450,0.0833,0.0764,1.025,202.27,0.05
1362,9,hazard_bypass_medium,0.6667,0,104.88,450,0.1451,0.1054,1.0498,354.53,0.05
1363,9,hazard_bypass_medium,0.6667,0,94.5,450,0.165,0.1361,1.05,-973.5,0.05
1364,9,hazard_bypass_medium,0.8333,0,135.6,450,0.0,0.0,1.0,591.71,0.05
1365,9,hazard_bypass_medium,0.8333,0,139.9,450,0.0833,0.0764,1.0249,189.86,0.05
1366,9,hazard_bypass_medium,0.5833,0,159.57,450,0.0783,0.0675,1.025,94.22,0.05
1367,9,hazard_bypass_medium,0.6667,0,130.88,450,0.1533,0.1178,1.05,-167.99,0.05
1368,9,hazard_bypass_medium,0.75,0,149.56,450,0.0833,0.0764,1.025,141.11,0.05
1369,9,hazard_bypass_medium,0.6667,0,166.25,450,0.25,0.1875,1.075,-189.96,0.05
1370,9,hazard_bypass_medium,0.5,0,112.0,450,0.0,0.0,1.0,-136.37,0.05
1371,9,hazard_bypass_medium,0.5833,0,127.43,450,0.0,0.0,1.0,221.92,0.05
1372,9,hazard_bypass_medium,0.6667,0,187.75,450,0.0167,0.0031,1.0062,347.13,0.05
1373,9,hazard_bypass_medium,0.8333,0,216.4,450,0.015,0.0025,1.0,491.57,0.05
1374,9,hazard_bypass_medium,0.9167,0,97.82,450,0.0,0.0,1.0,733.77,0.05
1375,9,hazard_bypass_medium,0.9167,0,89.73,450,0.015,0.0025,1.0052,751.84,0.05
1376,9,hazard_bypass_medium,0.9167,0,110.0,450,0.0,0.0,1.0,740.1,0.05
1377,9,hazard_bypass_medium,0.9167,0,127.09,450,0.0,0.0,1.0001,777.84,0.05
1378,9,hazard_bypass_medium,0.8333,0,125.6,450,0.0,0.0,1.0,612.29,0.05
1379,9,hazard_bypass_medium,0.8333,0,104.5,450,0.0,0.0,1.0,635.44,0.05
1380,9,hazard_bypass_medium,0.8333,0,150.2,450,0.0,0.0,1.0,554.15,0.05
1381,9,hazard_bypass_medium,0.9167,0,95.45,450,0.0,0.0,1.0,778.46,0.05
1382,9,hazard_bypass_medium,0.75,0,139.78,450,0.0,0.0,1.0,463.68,0.05
1383,9,hazard_bypass_medium,0.75,0,124.22,450,0.0,0.0,1.0,468.23,0.05
1384,9,hazard_bypass_medium,0.9167,0,119.09,450,0.0,0.0,1.0006,762.84,0.05
1385,9,hazard_bypass_medium,0.8333,0,96.7,450,0.0533,0.0313,1.025,602.77,0.05
1386,9,hazard_bypass_medium,0.8333,0,106.3,450,0.0,0.0,1.0,596.88,0.05
1387,9,hazard_bypass_medium,0.8333,0,81.5,450,0.0,0.0,1.0,629.77,0.05
1388,9,hazard_bypass_medium,1.0,1,100.83,322,0.0,0.0,1.0,914.68,0.05
1389,9,hazard_bypass_medium,0.75,0,54.67,450,0.0939,0.0531,1.0345,536.87,0.05
1390,9,hazard_bypass_medium,1.0,1,94.33,261,0.0,0.0,1.0,909.52,0.05
1391,9,hazard_bypass_medium,1.0,1,67.33,267,0.0,0.0,1.0,921.75,0.05
1392,10,mall_medium,0.1667,0,161.5,450,0.0,0.0,1.0,-342.48,0.9947
1393,10,mall_medium,0.25,0,28.33,450,0.0833,0.0764,1.025,-844.24,0.9901
1394,10,mall_medium,0.1667,0,139.0,450,0.0767,0.0647,1.0249,-720.13,0.9848
1395,10,mall_medium,0.25,0,60.67,450,0.0833,0.0764,1.025,-821.34,0.9801
1396,10,mall_medium,0.3333,0,44.0,450,0.0,0.0,1.0,-52.09,0.9759
1397,10,mall_medium,0.0833,0,18.0,450,0.0833,0.0764,1.025,-721.69,0.9704
1398,10,mall_medium,0.25,0,172.67,450,0.0833,0.0764,1.025,-678.09,0.9654
1399,10,mall_medium,0.25,0,225.33,450,0.0,0.0,1.0,-238.49,0.9601
1400,10,mall_medium,0.0833,0,39.0,450,0.0,0.0,1.0004,-791.59,0.9546
1401,10,mall_medium,0.25,0,41.33,450,0.0717,0.0565,1.0209,-325.74,0.95
1402,10,mall_medium,0.25,0,38.67,450,0.0,0.0,1.0,-195.0,0.9454
1403,10,mall_medium,0.3333,0,99.5,450,0.0,0.0,1.0,-82.42,0.9409
1404,10,mall_medium,0.3333,0,39.75,450,0.0,0.0,1.0,-196.81,0.9368
1405,10,mall_medium,0.25,0,34.0,450,0.065,0.0465,1.025,-363.0,0.9322
1406,10,mall_medium,0.1667,0,19.0,450,0.0833,0.0764,1.025,-525.43,0.9272
1407,10,mall_medium,0.3333,0,76.25,450,0.0,0.0,1.0,-113.4,0.9228
1408,10,mall_medium,0.1667,0,101.0,450,0.0,0.0,1.0,-345.01,0.9176
1409,10,mall_medium,0.25,0,93.0,450,0.0,0.0,1.0,-211.43,0.9128
1410,10,mall_medium,0.25,0,72.0,450,0.015,0.0025,1.0,-215.33,0.9081
1411,10,mall_medium,0.25,0,114.0,450,0.0,0.0,1.0,-574.06,0.9033
1412,10,mall_medium,0.25,0,100.33,450,0.0117,0.0015,1.0033,-230.29,0.8984
1413,10,mall_medium,0.3333,0,73.25,450,0.0,0.0,1.0,-33.91,0.8941
1414,10,mall_medium,0.4167,0,74.4,450,0.0567,0.0353,1.025,29.66,0.8902
1415,10,mall_medium,0.25,0,22.67,450,0.0483,0.0257,1.018,-313.91,0.8857
1416,10,mall_medium,0.25,0,36.33,450,0.0,0.0,1.0,-158.39,0.8811
1417,10,mall_medium,0.3333,0,75.5,450,0.0733,0.0592,1.025,-101.75,0.8767
1418,10,mall_medium,0.25,0,21.67,450,0.0,0.0,1.0,-188.39,0.8722
1419,10,mall_medium,0.4167,0,104.4,450,0.0833,0.0764,1.025,-58.87,0.8681
1420,10,mall_medium,0.3333,0,75.25,450,0.0833,0.0764,1.025,-90.65,0.8638
1421,10,mall_medium,0.5,0,177.83,450,0.0,0.0,1.0,79.17,0.8596
1422,10,mall_medium,0.25,0,40.0,450,0.0833,0.0764,1.025,-211.16,0.855
1423,10,mall_medium,0.4167,0,152.0,450,0.0,0.0,1.0,76.31,0.8507
1424,10,mall_medium,0.4167,0,179.6,450,0.0,0.0,1.0,31.14,0.8462
1425,10,mall_medium,0.4167,0,149.6,450,0.0,0.0,1.0,-15.48,0.8419
1426,10,mall_medium,0.5,0,116.5,450,0.0833,0.0764,1.025,56.3,0.8381
1427,10,mall_medium,0.4167,0,113.6,450,0.0,0.0,1.0,40.01,0.834
1428,10,mall_medium,0.5,0,149.83,450,0.03,0.0099,1.0025,162.57,0.83
1429,10,mall_medium,0.4167,0,154.6,450,0.04,0.0176,1.0146,-82.04,0.8257
1430,10,mall_medium,0.5,0,204.5,450,0.0683,0.0514,1.025,-346.15,0.8213
1431,10,mall_medium,0.5833,0,179.43,450,0.1667,0.1389,1.0498,148.73,0.8174
1432,10,mall_medium,0.4167,0,167.8,450,0.0833,0.0764,1.025,37.09,0.813
1433,10,mall_medium,0.4167,0,142.0,450,0.0833,0.0764,1.025,-131.68,0.8088
1434,10,mall_medium,0.5833,0,200.86,450,0.0,0.0,1.0,271.47,0.8047
1435,10,mall_medium,0.5833,0,174.57,450,0.0833,0.0764,1.025,23.68,0.8009
1436,10,mall_medium,0.6667,0,160.62,450,0.08,0.047,1.0252,186.37,0.7974
1437,10,mall_medium,0.4167,0,118.2,450,0.155,0.1209,1.05,-293.66,0.7933
1438,10,mall_medium,0.4167,0,86.0,450,0.1967,0.1388,1.063,-267.8,0.7893
1439,10,mall_medium,0.5,0,191.67,450,0.1367,0.0967,1.0479,-41.67,0.7851
1440,10,mall_medium,0.5,0,182.17,450,0.2065,0.1431,1.0646,-285.56,0.7809
1441,10,mall_medium,0.4167,0,144.6,450,0.2033,0.1415,1.0493,-109.01,0.7766
1442,10,mall_medium,0.3333,0,194.75,450,0.175,0.0971,1.0636,-317.71,0.7717
1443,10,mall_medium,0.5,0,125.5,450,0.0983,0.0488,1.0324,89.17,0.7679
1444,10,mall_medium,0.5,0,111.5,450,0.1983,0.1237,1.0689,65.47,0.7642
1445,10,mall_medium,0.6667,0,250.75,450,0.0,0.0,1.0001,302.05,0.76
1446,10,mall_medium,0.5833,0,149.71,450,0.0067,0.0005,1.0007,277.3,0.7563
1447,10,mall_medium,0.6667,0,212.25,450,0.0317,0.005,1.0065,320.21,0.7525
1448,10,mall_medium,0.5833,0,181.43,450,0.0733,0.0592,1.025,246.27,0.7486
1449,10,mall_medium,0.5833,0,177.43,450,0.0,0.0,1.0,230.35,0.7447
1450,10,mall_medium,0.5,0,149.83,450,0.0067,0.0005,1.0017,166.47,0.7407
1451,10,mall_medium,0.5,0,173.5,450,0.1667,0.1389,1.05,39.52,0.7366
1452,10,mall_medium,0.4167,0,216.8,450,0.195,0.1383,1.0623,-41.55,0.7319
1453,10,mall_medium,0.3333,0,98.5,450,0.163,0.133,1.0493,-55.88,0.7274
1454,10,mall_medium,0.4167,0,158.6,450,0.2133,0.1473,1.0587,-32.5,0.7231
1455,10,mall_medium,0.5,0,146.67,450,0.25,0.1875,1.075,-107.64,0.7191
1456,10,mall_medium,0.5833,0,171.29,450,0.0833,0.0764,1.025,138.93,0.7153
1457,10,mall_medium,0.4167,0,185.4,450,0.22,0.1524,1.0717,-134.8,0.7108
1458,10,mall_medium,0.4167,0,215.4,450,0.3333,0.2222,1.1,-544.74,0.7061
1459,10,mall_medium,0.6667,0,185.25,450,0.2333,0.1656,1.075,-162.71,0.7025
1460,10,mall_medium,0.3333,0,163.0,450,0.415,0.2411,1.125,-995.59,0.6978
1461,10,mall_medium,0.4167,0,209.4,450,0.3033,0.1921,1.0871,-441.13,0.6931
1462,10,mall_medium,0.5833,0,174.86,450,0.1667,0.1389,1.05,11.83,0.6893
1463,10,mall_medium,0.3333,0,131.0,450,0.4333,0.2322,1.125,-967.25,0.6847
1464,10,mall_medium,0.5,0,177.33,450,0.3333,0.2222,1.1,-400.86,0.6805
1465,10,mall_medium,0.5,0,148.0,450,0.25,0.1875,1.075,-208.3,0.6766
1466,10,mall_medium,0.3333,0,108.25,450,0.3555,0.2073,1.1,-866.26,0.6721
1467,10,mall_medium,0.25,0,161.33,450,0.4167,0.2431,1.125,-1136.51,0.6671
1468,10,mall_medium,0.5,0,198.0,450,0.2411,0.175,1.0737,-344.99,0.6628
1469,10,mall_medium,0.25,0,107.0,450,0.1983,0.1394,1.0539,-463.02,0.6579
1470,10,mall_medium,0.5,0,241.0,450,0.3567,0.1532,1.1236,-225.66,0.6533
1471,10,mall_medium,0.4167,0,178.2,450,0.2283,0.1375,1.0769,-172.78,0.6489
1472,10,mall_medium,0.6667,0,179.5,450,0.219,0.1253,1.0658,279.89,0.6453
1473,10,mall_medium,0.5833,0,207.0,450,0.0,0.0,1.0,89.35,0.6412
1474,10,mall_medium,0.5,0,114.67,450,0.1367,0.093,1.0337,4.28,0.6374
1475,10,mall_medium,0.5833,0,168.14,450,0.0912,0.0758,1.025,140.97,0.6336
1476,10,mall_medium,0.4167,0,127.8,450,0.0583,0.0374,1.025,-25.5,0.6295
1477,10,mall_medium,0.5,0,187.0,450,0.25,0.1875,1.075,16.83,0.6252
1478,10,mall_medium,0.6667,0,203.88,450,0.1558,0.1213,1.0502,184.91,0.6214
1479,10,mall_medium,0.8333,0,203.4,450,0.2315,0.1635,1.075,441.81,0.6182
1480,10,mall_medium,0.6667,0,169.38,450,0.1667,0.1389,1.05,273.8,0.6147
1481,10,mall_medium,0.6667,0,153.38,450,0.1588,0.0953,1.05,205.33,0.6113
1482,10,mall_medium,0.5833,0,129.57,450,0.2817,0.1827,1.0781,138.13,0.6078
1483,10,mall_medium,0.75,0,112.33,450,0.0333,0.0122,1.0114,516.02,0.6052
1484,10,mall_medium,0.6667,0,172.5,450,0.07,0.0539,1.025,296.86,0.6017
1485,10,mall_medium,0.5833,0,161.71,450,0.075,0.0619,1.025,157.86,0.598
1486,10,mall_medium,0.25,0,115.67,450,0.075,0.0619,1.025,-392.86,0.5931
1487,10,mall_medium,0.5,0,110.5,450,0.0833,0.0764,1.025,74.86,0.5894
1488,10,mall_medium,0.4167,0,78.8,450,0.0,0.0,1.0,35.18,0.5854
1489,10,mall_medium,0.25,0,54.33,450,0.1667,0.1389,1.05,-378.7,0.5808
1490,10,mall_medium,0.1667,0,205.5,450,0.0833,0.0764,1.0229,-434.63,0.5753
1491,10,mall_medium,0.4167,0,74.2,450,0.0,0.0,1.0,52.81,0.5714
1492,10,mall_medium,0.1667,0,108.0,450,0.0,0.0,1.0,-368.49,0.5662
1493,10,mall_medium,0.25,0,35.67,450,0.0,0.0,1.0,-237.75,0.5616
1494,10,mall_medium,0.25,0,63.67,450,0.0,0.0,1.0,-359.72,0.5569
1495,10,mall_medium,0.25,0,48.33,450,0.0,0.0,1.0,-216.32,0.5523
1496,10,mall_medium,0.3333,0,59.0,450,0.0,0.0,1.0,-187.63,0.548
1497,10,mall_medium,0.25,0,74.67,450,0.0783,0.0675,1.025,-399.15,0.5433
1498,10,mall_medium,0.25,0,45.67,450,0.0833,0.0764,1.025,-398.37,0.5387
1499,10,mall_medium,0.3333,0,100.0,450,0.0,0.0,1.0,-132.27,0.5342
1500,10,mall_medium,0.4167,0,66.2,450,0.25,0.1875,1.075,-297.92,0.5304
1501,10,mall_medium,0.25,0,58.67,450,0.4167,0.2431,1.1247,-878.68,0.5257
1502,10,mall_medium,0.4167,0,59.2,450,0.3333,0.2222,1.1,-1045.69,0.5219
1503,10,mall_medium,0.1667,0,68.0,450,0.4167,0.2431,1.125,-1904.18,0.5167
1504,10,mall_medium,0.4167,0,82.4,450,0.4167,0.2431,1.125,-2565.93,0.5128
1505,10,mall_medium,0.3333,0,72.75,450,0.5,0.25,1.15,-1976.34,0.5085
1506,10,mall_medium,0.5,0,91.17,450,0.4167,0.2431,1.125,-2442.05,0.5049
1507,10,mall_medium,0.3333,0,59.0,450,0.3333,0.2222,1.1,-3055.12,0.5006
1508,10,mall_medium,0.25,0,48.67,450,0.5,0.25,1.15,-2404.71,0.496
1509,10,mall_medium,0.3333,0,61.5,450,0.5,0.25,1.15,-1570.36,0.4917
1510,10,mall_medium,0.3333,0,82.25,450,0.5517,0.2277,1.162,-2099.29,0.4874
1511,10,mall_medium,0.25,0,73.0,450,0.555,0.2283,1.1621,-1755.54,0.4827
1512,10,mall_medium,0.3333,0,58.25,450,0.4167,0.2431,1.125,-953.5,0.4784
1513,10,mall_medium,0.25,0,49.0,450,0.4167,0.2431,1.125,-1178.37,0.4738
1514,10,mall_medium,0.1667,0,68.0,450,0.6667,0.2222,1.2,-1612.95,0.4686
1515,10,mall_medium,0.3333,0,131.5,450,0.5,0.25,1.15,-946.94,0.4641
1516,10,mall_medium,0.25,0,58.67,450,0.5833,0.2431,1.175,-1215.19,0.4594
1517,10,mall_medium,0.3333,0,56.0,450,0.5,0.25,1.15,-692.24,0.4552
1518,10,mall_medium,0.4167,0,87.4,450,0.5,0.25,1.15,-522.67,0.4512
1519,10,mall_medium,0.4167,0,212.4,450,0.5,0.25,1.15,-680.76,0.4465
1520,10,mall_medium,0.1667,0,65.5,450,0.5833,0.2431,1.175,-963.1,0.4414
1521,10,mall_medium,0.4167,0,212.6,450,0.5,0.25,1.15,-603.19,0.4367
1522,10,mall_medium,0.3333,0,96.5,450,0.25,0.1875,1.075,-514.93,0.4323
1523,10,mall_medium,0.5,0,135.0,450,0.3333,0.2222,1.1,7.92,0.4284
1524,10,mall_medium,0.3333,0,101.25,450,0.2383,0.1715,1.075,-253.08,0.424
1525,10,mall_medium,0.5,0,139.67,450,0.1667,0.1389,1.0487,53.11,0.4201
1526,10,mall_medium,0.6667,0,170.75,450,0.2733,0.1733,1.0799,323.79,0.4166
1527,10,mall_medium,0.5,0,277.67,450,0.25,0.1875,1.0749,-105.95,0.4117
1528,10,mall_medium,0.5833,0,131.14,450,0.1733,0.119,1.0571,141.03,0.4082
1529,10,mall_medium,0.5833,0,143.0,450,0.0566,0.0169,1.0218,242.0,0.4046
1530,10,mall_medium,0.5,0,149.83,450,0.0,0.0,1.0,65.3,0.4006
1531,10,mall_medium,0.3333,0,107.0,450,0.0,0.0,1.0,-145.46,0.3962
1532,10,mall_medium,0.3333,0,122.75,450,0.0,0.0,1.0,-188.68,0.3917
1533,10,mall_medium,0.5833,0,143.0,450,0.0,0.0,1.0,244.0,0.3881
1534,10,mall_medium,0.5,0,158.83,450,0.0,0.0,1.0,99.96,0.384
1535,10,mall_medium,0.4167,0,83.4,450,0.0,0.0,1.0,-82.19,0.3801
1536,10,mall_medium,0.3333,0,181.5,450,0.0,0.0,1.0,-206.25,0.3753
1537,10,mall_medium,0.25,0,206.0,450,0.0033,0.0001,1.0,-297.57,0.3701
1538,10,mall_medium,0.5,0,65.17,450,0.0532,0.0143,1.025,69.67,0.3667
1539,10,mall_medium,0.25,0,78.0,450,0.0537,0.0318,1.0209,-284.71,0.3619
1540,10,mall_medium,0.3333,0,89.75,450,0.3333,0.2222,1.1,-210.9,0.3576
1541,10,mall_medium,0.5833,0,107.0,450,0.1667,0.1389,1.05,137.16,0.3542
1542,10,mall_medium,0.3333,0,61.75,450,0.4167,0.2431,1.125,-305.04,0.35
1543,10,mall_medium,0.4167,0,53.8,450,0.2826,0.172,1.0872,-267.43,0.3462
1544,10,mall_medium,0.3333,0,131.75,450,0.0833,0.0764,1.025,-364.77,0.3416
1545,10,mall_medium,0.25,0,127.67,450,0.15,0.1142,1.05,-494.96,0.3367
1546,10,mall_medium,0.4167,0,137.4,450,0.1667,0.1389,1.05,-257.82,0.3325
1547,10,mall_medium,0.5833,0,139.57,450,0.1667,0.1389,1.05,16.13,0.3289
1548,10,mall_medium,0.6667,0,117.88,450,0.1383,0.1005,1.05,155.37,0.3259
1549,10,mall_medium,0.75,0,154.78,450,0.1167,0.0831,1.0376,268.84,0.3228
1550,10,mall_medium,0.6667,0,143.38,450,0.0833,0.0764,1.025,193.12,0.3196
1551,10,mall_medium,0.6667,0,179.62,450,0.0617,0.0418,1.0161,271.25,0.316
1552,10,mall_medium,0.6667,0,182.25,450,0.0833,0.0764,1.025,216.57,0.3124
1553,10,mall_medium,0.5833,0,137.57,450,0.0583,0.0374,1.0249,160.06,0.3088
1554,10,mall_medium,0.6667,0,104.0,450,0.0833,0.0764,1.025,323.71,0.3059
1555,10,mall_medium,0.6667,0,110.25,450,0.0,0.0,1.0003,305.1,0.3029
1556,10,mall_medium,0.5833,0,126.0,450,0.0767,0.0647,1.025,168.14,0.2995
1557,10,mall_medium,0.6667,0,162.38,450,0.055,0.0333,1.025,277.84,0.296
1558,10,mall_medium,0.5833,0,113.71,450,0.0,0.0,1.0,266.37,0.2927
1559,10,mall_medium,0.6667,0,157.38,450,0.0,0.0,1.0,344.22,0.2893
1560,10,mall_medium,0.6667,0,173.5,450,0.0,0.0,1.0,348.66,0.2857
1561,10,mall_medium,0.6667,0,124.38,450,0.0,0.0,1.0,430.69,0.2826
1562,10,mall_medium,0.8333,0,144.6,450,0.0,0.0,1.0,642.68,0.28
1563,10,mall_medium,0.9167,0,136.0,450,0.0,0.0,1.0,757.61,0.2779
1564,10,mall_medium,0.75,0,79.11,450,0.0733,0.0592,1.025,423.96,0.2756
1565,10,mall_medium,0.8333,0,160.1,450,0.0,0.0,1.0,577.29,0.2728
1566,10,mall_medium,0.8333,0,140.3,450,0.0833,0.0764,1.0247,588.95,0.2703
1567,10,mall_medium,0.9167,0,92.64,450,0.0,0.0,1.0,819.93,0.2687
1568,10,mall_medium,0.9167,0,151.64,450,0.01,0.0011,1.0027,747.34,0.2663
1569,10,mall_medium,0.9167,0,171.27,450,0.0417,0.0191,1.0112,761.86,0.2637
1570,10,mall_medium,0.5833,0,103.0,450,0.0,0.0,1.0,296.21,0.2604
1571,10,mall_medium,0.8333,0,83.1,450,0.0,0.0,1.0,702.12,0.2585
1572,10,mall_medium,0.8333,0,123.5,450,0.07,0.0539,1.025,550.75,0.2562
1573,10,mall_medium,0.75,0,101.33,450,0.0,0.0,1.0,583.53,0.2537
1574,10,mall_medium,0.9167,0,158.73,450,0.0,0.0,1.0,728.55,0.2512
1575,10,mall_medium,0.75,0,149.89,450,0.0,0.0,1.0,530.78,0.2482
1576,10,mall_medium,0.75,0,59.11,450,0.0,0.0,1.0,589.57,0.2462
1577,10,mall_medium,0.9167,0,157.64,450,0.0,0.0,1.0,761.41,0.2437
1578,10,mall_medium,0.75,0,119.78,450,0.1667,0.1389,1.05,148.04,0.241
1579,10,mall_medium,0.75,0,127.56,450,0.0833,0.0764,1.025,330.57,0.2383
1580,10,mall_medium,0.9167,0,125.64,450,0.0833,0.0764,1.025,603.63,0.2363
1581,10,mall_medium,0.8333,0,156.0,450,0.0833,0.0764,1.025,470.6,0.2335
1582,10,mall_medium,0.5833,0,82.86,450,0.0833,0.0764,1.025,191.14,0.2304
1583,10,mall_medium,0.6667,0,79.75,450,0.0833,0.0764,1.025,282.7,0.2277
1584,10,mall_medium,0.5833,0,101.29,450,0.0833,0.0764,1.025,85.48,0.2244
1585,10,mall_medium,0.5833,0,141.71,450,0.1667,0.1389,1.05,72.75,0.2208
1586,10,mall_medium,0.5,0,65.0,450,0.0,0.0,1.0,185.68,0.2174
1587,10,mall_medium,0.75,0,137.11,450,0.1667,0.1389,1.05,120.68,0.2145
1588,10,mall_medium,0.9167,0,128.91,450,0.0,0.0,1.0,777.36,0.2125
1589,10,mall_medium,0.6667,0,139.38,450,0.0833,0.0764,1.025,170.35,0.2093
1590,10,mall_medium,0.9167,0,75.36,450,0.0833,0.0764,1.025,623.83,0.2078
1591,10,mall_medium,0.9167,0,100.91,450,0.0583,0.0374,1.025,638.91,0.2061
1592,10,mall_medium,0.8333,0,127.7,450,0.0833,0.0764,1.025,451.62,0.2037
1593,10,mall_medium,0.8333,0,87.5,450,0.0,0.0,1.0,688.7,0.2017
1594,10,mall_medium,0.9167,0,95.0,450,0.0,0.0,1.0,812.63,0.2001
1595,10,mall_medium,0.9167,0,97.64,450,0.0833,0.0764,1.025,603.12,0.1984
1596,10,mall_medium,0.9167,0,75.45,450,0.0833,0.0764,1.025,606.23,0.197
1597,10,mall_medium,0.9167,0,125.45,450,0.0583,0.0374,1.025,701.82,0.1949
1598,10,mall_medium,0.8333,0,91.7,450,0.0833,0.0764,1.025,462.35,0.1929
1599,10,mall_medium,0.8333,0,75.9,450,0.1667,0.1389,1.05,188.51,0.1911
1600,10,mall_medium,0.9167,0,101.09,450,0.0833,0.0764,1.025,597.57,0.1894
1601,11,hazard_dense_office,0.1667,0,315.0,450,0.255,0.1853,1.075,-2015.57,0.9948
1602,11,hazard_dense_office,0.0833,0,367.0,450,0.25,0.1875,1.075,-1384.97,0.9894
1603,11,hazard_dense_office,0.0833,0,199.0,450,0.3683,0.2124,1.1012,-2446.8,0.9842
1604,11,hazard_dense_office,0.0833,0,302.0,450,0.3333,0.2072,1.1021,-2334.87,0.9788
1605,11,hazard_dense_office,0.1667,0,173.5,450,0.5683,0.233,1.1749,-3521.47,0.9739
1606,11,hazard_dense_office,0.0833,0,340.0,450,0.195,0.1383,1.0623,-1531.73,0.9686
1607,11,hazard_dense_office,0.0,0,450,450,0.4867,0.2098,1.1479,-3886.28,0.9631
1608,11,hazard_dense_office,0.0833,0,178.0,450,0.2367,0.1425,1.0794,-2689.43,0.9579
1609,11,hazard_dense_office,0.0,0,450,450,0.5117,0.1987,1.1693,-3269.21,0.9524
1610,11,hazard_dense_office,0.0,0,450,450,0.5432,0.2162,1.1751,-2607.97,0.9469
1611,11,hazard_dense_office,0.1667,0,290.5,450,0.5567,0.2277,1.1697,-4297.89,0.9417
1612,11,hazard_dense_office,0.0833,0,38.0,450,0.3333,0.2222,1.0985,-1239.13,0.9367
1613,11,hazard_dense_office,0.25,0,252.0,450,0.4333,0.2296,1.1298,-853.96,0.9318
1614,11,hazard_dense_office,0.1667,0,202.5,450,0.295,0.1873,1.0825,-2070.4,0.9268
1615,11,hazard_dense_office,0.1667,0,180.5,450,0.2933,0.1763,1.0878,-1861.21,0.9219
1616,11,hazard_dense_office,0.1667,0,147.0,450,0.32,0.1757,1.0879,-2877.39,0.917
1617,11,hazard_dense_office,0.0833,0,420.0,450,0.5833,0.2431,1.175,-3480.87,0.9116
1618,11,hazard_dense_office,0.1667,0,308.5,450,0.2967,0.1583,1.1032,-1065.34,0.9064
1619,11,hazard_dense_office,0.1667,0,414.5,450,0.6667,0.2222,1.1951,-1681.81,0.901
1620,11,hazard_dense_office,0.1667,0,148.5,450,0.3333,0.2222,1.1,-1450.55,0.8961
1621,11,hazard_dense_office,0.0833,0,234.0,450,0.4979,0.1991,1.1612,-1585.81,0.8908
1622,11,hazard_dense_office,0.4167,0,224.6,450,0.3033,0.1921,1.1,-371.89,0.8865
1623,11,hazard_dense_office,0.0833,0,134.0,450,0.42,0.2404,1.1261,-1947.39,0.8814
1624,11,hazard_dense_office,0.0,0,450,450,0.4,0.2267,1.1257,-3059.37,0.8759
1625,11,hazard_dense_office,0.1667,0,213.5,450,0.4417,0.2124,1.1354,-1706.29,0.8709
1626,11,hazard_dense_office,0.0,0,450,450,0.5817,0.2417,1.1711,-2652.48,0.8654
1627,11,hazard_dense_office,0.0833,0,182.0,450,0.5267,0.2125,1.1584,-3906.24,0.8602
1628,11,hazard_dense_office,0.25,0,237.0,450,0.5,0.25,1.15,-3850.85,0.8553
1629,11,hazard_dense_office,0.0833,0,314.0,450,0.3333,0.2222,1.1,-2809.84,0.85
1630,11,hazard_dense_office,0.25,0,196.67,450,0.4917,0.2424,1.15,-3132.2,0.8453
1631,11,hazard_dense_office,0.0833,0,246.0,450,0.4917,0.2208,1.1408,-3315.71,0.84
1632,11,hazard_dense_office,0.0833,0,312.0,450,0.5733,0.2068,1.1817,-3605.94,0.8347
1633,11,hazard_dense_office,0.0833,0,258.0,450,0.6733,0.208,1.197,-4584.82,0.8294
1634,11,hazard_dense_office,0.0,0,450,450,0.51,0.2411,1.1501,-3259.72,0.8239
1635,11,hazard_dense_office,0.25,0,183.67,450,0.3883,0.2188,1.1112,-1420.51,0.8192
1636,11,hazard_dense_office,0.1667,0,255.5,450,0.5833,0.2431,1.175,-3006.86,0.8142
1637,11,hazard_dense_office,0.0833,0,163.0,450,0.6667,0.2222,1.2,-3187.89,0.809
1638,11,hazard_dense_office,0.0833,0,145.0,450,0.5,0.25,1.15,-2192.88,0.8038
1639,11,hazard_dense_office,0.0833,0,346.0,450,0.5367,0.2247,1.1646,-2680.12,0.7984
1640,11,hazard_dense_office,0.1667,0,190.5,450,0.4167,0.2431,1.125,-1594.01,0.7935
1641,11,hazard_dense_office,0.3333,0,176.5,450,0.4167,0.2431,1.1251,-2240.57,0.7891
1642,11,hazard_dense_office,0.1667,0,177.5,450,0.4167,0.2431,1.1225,-2185.38,0.7842
1643,11,hazard_dense_office,0.0833,0,141.0,450,0.4467,0.2142,1.1323,-3383.76,0.779
1644,11,hazard_dense_office,0.1667,0,283.5,450,0.6667,0.2222,1.2,-3660.93,0.7739
1645,11,hazard_dense_office,0.0833,0,355.0,450,0.4883,0.2398,1.15,-3647.2,0.7685
1646,11,hazard_dense_office,0.0833,0,378.0,450,0.6041,0.2236,1.1736,-2792.53,0.7631
1647,11,hazard_dense_office,0.0833,0,168.0,450,0.6617,0.2192,1.2,-3001.91,0.7579
1648,11,hazard_dense_office,0.0,0,450,450,0.6817,0.1533,1.2185,-1448.52,0.7524
1649,11,hazard_dense_office,0.0,0,450,450,0.4513,0.1722,1.1399,-944.51,0.7469
1650,11,hazard_dense_office,0.0,0,450,450,0.3455,0.1963,1.0998,-1062.76,0.7414
1651,11,hazard_dense_office,0.0833,0,102.0,450,0.4837,0.223,1.1368,-907.84,0.7363
1652,11,hazard_dense_office,0.0,0,450,450,0.75,0.1875,1.2198,-984.92,0.7308
1653,11,hazard_dense_office,0.1667,0,268.5,450,0.2807,0.1668,1.0843,-629.0,0.7257
1654,11,hazard_dense_office,0.25,0,202.33,450,0.3991,0.2029,1.1138,-303.69,0.721
1655,11,hazard_dense_office,0.1667,0,116.0,450,0.2223,0.136,1.0751,-472.06,0.7162
1656,11,hazard_dense_office,0.3333,0,120.25,450,0.225,0.1377,1.0635,-315.27,0.712
1657,11,hazard_dense_office,0.25,0,107.67,450,0.285,0.1639,1.1,-439.75,0.7076
1658,11,hazard_dense_office,0.25,0,141.0,450,0.1945,0.0984,1.0669,-754.1,0.7031
1659,11,hazard_dense_office,0.25,0,232.67,450,0.03,0.0099,1.0098,-358.39,0.6982
1660,11,hazard_dense_office,0.3333,0,170.25,450,0.3644,0.2121,1.1044,-921.84,0.6939
1661,11,hazard_dense_office,0.1667,0,286.5,450,0.3417,0.2174,1.1021,-946.42,0.6887
1662,11,hazard_dense_office,0.0,0,450,450,0.3733,0.2132,1.1013,-1499.93,0.6833
1663,11,hazard_dense_office,0.0833,0,281.0,450,0.25,0.1875,1.075,-594.54,0.678
1664,11,hazard_dense_office,0.1667,0,374.0,450,0.1033,0.0775,1.0251,-589.03,0.6726
1665,11,hazard_dense_office,0.0,0,450,450,0.2617,0.1832,1.0783,-1386.91,0.6672
1666,11,hazard_dense_office,0.0,0,450,450,0.3117,0.1754,1.0955,-1950.82,0.6617
1667,11,hazard_dense_office,0.0,0,450,450,0.1667,0.1389,1.05,-1575.64,0.6562
1668,11,hazard_dense_office,0.4167,0,186.2,450,0.4167,0.2431,1.125,-2132.3,0.652
1669,11,hazard_dense_office,0.25,0,160.0,450,0.59,0.2358,1.175,-1166.22,0.6474
1670,11,hazard_dense_office,0.25,0,203.67,450,0.4748,0.2137,1.1378,-948.58,0.6427
1671,11,hazard_dense_office,0.3333,0,231.25,450,0.4965,0.2008,1.1528,-646.51,0.6381
1672,11,hazard_dense_office,0.0833,0,113.0,450,0.7367,0.1828,1.225,-2840.33,0.633
1673,11,hazard_dense_office,0.25,0,85.33,450,0.4083,0.2341,1.1249,-1164.29,0.6286
1674,11,hazard_dense_office,0.25,0,63.0,450,0.75,0.1875,1.2229,-2507.76,0.6243
1675,11,hazard_dense_office,0.1667,0,84.5,450,0.5833,0.2431,1.175,-2387.79,0.6196
1676,11,hazard_dense_office,0.3333,0,105.75,450,0.5,0.25,1.15,-1867.74,0.6155
1677,11,hazard_dense_office,0.1667,0,68.5,450,0.7217,0.1822,1.2224,-3301.63,0.6108
1678,11,hazard_dense_office,0.1667,0,107.5,450,0.9167,0.0764,1.2748,-3265.68,0.606
1679,11,hazard_dense_office,0.1667,0,78.5,450,0.475,0.2296,1.15,-2974.17,0.6013
1680,11,hazard_dense_office,0.0833,0,123.0,450,0.6783,0.2082,1.1999,-1876.2,0.5961
1681,11,hazard_dense_office,0.0833,0,123.0,450,0.6667,0.2222,1.2,-3568.66,0.591
1682,11,hazard_dense_office,0.1667,0,51.0,450,0.3833,0.2164,1.1156,-1923.14,0.5863
1683,11,hazard_dense_office,0.0833,0,97.0,450,0.6667,0.2222,1.2,-5722.33,0.5812
1684,11,hazard_dense_office,0.0833,0,232.0,450,0.6667,0.2222,1.2,-6127.81,0.5759
1685,11,hazard_dense_office,0.25,0,79.33,450,0.6667,0.2222,1.1999,-4471.93,0.5716
1686,11,hazard_dense_office,0.3333,0,96.25,450,0.525,0.2319,1.1628,-3731.95,0.5675
1687,11,hazard_dense_office,0.1667,0,103.0,450,0.5,0.25,1.1498,-3379.18,0.5628
1688,11,hazard_dense_office,0.1667,0,126.5,450,0.5417,0.2274,1.1652,-2034.56,0.5579
1689,11,hazard_dense_office,0.0833,0,136.0,450,0.8333,0.1389,1.2499,-2783.89,0.5528
1690,11,hazard_dense_office,0.3333,0,80.5,450,0.4367,0.2308,1.125,-911.6,0.5488
1691,11,hazard_dense_office,0.0,0,450,450,0.775,0.1569,1.225,-2773.94,0.5433
1692,11,hazard_dense_office,0.0833,0,75.0,450,0.6383,0.2122,1.1997,-2051.6,0.5382
1693,11,hazard_dense_office,0.0,0,450,450,0.6449,0.1917,1.2004,-3221.4,0.5327
1694,11,hazard_dense_office,0.25,0,74.0,450,0.4867,0.2386,1.15,-1566.09,0.5284
1695,11,hazard_dense_office,0.25,0,75.67,450,0.5,0.25,1.1492,-1705.07,0.524
1696,11,hazard_dense_office,0.25,0,85.0,450,0.3867,0.2142,1.1248,-967.62,0.5197
1697,11,hazard_dense_office,0.1667,0,59.0,450,0.6238,0.1786,1.1941,-1736.46,0.515
1698,11,hazard_dense_office,0.25,0,77.33,450,0.295,0.1858,1.0875,-1471.47,0.5106
1699,11,hazard_dense_office,0.25,0,85.67,450,0.234,0.1258,1.0757,-466.53,0.5063
1700,11,hazard_dense_office,0.1667,0,61.0,450,0.3917,0.2178,1.125,-778.03,0.5016
1701,11,hazard_dense_office,0.25,0,138.33,450,0.2683,0.1748,1.075,-568.53,0.497
1702,11,hazard_dense_office,0.1667,0,119.5,450,0.4383,0.2162,1.1384,-565.53,0.4922
1703,11,hazard_dense_office,0.1667,0,97.5,450,0.1817,0.1364,1.0552,-465.69,0.4875
1704,11,hazard_dense_office,0.1667,0,96.5,450,0.3467,0.2153,1.1,-880.28,0.4827
1705,11,hazard_dense_office,0.25,0,77.33,450,0.2033,0.1415,1.0638,-499.84,0.4784
1706,11,hazard_dense_office,0.1667,0,92.5,450,0.0,0.0,1.0001,-500.34,0.4736
1707,11,hazard_dense_office,0.0833,0,115.0,450,0.0,0.0,1.0,-560.63,0.4685
1708,11,hazard_dense_office,0.1667,0,44.5,450,0.25,0.1875,1.075,-499.04,0.4638
1709,11,hazard_dense_office,0.1667,0,50.5,450,0.1063,0.0579,1.0361,-416.68,0.4591
1710,11,hazard_dense_office,0.25,0,77.67,450,0.0,0.0,1.0,-342.46,0.4548
1711,11,hazard_dense_office,0.3333,0,76.75,450,0.2447,0.1747,1.0744,-328.22,0.4508
1712,11,hazard_dense_office,0.1667,0,57.0,450,0.1733,0.1372,1.05,-413.47,0.4461
1713,11,hazard_dense_office,0.1667,0,58.5,450,0.3333,0.2222,1.0999,-447.73,0.4415
1714,11,hazard_dense_office,0.25,0,59.67,450,0.0521,0.015,1.0198,-366.16,0.4372
1715,11,hazard_dense_office,0.25,0,74.0,450,0.05,0.0275,1.0205,-302.39,0.4328
1716,11,hazard_dense_office,0.0,0,450,450,0.44,0.2046,1.1348,-763.7,0.4273
1717,11,hazard_dense_office,0.3333,0,162.75,450,0.0,0.0,1.0,-163.39,0.423
1718,11,hazard_dense_office,0.3333,0,73.25,450,0.4367,0.2308,1.125,-149.54,0.4191
1719,11,hazard_dense_office,0.1667,0,106.5,450,0.04,0.008,1.0102,-416.51,0.4143
1720,11,hazard_dense_office,0.3333,0,48.25,450,0.3483,0.2147,1.0999,-293.15,0.4105
1721,11,hazard_dense_office,0.25,0,56.0,450,0.1895,0.0852,1.0472,-297.81,0.4062
1722,11,hazard_dense_office,0.0833,0,113.0,450,0.1267,0.0491,1.0295,-507.22,0.401
1723,11,hazard_dense_office,0.1667,0,52.5,450,0.4212,0.1875,1.1124,-1135.91,0.3964
1724,11,hazard_dense_office,0.0833,0,60.0,450,0.0943,0.0654,1.0331,-1050.94,0.3913
1725,11,hazard_dense_office,0.1667,0,37.0,450,0.1183,0.072,1.0459,-503.71,0.3866
1726,11,hazard_dense_office,0.0833,0,30.0,450,0.375,0.2135,1.1101,-651.24,0.3816
1727,11,hazard_dense_office,0.25,0,77.33,450,0.3333,0.2222,1.1,-315.81,0.3772
1728,11,hazard_dense_office,0.0833,0,58.0,450,0.6967,0.1921,1.2021,-667.23,0.3721
1729,11,hazard_dense_office,0.3333,0,61.25,450,0.2483,0.185,1.072,-172.78,0.3682
1730,11,hazard_dense_office,0.3333,0,114.25,450,0.0,0.0,1.0,-227.94,0.3641
1731,11,hazard_dense_office,0.3333,0,74.0,450,0.46,0.218,1.15,-322.81,0.3602
1732,11,hazard_dense_office,0.25,0,87.0,450,0.575,0.2369,1.175,-620.09,0.3558
1733,11,hazard_dense_office,0.3333,0,183.25,450,0.055,0.0333,1.0253,-195.51,0.3514
1734,11,hazard_dense_office,0.3333,0,124.25,450,0.3333,0.2222,1.1,-688.34,0.3472
1735,11,hazard_dense_office,0.25,0,53.0,450,0.0,0.0,1.0,-225.89,0.343
1736,11,hazard_dense_office,0.4167,0,136.8,450,0.0,0.0,1.0,-25.06,0.3391
1737,11,hazard_dense_office,0.1667,0,192.0,450,0.0,0.0,1.0,-431.71,0.3341
1738,11,hazard_dense_office,0.3333,0,66.75,450,0.1667,0.1389,1.05,-187.47,0.3302
1739,11,hazard_dense_office,0.25,0,77.0,450,0.0,0.0,1.0,-276.25,0.3258
1740,11,hazard_dense_office,0.3333,0,121.75,450,0.0,0.0,1.0,-113.38,0.3217
1741,11,hazard_dense_office,0.4167,0,62.6,450,0.0,0.0,1.0,45.26,0.3182
1742,11,hazard_dense_office,0.25,0,117.67,450,0.25,0.1875,1.075,-256.15,0.3137
1743,11,hazard_dense_office,0.25,0,261.33,450,0.1667,0.1389,1.05,-401.37,0.3088
1744,11,hazard_dense_office,0.3333,0,164.25,450,0.0333,0.0056,1.0081,-161.0,0.3045
1745,11,hazard_dense_office,0.3333,0,127.5,450,0.0,0.0,1.0,-36.33,0.3003
1746,11,hazard_dense_office,0.25,0,51.67,450,0.0791,0.0331,1.0238,-221.62,0.2961
1747,11,hazard_dense_office,0.5,0,118.0,450,0.08,0.0704,1.025,130.58,0.2926
1748,11,hazard_dense_office,0.4167,0,136.8,450,0.0,0.0,1.0,-17.12,0.2887
1749,11,hazard_dense_office,0.4167,0,100.8,450,0.0,0.0,1.0,57.85,0.285
1750,11,hazard_dense_office,0.25,0,103.0,450,0.565,0.2315,1.1723,-427.82,0.2806
1751,11,hazard_dense_office,0.5,0,141.5,450,0.25,0.1875,1.075,-7.83,0.277
1752,11,hazard_dense_office,0.4167,0,153.2,450,0.03,0.0099,1.013,-310.4,0.273
1753,11,hazard_dense_office,0.6667,0,156.88,450,0.0129,0.0008,1.0003,301.66,0.2699
1754,11,hazard_dense_office,0.5,0,166.33,450,0.2467,0.1826,1.0742,-97.11,0.2661
1755,11,hazard_dense_office,0.4167,0,248.6,450,0.1667,0.1389,1.05,-85.81,0.2617
1756,11,hazard_dense_office,0.6667,0,239.0,450,0.1067,0.0428,1.0317,194.39,0.2579
1757,11,hazard_dense_office,0.4167,0,200.2,450,0.3667,0.1943,1.125,-333.74,0.2537
1758,11,hazard_dense_office,0.25,0,65.0,450,0.2883,0.1578,1.0885,-685.18,0.2494
1759,11,hazard_dense_office,0.1667,0,61.5,450,0.2017,0.1235,1.0581,-443.71,0.2447
1760,11,hazard_dense_office,0.3333,0,148.75,450,0.29,0.1755,1.0953,-321.76,0.2404
1761,11,hazard_dense_office,0.25,0,39.67,450,0.4717,0.2305,1.1379,-251.2,0.2362
1762,11,hazard_dense_office,0.6667,0,202.25,450,0.0667,0.0242,1.0228,-15.47,0.2327
1763,11,hazard_dense_office,0.25,0,125.33,450,0.5,0.25,1.1502,-365.14,0.2282
1764,11,hazard_dense_office,0.6667,0,228.12,450,0.0367,0.0148,1.0085,259.84,0.2246
1765,11,hazard_dense_office,0.5833,0,166.86,450,0.2267,0.1585,1.0748,162.59,0.2211
1766,11,hazard_dense_office,0.6667,0,179.62,450,0.1667,0.1389,1.05,161.82,0.2178
1767,11,hazard_dense_office,0.6667,0,209.88,450,0.1667,0.1389,1.05,272.7,0.2143
1768,11,hazard_dense_office,0.5833,0,220.71,450,0.0843,0.0402,1.0363,112.12,0.2104
1769,11,hazard_dense_office,0.6667,0,176.38,450,0.2533,0.1518,1.0692,254.25,0.2072
1770,11,hazard_dense_office,0.5833,0,240.43,450,0.3483,0.2095,1.1001,17.6,0.2032
1771,11,hazard_dense_office,0.5,0,180.5,450,0.3933,0.2218,1.1246,-275.35,0.1993
1772,11,hazard_dense_office,0.5,0,195.67,450,0.195,0.1383,1.0629,-135.19,0.1954
1773,11,hazard_dense_office,0.4167,0,235.8,450,0.1062,0.0424,1.0426,-181.4,0.191
1774,11,hazard_dense_office,0.6667,0,286.88,450,0.1384,0.0531,1.0409,164.41,0.1869
1775,11,hazard_dense_office,0.5833,0,172.57,450,0.2995,0.1605,1.0801,149.86,0.1833
1776,11,hazard_dense_office,0.6667,0,254.12,450,0.0735,0.0314,1.0316,233.36,0.1795
1777,11,hazard_dense_office,0.6667,0,161.12,450,0.005,0.0003,1.0013,349.24,0.1763
1778,11,hazard_dense_office,0.6667,0,195.12,450,0.0045,0.0002,1.0014,320.32,0.1729
1779,11,hazard_dense_office,0.5,0,90.67,450,0.0,0.0,1.0,146.0,0.1696
1780,11,hazard_dense_office,0.5,0,266.0,450,0.0261,0.0059,1.0004,20.96,0.1653
1781,11,hazard_dense_office,0.4167,0,184.6,450,0.03,0.0099,1.0025,-36.0,0.1611
1782,11,hazard_dense_office,0.3333,0,72.0,450,0.155,0.0819,1.0512,-120.3,0.1572
1783,11,hazard_dense_office,0.1667,0,77.0,450,0.3389,0.1791,1.1122,-624.69,0.1525
1784,11,hazard_dense_office,0.4167,0,93.8,450,0.2345,0.1185,1.0811,-25.96,0.1488
1785,11,hazard_dense_office,0.4167,0,233.6,450,0.19,0.1355,1.0596,-232.85,0.1444
1786,11,hazard_dense_office,0.3333,0,219.75,450,0.425,0.2059,1.1367,-519.97,0.1399
1787,11,hazard_dense_office,0.5833,0,210.86,450,0.0105,0.0011,1.0022,-87.23,0.1361
1788,11,hazard_dense_office,0.9167,0,247.73,450,0.0,0.0,1.0,315.52,0.1328
1789,11,hazard_dense_office,0.75,0,82.33,450,0.0267,0.0078,1.0129,549.63,0.1307
1790,11,hazard_dense_office,0.9167,0,179.64,450,0.0,0.0,1.0,641.71,0.1283
1791,11,hazard_dense_office,0.75,0,184.0,450,0.0233,0.006,1.0118,462.42,0.1252
1792,11,hazard_dense_office,0.8333,0,162.7,450,0.0,0.0,1.0,550.86,0.1227
1793,11,hazard_dense_office,0.5,0,112.67,450,0.0629,0.02,1.0182,94.52,0.1192
1794,11,hazard_dense_office,0.75,0,125.33,450,0.0051,0.0003,1.0014,439.64,0.1167
1795,11,hazard_dense_office,0.8333,0,183.0,450,0.0,0.0,1.0,580.28,0.1139
1796,11,hazard_dense_office,0.75,0,177.78,450,0.0961,0.048,1.0191,431.98,0.1109
1797,11,hazard_dense_office,0.8333,0,225.2,450,0.0667,0.0255,1.025,508.89,0.1077
1798,11,hazard_dense_office,0.9167,0,178.55,450,0.0,0.0,1.0,618.4,0.1053
1799,11,hazard_dense_office,0.9167,0,142.45,450,0.0067,0.0005,1.0017,681.49,0.1032
1800,11,hazard_dense_office,0.75,0,204.44,450,0.2562,0.1238,1.0954,318.75,0.1
1801,11,hazard_dense_office,0.75,0,168.78,450,0.4086,0.1845,1.1241,395.57,0.0971
1802,11,hazard_dense_office,1.0,1,149.33,367,0.0,0.0,1.0,797.69,0.0953
1803,11,hazard_dense_office,0.5833,0,180.0,450,0.3467,0.2153,1.1,88.81,0.0917
1804,11,hazard_dense_office,0.5833,0,77.86,450,0.319,0.2047,1.0979,104.52,0.0889
1805,11,hazard_dense_office,0.75,0,137.0,450,0.21,0.1451,1.0629,277.62,0.0863
1806,11,hazard_dense_office,0.75,0,158.78,450,0.335,0.1339,1.1066,353.85,0.0834
1807,11,hazard_dense_office,0.5833,0,142.86,450,0.3417,0.1865,1.1121,27.77,0.0801
1808,11,hazard_dense_office,0.6667,0,152.75,450,0.3333,0.2222,1.1006,245.42,0.0771
1809,11,hazard_dense_office,0.6667,0,172.12,450,0.1175,0.0726,1.0385,280.73,0.0738
1810,11,hazard_dense_office,0.5833,0,211.57,450,0.2167,0.146,1.0685,102.77,0.0701
1811,11,hazard_dense_office,0.6667,0,75.88,450,0.0083,0.0008,1.0,401.6,0.0676
1812,11,hazard_dense_office,1.0,1,221.75,374,0.0201,0.0021,1.0054,665.71,0.0649
1813,11,hazard_dense_office,0.8333,0,194.7,450,0.1592,0.1267,1.0501,502.25,0.062
1814,11,hazard_dense_office,0.8333,0,123.5,450,0.1013,0.0516,1.025,577.22,0.0599
1815,11,hazard_dense_office,0.9167,0,184.64,450,0.0,0.0,1.0,614.27,0.0573
1816,11,hazard_dense_office,0.4167,0,175.2,450,0.4167,0.2431,1.1251,-282.7,0.0533
1817,11,hazard_dense_office,0.5,0,99.83,450,0.3383,0.2192,1.1014,-105.42,0.05
1818,11,hazard_dense_office,0.75,0,157.89,450,0.0033,0.0001,1.0,458.65,0.05
1819,11,hazard_dense_office,0.3333,0,119.25,450,0.5,0.25,1.15,-448.83,0.05
1820,11,hazard_dense_office,0.9167,0,153.91,450,0.0,0.0,1.0,654.65,0.05
1821,11,hazard_dense_office,0.75,0,179.0,450,0.0,0.0,1.0003,331.38,0.05
1822,11,hazard_dense_office,0.5833,0,170.14,450,0.3333,0.2222,1.1,1.1,0.05
1823,11,hazard_dense_office,0.75,0,249.11,450,0.0267,0.0078,1.0129,298.66,0.05
1824,11,hazard_dense_office,0.6667,0,238.75,450,0.0,0.0,1.0002,207.61,0.05
1825,11,hazard_dense_office,0.8333,0,181.7,450,0.0067,0.0005,1.0017,533.68,0.05
1826,11,hazard_dense_office,0.75,0,170.11,450,0.0267,0.0078,1.0099,439.38,0.05
1827,11,hazard_dense_office,0.75,0,205.22,450,0.1667,0.1389,1.0499,289.13,0.05
1828,11,hazard_dense_office,0.8333,0,213.4,450,0.0,0.0,1.0,502.45,0.05
1829,11,hazard_dense_office,1.0,1,243.83,401,0.0228,0.0028,1.0026,604.54,0.05
1830,11,hazard_dense_office,0.8333,0,178.6,450,0.2781,0.1683,1.0854,395.83,0.05
1831,11,hazard_dense_office,0.75,0,177.22,450,0.04,0.0176,1.0061,445.72,0.05
1832,11,hazard_dense_office,0.8333,0,272.2,450,0.1322,0.0755,1.0391,414.25,0.05
1833,11,hazard_dense_office,0.75,0,205.44,450,0.25,0.1875,1.075,248.5,0.05
1834,11,hazard_dense_office,0.9167,0,158.45,450,0.08,0.023,1.0314,684.38,0.05
1835,11,hazard_dense_office,0.8333,0,167.4,450,0.1317,0.0875,1.05,564.05,0.05
1836,11,hazard_dense_office,0.8333,0,163.0,450,0.0,0.0,1.0,579.03,0.05
1837,11,hazard_dense_office,0.9167,0,202.45,450,0.0183,0.0037,1.0081,604.16,0.05
1838,11,hazard_dense_office,0.8333,0,223.2,450,0.1667,0.1389,1.05,458.74,0.05
1839,11,hazard_dense_office,0.8333,0,197.5,450,0.01,0.0011,1.0001,536.87,0.05
1840,11,hazard_dense_office,0.75,0,214.56,450,0.25,0.1875,1.0736,338.79,0.05
1841,11,hazard_dense_office,0.5,0,140.5,450,0.0233,0.0026,1.0062,98.87,0.05
1842,11,hazard_dense_office,0.9167,0,180.27,450,0.0,0.0,1.0,587.23,0.05
1843,11,hazard_dense_office,0.8333,0,139.8,450,0.1667,0.1389,1.05,504.54,0.05
1844,11,hazard_dense_office,0.9167,0,110.55,450,0.08,0.0704,1.025,726.9,0.05
1845,11,hazard_dense_office,0.8333,0,150.3,450,0.1033,0.0775,1.0352,135.04,0.05
1846,11,hazard_dense_office,0.8333,0,225.1,450,0.1667,0.1389,1.05,415.24,0.05
1847,11,hazard_dense_office,0.5,0,152.5,450,0.4167,0.2431,1.125,-66.71,0.05
1848,11,hazard_dense_office,0.6667,0,120.5,450,0.18,0.1364,1.05,347.52,0.05
1849,11,hazard_dense_office,0.6667,0,157.5,450,0.2556,0.1383,1.0825,313.04,0.05
1850,11,hazard_dense_office,0.9167,0,156.36,450,0.19,0.1184,1.0637,667.7,0.05
1851,11,hazard_dense_office,1.0,1,201.67,364,0.0692,0.0194,1.0256,700.45,0.05
1852,11,hazard_dense_office,0.9167,0,119.55,450,0.025,0.0069,1.0131,711.48,0.05
1853,12,library_hard,0.0,0,450,450,0.0,0.0,1.0,-607.24,0.9945
1854,12,library_hard,0.0833,0,5.0,450,0.0,0.0,1.0,-562.96,0.9895
1855,12,library_hard,0.0833,0,14.0,450,0.1467,0.1078,1.0498,-951.97,0.9845
1856,12,library_hard,0.0,0,450,450,0.0,0.0,1.0,-593.02,0.979
1857,12,library_hard,0.0,0,450,450,0.0,0.0,1.0,-597.34,0.9735
1858,12,library_hard,0.0833,0,6.0,450,0.0,0.0,1.0,-429.61,0.9685
1859,12,library_hard,0.0833,0,13.0,450,0.0,0.0,1.0,-445.34,0.9634
1860,12,library_hard,0.0833,0,16.0,450,0.0,0.0,1.0,-463.45,0.9584
1861,12,library_hard,0.0833,0,5.0,450,0.0567,0.0353,1.025,-920.37,0.9534
1862,12,library_hard,0.0833,0,5.0,450,0.0,0.0,1.0,-424.05,0.9483
1863,12,library_hard,0.0,0,450,450,0.0833,0.0764,1.025,-1064.44,0.9428
1864,12,library_hard,0.0833,0,4.0,450,0.0,0.0,1.0,-532.08,0.9378
1865,12,library_hard,0.0833,0,46.0,450,0.0,0.0,1.0,-474.98,0.9327
1866,12,library_hard,0.0833,0,15.0,450,0.0,0.0,1.0,-510.7,0.9277
1867,12,library_hard,0.0833,0,5.0,450,0.0,0.0,1.0,-445.92,0.9227
1868,12,library_hard,0.0833,0,4.0,450,0.0,0.0,1.0,-439.55,0.9177
1869,12,library_hard,0.0833,0,54.0,450,0.0,0.0,1.0,-1009.66,0.9126
1870,12,library_hard,0.0,0,450,450,0.0,0.0,1.0,-567.73,0.9071
1871,12,library_hard,0.0833,0,15.0,450,0.0,0.0,1.0,-413.92,0.9021
1872,12,library_hard,0.0833,0,31.0,450,0.0,0.0,1.0,-426.87,0.897
1873,12,library_hard,0.0833,0,21.0,450,0.03,0.0099,1.0025,-411.66,0.892
1874,12,library_hard,0.0833,0,34.0,450,0.0533,0.0313,1.0125,-422.21,0.8869
1875,12,library_hard,0.0833,0,7.0,450,0.0,0.0,1.0,-369.34,0.8819
1876,12,library_hard,0.0,0,450,450,0.0,0.0,1.0,-548.51,0.8764
1877,12,library_hard,0.0833,0,5.0,450,0.0,0.0,1.0,-398.21,0.8714
1878,12,library_hard,0.0833,0,5.0,450,0.0,0.0,1.0,-436.31,0.8663
1879,12,library_hard,0.0,0,450,450,0.0,0.0,1.0,-549.29,0.8608
1880,12,library_hard,0.0833,0,5.0,450,0.0,0.0,1.0,-365.5,0.8558
1881,12,library_hard,0.1667,0,185.5,450,0.0,0.0,1.0,-305.69,0.8509
1882,12,library_hard,0.1667,0,258.0,450,0.0,0.0,1.0,-332.99,0.8458
1883,12,library_hard,0.0,0,450,450,0.0,0.0,1.0,-534.89,0.8403
1884,12,library_hard,0.1667,0,71.5,450,0.0,0.0,1.0,-297.65,0.8356
1885,12,library_hard,0.1667,0,184.5,450,0.0,0.0,1.0,-310.77,0.8306
1886,12,library_hard,0.0833,0,10.0,450,0.0,0.0,1.0,-402.99,0.8256
1887,12,library_hard,0.1667,0,198.5,450,0.0,0.0,1.0,-301.44,0.8206
1888,12,library_hard,0.1667,0,151.0,450,0.0,0.0,1.0,-305.93,0.8158
1889,12,library_hard,0.25,0,210.33,450,0.0,0.0,1.0,-198.38,0.811
1890,12,library_hard,0.1667,0,182.5,450,0.0,0.0,1.0,-351.18,0.8061
1891,12,library_hard,0.0833,0,15.0,450,0.0,0.0,1.0,-916.7,0.801
1892,12,library_hard,0.1667,0,148.5,450,0.0,0.0,1.0,-345.62,0.7962
1893,12,library_hard,0.1667,0,68.5,450,0.1044,0.0778,1.037,-360.62,0.7915
1894,12,library_hard,0.1667,0,165.0,450,0.0833,0.0764,1.0249,-389.85,0.7866
1895,12,library_hard,0.0,0,450,450,0.0833,0.0764,1.025,-961.71,0.7811
1896,12,library_hard,0.1667,0,247.5,450,0.0,0.0,1.0,-306.67,0.776
1897,12,library_hard,0.25,0,105.0,450,0.0833,0.0764,1.025,-455.87,0.7716
1898,12,library_hard,0.1667,0,322.0,450,0.0,0.0,1.0,-606.84,0.7664
1899,12,library_hard,0.25,0,193.0,450,0.0833,0.0764,1.0209,-279.06,0.7617
1900,12,library_hard,0.1667,0,279.0,450,0.0,0.0,1.0,-373.18,0.7565
1901,12,library_hard,0.0833,0,116.0,450,0.0,0.0,1.0,-528.48,0.7514
1902,12,library_hard,0.0833,0,214.0,450,0.1383,0.1005,1.0346,-756.74,0.7461
1903,12,library_hard,0.4167,0,178.4,450,0.0783,0.0675,1.025,-110.06,0.742
1904,12,library_hard,0.3333,0,282.25,450,0.0367,0.0148,1.0049,-168.47,0.7372
1905,12,library_hard,0.4167,0,186.8,450,0.0133,0.002,1.0,35.6,0.7331
1906,12,library_hard,0.4167,0,206.6,450,0.0783,0.0675,1.025,-132.0,0.7288
1907,12,library_hard,0.3333,0,223.0,450,0.1333,0.0922,1.05,-316.27,0.7243
1908,12,library_hard,0.25,0,159.67,450,0.1417,0.0924,1.0336,-435.41,0.7197
1909,12,library_hard,0.25,0,219.67,450,0.1667,0.1389,1.0501,-231.28,0.7149
1910,12,library_hard,0.4167,0,248.0,450,0.0683,0.0374,1.025,-43.02,0.7105
1911,12,library_hard,0.4167,0,315.0,450,0.0,0.0,1.0,-133.18,0.7057
1912,12,library_hard,0.3333,0,94.5,450,0.14,0.1013,1.0499,-166.72,0.7016
1913,12,library_hard,0.5,0,284.33,450,0.0,0.0,1.0,99.84,0.6972
1914,12,library_hard,0.4167,0,229.4,450,0.0,0.0,1.0,1.45,0.6928
1915,12,library_hard,0.5833,0,244.14,450,0.0,0.0,1.0,188.95,0.6888
1916,12,library_hard,0.5,0,198.5,450,0.1033,0.0615,1.0313,114.33,0.6848
1917,12,library_hard,0.5,0,191.33,450,0.0,0.0,1.0,135.36,0.6809
1918,12,library_hard,0.4167,0,245.4,450,0.0,0.0,1.0003,27.43,0.6765
1919,12,library_hard,0.6667,0,211.25,450,0.0317,0.011,1.0133,333.45,0.6729
1920,12,library_hard,0.5,0,206.0,450,0.0,0.0,1.0,183.0,0.6689
1921,12,library_hard,0.5833,0,181.71,450,0.0,0.0,1.0,288.1,0.6654
1922,12,library_hard,0.5833,0,202.29,450,0.0,0.0,1.0,222.51,0.6616
1923,12,library_hard,0.3333,0,196.5,450,0.1517,0.0912,1.0486,-62.23,0.6572
1924,12,library_hard,0.5833,0,218.43,450,0.0,0.0,1.0,258.08,0.6534
1925,12,library_hard,0.5833,0,221.57,450,0.0,0.0,1.0002,252.23,0.6495
1926,12,library_hard,0.5833,0,194.86,450,0.0,0.0,1.0002,258.68,0.6458
1927,12,library_hard,0.5833,0,249.86,450,0.0,0.0,1.0,247.15,0.6418
1928,12,library_hard,0.6667,0,189.12,450,0.0,0.0,1.0,398.78,0.6384
1929,12,library_hard,0.6667,0,190.0,450,0.0,0.0,1.0,379.12,0.635
1930,12,library_hard,0.5833,0,251.57,450,0.0,0.0,1.0,238.74,0.631
1931,12,library_hard,0.1667,0,319.0,450,0.22,0.1524,1.075,-312.61,0.6258
1932,12,library_hard,0.5833,0,205.0,450,0.0,0.0,1.0,215.17,0.622
1933,12,library_hard,0.4167,0,194.0,450,0.0,0.0,1.0,36.76,0.6178
1934,12,library_hard,0.5,0,224.5,450,0.0,0.0,1.0,155.58,0.6137
1935,12,library_hard,0.4167,0,220.2,450,0.0,0.0,1.0,52.76,0.6094
1936,12,library_hard,0.5833,0,195.43,450,0.0533,0.0313,1.025,213.78,0.6057
1937,12,library_hard,0.75,0,205.56,450,0.0017,0.0,1.0009,505.48,0.6025
1938,12,library_hard,0.5,0,222.83,450,0.0267,0.0078,1.0128,164.2,0.5984
1939,12,library_hard,0.5,0,201.33,450,0.0,0.0,1.0,174.96,0.5944
1940,12,library_hard,0.4167,0,264.8,450,0.0483,0.0257,1.0189,18.11,0.5899
1941,12,library_hard,0.4167,0,243.8,450,0.0833,0.0764,1.025,-96.21,0.5855
1942,12,library_hard,0.5833,0,267.14,450,0.0833,0.0764,1.025,99.21,0.5813
1943,12,library_hard,0.5833,0,228.43,450,0.1283,0.0912,1.0373,66.75,0.5774
1944,12,library_hard,0.5833,0,194.71,450,0.105,0.0611,1.0379,146.05,0.5737
1945,12,library_hard,0.6667,0,247.88,450,0.015,0.0025,1.0052,340.44,0.5699
1946,12,library_hard,0.6667,0,211.5,450,0.0,0.0,1.0,329.18,0.5663
1947,12,library_hard,0.6667,0,224.62,450,0.13,0.0926,1.0426,132.74,0.5627
1948,12,library_hard,0.5833,0,224.57,450,0.1117,0.0661,1.0362,188.59,0.5588
1949,12,library_hard,0.5,0,149.5,450,0.1,0.0767,1.0313,-21.53,0.5551
1950,12,library_hard,0.25,0,97.67,450,0.0,0.0,1.0,-182.91,0.5507
1951,12,library_hard,0.3333,0,212.0,450,0.0,0.0,1.0,-101.21,0.5462
1952,12,library_hard,0.4167,0,164.6,450,0.1267,0.0898,1.0353,-140.25,0.5422
1953,12,library_hard,0.5833,0,182.57,450,0.06,0.0396,1.0134,216.14,0.5386
1954,12,library_hard,0.5,0,145.0,450,0.035,0.0135,1.0113,167.73,0.535
1955,12,library_hard,0.5,0,196.17,450,0.055,0.0333,1.025,102.12,0.531
1956,12,library_hard,0.4167,0,150.0,450,0.0517,0.0294,1.0225,-36.86,0.5271
1957,12,library_hard,0.5833,0,214.0,450,0.0683,0.0514,1.0249,196.12,0.5233
1958,12,library_hard,0.6667,0,169.62,450,0.0833,0.0764,1.025,304.78,0.5201
1959,12,library_hard,0.6667,0,138.38,450,0.0,0.0,1.0,427.98,0.5171
1960,12,library_hard,0.75,0,190.44,450,0.0833,0.0764,1.025,429.24,0.514
1961,12,library_hard,0.75,0,183.56,450,0.0,0.0,1.0,509.13,0.511
1962,12,library_hard,0.6667,0,154.88,450,0.055,0.0333,1.025,324.59,0.5079
1963,12,library_hard,0.6667,0,212.12,450,0.0,0.0,1.0,366.36,0.5043
1964,12,library_hard,0.8333,0,223.3,450,0.0,0.0,1.0,593.58,0.5011
1965,12,library_hard,0.6667,0,146.88,450,0.0,0.0,1.0,424.43,0.4981
1966,12,library_hard,0.8333,0,157.9,450,0.0,0.0,1.0,661.1,0.4956
1967,12,library_hard,0.6667,0,137.88,450,0.0,0.0,1.0,417.65,0.4927
1968,12,library_hard,0.75,0,214.44,450,0.0,0.0,1.0,486.05,0.4893
1969,12,library_hard,0.8333,0,216.3,450,0.0,0.0,1.0,639.28,0.4862
1970,12,library_hard,0.8333,0,204.4,450,0.0,0.0,1.0,627.87,0.4832
1971,12,library_hard,0.75,0,183.56,450,0.0,0.0,1.0,513.74,0.4802
1972,12,library_hard,0.75,0,237.67,450,0.0,0.0,1.0,491.48,0.4767
1973,12,library_hard,0.8333,0,157.3,450,0.0,0.0,1.0,673.57,0.4741
1974,12,library_hard,0.8333,0,179.9,450,0.0,0.0,1.0,637.9,0.4714
1975,12,library_hard,0.8333,0,174.0,450,0.0,0.0,1.0,649.25,0.4687
1976,12,library_hard,0.6667,0,190.88,450,0.0,0.0,1.0,383.31,0.4653
1977,12,library_hard,0.8333,0,187.3,450,0.0,0.0,1.0,628.25,0.4625
1978,12,library_hard,0.75,0,164.89,450,0.0,0.0,1.0,528.58,0.4597
1979,12,library_hard,0.75,0,173.89,450,0.0,0.0,1.0,565.11,0.4567
1980,12,library_hard,0.8333,0,162.4,450,0.0,0.0,1.0,661.31,0.4541
1981,12,library_hard,0.6667,0,191.62,450,0.0,0.0,1.0,391.16,0.4508
1982,12,library_hard,0.9167,0,199.64,450,0.0,0.0,1.0,735.63,0.4481
1983,12,library_hard,0.75,0,162.44,450,0.0,0.0,1.0,549.38,0.4452
1984,12,library_hard,0.75,0,162.11,450,0.0,0.0,1.0,536.25,0.4424
1985,12,library_hard,0.75,0,126.89,450,0.0,0.0,1.0,549.76,0.4398
1986,12,library_hard,0.9167,0,176.09,450,0.0,0.0,1.0,738.33,0.4374
1987,12,library_hard,0.8333,0,185.5,450,0.0,0.0,1.0,635.9,0.4346
1988,12,library_hard,0.9167,0,153.55,450,0.0,0.0,1.0,782.33,0.4324
1989,12,library_hard,0.8333,0,131.0,450,0.0,0.0,1.0,670.43,0.4302
1990,12,library_hard,0.75,0,120.33,450,0.0,0.0,1.0,555.97,0.4277
1991,12,library_hard,0.75,0,173.89,450,0.0,0.0,1.0,527.6,0.4248
1992,12,library_hard,0.75,0,167.33,450,0.0,0.0,1.0,570.04,0.4219
1993,12,library_hard,0.8333,0,168.4,450,0.0,0.0,1.0,671.25,0.4192
1994,12,library_hard,0.8333,0,148.4,450,0.0,0.0,1.0,651.79,0.4168
1995,12,library_hard,0.6667,0,176.25,450,0.0,0.0,1.0,395.68,0.4136
1996,12,library_hard,0.6667,0,216.12,450,0.0,0.0,1.0,344.42,0.41
1997,12,library_hard,0.75,0,175.56,450,0.0,0.0,1.0,511.7,0.407
1998,12,library_hard,0.5,0,181.0,450,0.0,0.0,1.0,100.82,0.4032
1999,12,library_hard,0.75,0,164.78,450,0.0,0.0,1.0,522.09,0.4003
2000,12,library_hard,0.8333,0,155.7,450,0.0,0.0,1.0,658.32,0.3978
2001,12,library_hard,0.5833,0,198.86,450,0.0,0.0,1.0,300.22,0.3941
2002,12,library_hard,0.6667,0,207.75,450,0.0,0.0,1.0,380.77,0.3906
2003,12,library_hard,0.8333,0,190.5,450,0.0,0.0,1.0,633.13,0.3877
2004,12,library_hard,0.8333,0,130.4,450,0.0,0.0,1.0,697.29,0.3855
2005,12,library_hard,0.8333,0,160.2,450,0.0,0.0,1.0,574.23,0.383
2006,12,library_hard,0.75,0,128.22,450,0.0833,0.0764,1.025,368.29,0.3804
2007,12,library_hard,0.8333,0,139.9,450,0.0,0.0,1.0,606.18,0.3781
2008,12,library_hard,0.75,0,120.0,450,0.0,0.0,1.0,554.46,0.3756
2009,12,library_hard,0.75,0,118.67,450,0.0,0.0,1.0,548.15,0.3732
2010,12,library_hard,0.9167,0,138.45,450,0.0,0.0,1.0,801.06,0.3712
2011,12,library_hard,0.75,0,170.89,450,0.0,0.0,1.0,519.39,0.3682
2012,12,library_hard,0.75,0,188.44,450,0.0,0.0,1.0,506.63,0.3652
2013,12,library_hard,0.9167,0,167.91,450,0.0,0.0,1.0,761.21,0.3628
2014,12,library_hard,0.8333,0,138.9,450,0.0,0.0,1.0,677.78,0.3605
2015,12,library_hard,0.9167,0,154.82,450,0.0,0.0,1.0,774.99,0.3583
2016,12,library_hard,0.9167,0,193.64,450,0.0,0.0,1.0,723.09,0.3557
2017,12,library_hard,0.9167,0,155.0,450,0.0,0.0,1.0,778.42,0.3535
2018,12,library_hard,0.8333,0,134.7,450,0.0,0.0,1.0,668.69,0.3512
2019,12,library_hard,0.75,0,115.78,450,0.0,0.0,1.0,554.48,0.3488
2020,12,library_hard,0.75,0,134.89,450,0.0,0.0,1.0,553.25,0.3462
2021,12,library_hard,0.8333,0,150.9,450,0.0,0.0,1.0,672.6,0.3437
2022,12,library_hard,0.8333,0,154.4,450,0.0,0.0,1.0,686.7,0.3413
2023,12,library_hard,0.8333,0,130.0,450,0.0,0.0,1.0,695.02,0.339
2024,12,library_hard,0.9167,0,169.45,450,0.0,0.0,1.0,717.22,0.3367
2025,12,library_hard,0.75,0,131.44,450,0.0717,0.0565,1.0234,485.03,0.3341
2026,12,library_hard,0.8333,0,150.6,450,0.0,0.0,1.0,687.93,0.3317
2027,12,library_hard,0.8333,0,168.5,450,0.0,0.0,1.0,653.76,0.3291
